时间(ms),颗粒温度(K),火焰温度(K),颗粒半径(um),氧化层厚度(um),火焰半径(um),Mg质量(ug),MgO质量(ug),碳质量(ug),对流换热(W),辐射换热(W),反应热(W),表面反应热(W),总热量(W),Mg质量变化率(ug/s),MgO质量变化率(ug/s),C质量变化率(ug/s),Mg核半径变化率(um/s),颗粒半径变化率(um/s)
0,300,NaN,37.545,0.999999999999997,NaN,0.000355731035249813,6.29489221082413e-05,0,0.0168314701170812,0.00491277701056553,0,0,0.0217442471276468,0,0,0,0,0
0.1,305.140393175467,NaN,37.545,0.999999999999997,NaN,0.000355731035249813,6.29489221082413e-05,0,0.0167635043872125,0.00491231933973303,0,0,0.0216758237269455,0,0,0,0,0
0.2,310.264608112717,NaN,37.545,0.999999999999997,NaN,0.000355731035249813,6.29489221082413e-05,0,0.0166957525642825,0.004911839498413,0,0,0.0216075920626955,0,0,0,0,0
0.3,315.372690070353,NaN,37.545,0.999999999999997,NaN,0.000355731035249813,6.29489221082413e-05,0,0.016628214049887,0.00491133691073892,0,0,0.0215395509606259,0,0,0,0,0
0.4,320.464684029598,NaN,37.545,0.999999999999997,NaN,0.000355731035249813,6.29489221082413e-05,0,0.0165608882492889,0.00491081100123547,0,0,0.0214716992505243,0,0,0,0,0
0.5,325.540634696164,NaN,37.545,0.999999999999997,NaN,0.000355731035249813,6.29489221082413e-05,0,0.016493774571394,0.00491026119505521,0,0,0.0214040357664493,0,0,0,0,0
0.6,330.600586500253,NaN,37.545,0.999999999999997,NaN,0.000355731035249813,6.29489221082413e-05,0,0.0164268724287512,0.00490968691820953,0,0,0.0213365593469607,0,0,0,0,0
0.7,335.644583761037,NaN,37.545,0.999999999999997,NaN,0.000355731035249813,6.29489221082413e-05,0,0.0163601812353768,0.00490908759777387,0,0,0.0212692688331507,0,0,0,0,0
0.8,340.672670443885,NaN,37.545,0.999999999999997,NaN,0.000355731035249813,6.29489221082413e-05,0,0.0162937004099656,0.00490846266213369,0,0,0.0212021630720993,0,0,0,0,0
0.9,345.684890052715,NaN,37.545,0.999999999999997,NaN,0.000355731035249813,6.29489221082413e-05,0,0.0162274293773134,0.00490781154121484,0,0,0.0211352409185283,0,0,0,0,0
1,350.681285839527,NaN,37.545,0.999999999999997,NaN,0.000355731035249813,6.29489221082413e-05,0,0.0161613675655469,0.00490713366666856,0,0,0.0210685012322154,0,0,0,0,0
1.1,355.661900804404,NaN,37.545,0.999999999999997,NaN,0.000355731035249813,6.29489221082413e-05,0,0.0160955144061234,0.00490642847207439,0,0,0.0210019428781978,0,0,0,0,0
1.2,360.62677769551,NaN,37.545,0.999999999999997,NaN,0.000355731035249813,6.29489221082413e-05,0,0.0160298693338315,0.00490569539313785,0,0,0.0209355647269693,0,0,0,0,0
1.3,365.575959009094,NaN,37.545,0.999999999999997,NaN,0.000355731035249813,6.29489221082413e-05,0,0.0159644317867902,0.00490493386788299,0,0,0.0208693656546732,0,0,0,0,0
1.4,370.509486989485,NaN,37.545,0.999999999999997,NaN,0.000355731035249813,6.29489221082413e-05,0,0.0158992012064495,0.00490414333683991,0,0,0.0208033445432894,0,0,0,0,0
1.5,375.427403629095,NaN,37.545,0.999999999999997,NaN,0.000355731035249813,6.29489221082413e-05,0,0.0158341770375902,0.00490332324322743,0,0,0.0207375002808176,0,0,0,0,0
1.6,380.329750668419,NaN,37.545,0.999999999999997,NaN,0.000355731035249813,6.29489221082413e-05,0,0.0157693587283239,0.00490247303313088,0,0,0.0206718317614548,0,0,0,0,0
1.7,385.216569596034,NaN,37.545,0.999999999999997,NaN,0.000355731035249813,6.29489221082413e-05,0,0.0157047457300932,0.00490159215567514,0,0,0.0206063378857683,0,0,0,0,0
1.8,390.087901648599,NaN,37.545,0.999999999999997,NaN,0.000355731035249813,6.29489221082413e-05,0,0.0156403374976712,0.00490068006319318,0,0,0.0205410175608644,0,0,0,0,0
1.9,394.943787810856,NaN,37.545,0.999999999999997,NaN,0.000355731035249813,6.29489221082413e-05,0,0.0155761334891622,0.00489973621138994,0,0,0.0204758697005521,0,0,0,0,0
2,399.784268815629,NaN,37.545,0.999999999999997,NaN,0.000355731035249813,6.29489221082413e-05,0,0.0155121331660011,0.00489876005950184,0,0,0.0204108932255029,0,0,0,0,0
2.1,404.609385143824,NaN,37.545,0.999999999999997,NaN,0.000355731035249813,6.29489221082413e-05,0,0.0154483359929536,0.00489775107045194,0,0,0.0203460870634055,0,0,0,0,0
2.2,409.419177024431,NaN,37.545,0.999999999999997,NaN,0.000355731035249813,6.29489221082413e-05,0,0.0153847414381163,0.0048967087110008,0,0,0.0202814501491171,0,0,0,0,0
2.3,414.213684434521,NaN,37.545,0.999999999999997,NaN,0.000355731035249813,6.29489221082413e-05,0,0.0153213489729167,0.00489563245189323,0,0,0.02021698142481,0,0,0,0,0
2.4,418.992947099247,NaN,37.545,0.999999999999997,NaN,0.000355731035249813,6.29489221082413e-05,0,0.0152581580721131,0.00489452176800092,0,0,0.020152679840114,0,0,0,0,0
2.5,423.757004491845,NaN,37.545,0.999999999999997,NaN,0.000355731035249813,6.29489221082413e-05,0,0.0151951682137945,0.00489337613846105,0,0,0.0200885443522556,0,0,0,0,0
2.6,428.505895833634,NaN,37.545,0.999999999999997,NaN,0.000355731035249813,6.29489221082413e-05,0,0.0151323788793809,0.00489219504681103,0,0,0.0200245739261919,0,0,0,0,0
2.7,433.239660094014,NaN,37.545,0.999999999999997,NaN,0.000355731035249813,6.29489221082413e-05,0,0.0150697895536229,0.00489097798111939,0,0,0.0199607675347423,0,0,0,0,0
2.8,437.958335990468,NaN,37.545,0.999999999999997,NaN,0.000355731035249813,6.29489221082413e-05,0,0.0150073997246022,0.00488972443411289,0,0,0.0198971241587151,0,0,0,0,0
2.9,442.661961988563,NaN,37.545,0.999999999999997,NaN,0.000355731035249813,6.29489221082413e-05,0,0.0149452088837311,0.00488843390329996,0,0,0.0198336427870311,0,0,0,0,0
3,447.350576301946,NaN,37.545,0.999999999999997,NaN,0.000355731035249813,6.29489221082413e-05,0,0.0148832165257529,0.0048871058910906,0,0,0.0197703224168435,0,0,0,0,0
3.1,452.024216892347,NaN,37.545,0.999999999999997,NaN,0.000355731035249813,6.29489221082413e-05,0,0.0148214221487417,0.00488573990491264,0,0,0.0197071620536543,0,0,0,0,0
3.2,456.682943769835,NaN,37.545,0.999999999999997,NaN,0.000355731035249813,6.29489221082413e-05,0,0.0147598249592507,0.00488433545049812,0,0,0.0196441604097488,0,0,0,0,0
3.3,461.326814300619,NaN,37.545,0.999999999999997,NaN,0.000355731035249813,6.29489221082413e-05,0,0.01469842419879,0.00488289203873263,0,0,0.0195813162375226,0,0,0,0,0
3.4,465.955862221082,NaN,37.545,0.999999999999997,NaN,0.000355731035249813,6.29489221082413e-05,0,0.0146372194213007,0.00488140919266388,0,0,0.0195186286139646,0,0,0,0,0
3.5,470.570121173439,NaN,37.545,0.999999999999997,NaN,0.000355731035249813,6.29489221082413e-05,0,0.0145762101819692,0.00487988644083083,0,0,0.0194560966228,0,0,0,0,0
3.6,475.169624705738,NaN,37.545,0.999999999999997,NaN,0.000355731035249813,6.29489221082413e-05,0,0.0145153960372266,0.00487832331736113,0,0,0.0193937193545877,0,0,0,0,0
3.7,479.754406271864,NaN,37.545,0.999999999999997,NaN,0.000355731035249813,6.29489221082413e-05,0,0.0144547765447493,0.0048767193620652,0,0,0.0193314959068145,0,0,0,0,0
3.8,484.324499231533,NaN,37.545,0.999999999999997,NaN,0.000355731035249813,6.29489221082413e-05,0,0.0143943512634587,0.00487507412052694,0,0,0.0192694253839856,0,0,0,0,0
3.9,488.879936850296,NaN,37.545,0.999999999999997,NaN,0.000355731035249813,6.29489221082413e-05,0,0.0143341197535212,0.00487338714419099,0,0,0.0192075068977122,0,0,0,0,0
4,493.420752299538,NaN,37.545,0.999999999999997,NaN,0.000355731035249813,6.29489221082413e-05,0,0.0142740815763483,0.0048716579904469,0,0,0.0191457395667952,0,0,0,0,0
4.1,497.946978656477,NaN,37.545,0.999999999999997,NaN,0.000355731035249813,6.29489221082413e-05,0,0.0142142362945965,0.00486988622270988,0,0,0.0190841225173064,0,0,0,0,0
4.2,502.458648904165,NaN,37.545,0.999999999999997,NaN,0.000355731035249813,6.29489221082413e-05,0,0.0141545834721676,0.00486807141049861,0,0,0.0190226548826662,0,0,0,0,0
4.3,506.95579593149,NaN,37.545,0.999999999999997,NaN,0.000355731035249813,6.29489221082413e-05,0,0.014095122674208,0.00486621312950981,0,0,0.0189613358037178,0,0,0,0,0
4.4,511.438452533171,NaN,37.545,0.999999999999997,NaN,0.000355731035249813,6.29489221082413e-05,0,0.0140358534671095,0.00486431096168982,0,0,0.0189001644287994,0,0,0,0,0
4.5,515.906651409761,NaN,37.545,0.999999999999997,NaN,0.000355731035249813,6.29489221082413e-05,0,0.013976775418509,0.00486236449530325,0,0,0.0188391399138122,0,0,0,0,0
4.6,520.36042516765,NaN,37.545,0.999999999999997,NaN,0.000355731035249813,6.29489221082413e-05,0,0.0139178880972881,0.00486037332499864,0,0,0.0187782614222868,0,0,0,0,0
4.7,524.799806319059,NaN,37.545,0.999999999999997,NaN,0.000355731035249813,6.29489221082413e-05,0,0.0138591910735739,0.0048583370518713,0,0,0.0187175281254452,0,0,0,0,0
4.8,529.224827282043,NaN,37.545,0.999999999999997,NaN,0.000355731035249813,6.29489221082413e-05,0,0.0138006839187381,0.00485625528352334,0,0,0.0186569392022614,0,0,0,0,0
4.9,533.635520380492,NaN,37.545,0.999999999999997,NaN,0.000355731035249813,6.29489221082413e-05,0,0.0137423662053978,0.00485412763412092,0,0,0.0185964938395187,0,0,0,0,0
5,538.03191784413,NaN,37.545,0.999999999999997,NaN,0.000355731035249813,6.29489221082413e-05,0,0.0136842375074151,0.00485195372444882,0,0,0.0185361912318639,0,0,0,0,0
5.1,542.414051808514,NaN,37.545,0.999999999999997,NaN,0.000355731035249813,6.29489221082413e-05,0,0.013626297399897,0.00484973318196231,0,0,0.0184760305818593,0,0,0,0,0
5.2,546.781954315034,NaN,37.545,0.999999999999997,NaN,0.000355731035249813,6.29489221082413e-05,0,0.0135685454591956,0.00484746564083652,0,0,0.0184160111000321,0,0,0,0,0
5.3,551.135657310916,NaN,37.545,0.999999999999997,NaN,0.000355731035249813,6.29489221082413e-05,0,0.0135109812629082,0.00484515074201318,0,0,0.0183561320049214,0,0,0,0,0
5.4,555.47519264922,NaN,37.545,0.999999999999997,NaN,0.000355731035249813,6.29489221082413e-05,0,0.0134536043898771,0.00484278813324487,0,0,0.0182963925231219,0,0,0,0,0
5.5,559.800592088836,NaN,37.545,0.999999999999997,NaN,0.000355731035249813,6.29489221082413e-05,0,0.0133964144201894,0.00484037746913683,0,0,0.0182367918893263,0,0,0,0,0
5.6,564.111887294493,NaN,37.545,0.999999999999997,NaN,0.000355731035249813,6.29489221082413e-05,0,0.0133394109351777,0.0048379184111864,0,0,0.0181773293463641,0,0,0,0,0
5.7,568.40910983675,NaN,37.545,0.999999999999997,NaN,0.000355731035249813,6.29489221082413e-05,0,0.0132825935174193,0.00483541062782006,0,0,0.0181180041452394,0,0,0,0,0
5.8,572.692291192003,NaN,37.545,0.999999999999997,NaN,0.000355731035249813,6.29489221082413e-05,0,0.0132259617507367,0.0048328537944282,0,0,0.0180588155451649,0,0,0,0,0
5.9,576.961462742478,NaN,37.545,0.999999999999997,NaN,0.000355731035249813,6.29489221082413e-05,0,0.0131695152201974,0.0048302475933976,0,0,0.017999762813595,0,0,0,0,0
6,581.216655776239,NaN,37.545,0.999999999999997,NaN,0.000355731035249813,6.29489221082413e-05,0,0.013113253512114,0.00482759171414173,0,0,0.0179408452262557,0,0,0,0,0
6.1,585.457901487181,NaN,37.545,0.999999999999997,NaN,0.000355731035249813,6.29489221082413e-05,0,0.0130571762140441,0.00482488585312885,0,0,0.017882062067173,0,0,0,0,0
6.2,589.685230975035,NaN,37.545,0.999999999999997,NaN,0.000355731035249813,6.29489221082413e-05,0,0.0130012829147905,0.00482212971390799,0,0,0.0178234126286985,0,0,0,0,0
6.3,593.898675245363,NaN,37.545,0.999999999999997,NaN,0.000355731035249813,6.29489221082413e-05,0,0.0129455732044009,0.00481932300713288,0,0,0.0177648962115338,0,0,0,0,0
6.4,598.098265209563,NaN,37.545,0.999999999999997,NaN,0.000355731035249813,6.29489221082413e-05,0,0.012890046674168,0.00481646545058382,0,0,0.0177065121247518,0,0,0,0,0
6.5,602.284031684868,NaN,37.545,0.999999999999997,NaN,0.000355731035249813,6.29489221082413e-05,0,0.0128347029166298,0.00481355676918755,0,0,0.0176482596858173,0,0,0,0,0
6.6,606.456005394341,NaN,37.545,0.999999999999997,NaN,0.000355731035249813,6.29489221082413e-05,0,0.0127795415255691,0.00481059669503517,0,0,0.0175901382206043,0,0,0,0,0
6.7,610.614216966883,NaN,37.545,0.999999999999997,NaN,0.000355731035249813,6.29489221082413e-05,0,0.0127245620960139,0.00480758496739814,0,0,0.0175321470634121,0,0,0,0,0
6.8,614.758696937227,NaN,37.545,0.999999999999997,NaN,0.000355731035249813,6.29489221082413e-05,0,0.0126697642242373,0.00480452133274244,0,0,0.0174742855569797,0,0,0,0,0
6.9,618.889475745939,NaN,37.545,0.999999999999997,NaN,0.000355731035249813,6.29489221082413e-05,0,0.0126151475077572,0.00480140554474088,0,0,0.0174165530524981,0,0,0,0,0
7,623.00658373942,NaN,37.545,0.999999999999997,NaN,0.000355731035249813,6.29489221082413e-05,0,0.0125607115453369,0.00479823736428359,0,0,0.0173589489096205,0,0,0,0,0
7.1,627.110051169905,NaN,37.545,0.999999999999997,NaN,0.000355731035249813,6.29489221082413e-05,0,0.0125064559369845,0.0047950165594868,0,0,0.0173014724964713,0,0,0,0,0
7.2,631.199908195462,NaN,37.545,0.999999999999997,NaN,0.000355731035249813,6.29489221082413e-05,0,0.0124523802839532,0.00479174290569988,0,0,0.0172441231896531,0,0,0,0,0
7.3,635.276184879994,NaN,37.545,0.999999999999997,NaN,0.000355731035249813,6.29489221082413e-05,0,0.0123984841887414,0.00478841618551071,0,0,0.0171869003742521,0,0,0,0,0
7.4,639.338911193237,NaN,37.545,0.999999999999997,NaN,0.000355731035249813,6.29489221082413e-05,0,0.0123447672550923,0.00478503618874937,0,0,0.0171298034438417,0,0,0,0,0
7.5,643.388117010761,NaN,37.545,0.999999999999997,NaN,0.000355731035249813,6.29489221082413e-05,0,0.0122912290879945,0.00478160271249034,0,0,0.0170728318004848,0,0,0,0,0
7.6,647.423832113971,NaN,37.545,0.999999999999997,NaN,0.000355731035249813,6.29489221082413e-05,0,0.0122378692936813,0.00477811556105296,0,0,0.0170159848547342,0,0,0,0,0
7.7,651.446086190103,NaN,37.545,0.999999999999997,NaN,0.000355731035249813,6.29489221082413e-05,0,0.0121846874796312,0.0047745745460005,0,0,0.0169592620256317,0,0,0,0,0
7.8,655.454908832231,NaN,37.545,0.999999999999997,NaN,0.000355731035249813,6.29489221082413e-05,0,0.0121316832545679,0.00477097948613767,0,0,0.0169026627407055,0,0,0,0,0
7.9,659.450329539259,NaN,37.545,0.999999999999997,NaN,0.000355731035249813,6.29489221082413e-05,0,0.0120788562284598,0.00476733020750665,0,0,0.0168461864359665,0,0,0,0,0
8,663.432377715927,NaN,37.545,0.999999999999997,NaN,0.000355731035249813,6.29489221082413e-05,0,0.0120262060125208,0.00476362654338174,0,0,0.0167898325559026,0,0,0,0,0
8.1,667.401082672809,NaN,37.545,0.999999999999997,NaN,0.000355731035249813,6.29489221082413e-05,0,0.0119737322192095,0.00475986833426257,0,0,0.0167336005534721,0,0,0,0,0
8.2,671.356473626311,NaN,37.545,0.999999999999997,NaN,0.000355731035249813,6.29489221082413e-05,0,0.0119214344622298,0.00475605542786593,0,0,0.0166774898900957,0,0,0,0,0
8.3,675.298579698675,NaN,37.545,0.999999999999997,NaN,0.000355731035249813,6.29489221082413e-05,0,0.0118693123565303,0.00475218767911633,0,0,0.0166215000356467,0,0,0,0,0
8.4,679.227429917976,NaN,37.545,0.999999999999997,NaN,0.000355731035249813,6.29489221082413e-05,0,0.0118173655183052,0.00474826495013518,0,0,0.0165656304684403,0,0,0,0,0
8.5,683.143053218123,NaN,37.545,0.999999999999997,NaN,0.000355731035249813,6.29489221082413e-05,0,0.0117655935649932,0.00474428711022878,0,0,0.016509880675222,0,0,0,0,0
8.6,687.045478438857,NaN,37.545,0.999999999999997,NaN,0.000355731035249813,6.29489221082413e-05,0,0.0117139961152784,0.00474025403587499,0,0,0.0164542501511534,0,0,0,0,0
8.7,690.934734325757,NaN,37.545,0.999999999999997,NaN,0.000355731035249813,6.29489221082413e-05,0,0.0116625727890898,0.00473616561070872,0,0,0.0163987383997985,0,0,0,0,0
8.8,694.810849530232,NaN,37.545,0.999999999999997,NaN,0.000355731035249813,6.29489221082413e-05,0,0.0116113232076016,0.0047320217255063,0,0,0.0163433449331079,0,0,0,0,0
8.9,698.673852609527,NaN,37.545,0.999999999999997,NaN,0.000355731035249813,6.29489221082413e-05,0,0.0115602469932329,0.00472782227816854,0,0,0.0162880692714015,0,0,0,0,0
9,702.523772026719,NaN,37.545,0.999999999999997,NaN,0.000355731035249813,6.29489221082413e-05,0,0.011509343769648,0.00472356717370288,0,0,0.0162329109433508,0,0,0,0,0
9.1,706.360636150722,NaN,37.545,0.999999999999997,NaN,0.000355731035249813,6.29489221082413e-05,0,0.011458613161756,0.00471925632420423,0,0,0.0161778694859602,0,0,0,0,0
9.2,710.184473256281,NaN,37.545,0.999999999999997,NaN,0.000355731035249813,6.29489221082413e-05,0,0.0114080547957114,0.00471488964883492,0,0,0.0161229444445463,0,0,0,0,0
9.3,713.995311523975,NaN,37.545,0.999999999999997,NaN,0.000355731035249813,6.29489221082413e-05,0,0.0113576682989135,0.00471046707380346,0,0,0.016068135372717,0,0,0,0,0
9.4,717.793179040219,NaN,37.545,0.999999999999997,NaN,0.000355731035249813,6.29489221082413e-05,0,0.0113074533000068,0.00470598853234243,0,0,0.0160134418323492,0,0,0,0,0
9.5,721.57810379726,NaN,37.545,0.999999999999997,NaN,0.000355731035249813,6.29489221082413e-05,0,0.0112574094288806,0.00470145396468525,0,0,0.0159588633935659,0,0,0,0,0
9.6,725.350113693179,NaN,37.545,0.999999999999997,NaN,0.000355731035249813,6.29489221082413e-05,0,0.0112075363166697,0.00469686331804208,0,0,0.0159043996347118,0,0,0,0,0
9.7,729.109236531891,NaN,37.545,0.999999999999997,NaN,0.000355731035249813,6.29489221082413e-05,0,0.0111578335957536,0.00469221654657472,0,0,0.0158500501423283,0,0,0,0,0
9.8,732.855500023147,NaN,37.545,0.999999999999997,NaN,0.000355731035249813,6.29489221082413e-05,0,0.0111083008997569,0.00468751361137067,0,0,0.0157958145111276,0,0,0,0,0
9.9,736.588931782529,NaN,37.545,0.999999999999997,NaN,0.000355731035249813,6.29489221082413e-05,0,0.0110589378635494,0.00468275448041622,0,0,0.0157416923439656,0,0,0,0,0
10,740.309559331454,NaN,37.545,0.999999999999997,NaN,0.000355731035249813,6.29489221082413e-05,0,0.0110097441232457,0.00467793912856875,0,0,0.0156876832518145,0,0,0,0,0
10.1,744.017410097172,NaN,37.545,0.999999999999997,NaN,0.000355731035249813,6.29489221082413e-05,0,0.0109607193162059,0.00467306753752814,0,0,0.015633786853734,0,0,0,0,0
10.2,747.712511412768,NaN,37.545,0.999999999999997,NaN,0.000355731035249813,6.29489221082413e-05,0,0.0109118630810346,0.0046681396958074,0,0,0.015580002776842,0,0,0,0,0
10.3,751.394890517161,NaN,37.545,0.999999999999997,NaN,0.000355731035249813,6.29489221082413e-05,0,0.0108631750575818,0.00466315559870246,0,0,0.0155263306562843,0,0,0,0,0
10.4,755.064574555103,NaN,37.545,0.999999999999997,NaN,0.000355731035249813,6.29489221082413e-05,0,0.0108146548869426,0.00465811524826128,0,0,0.0154727701352039,0,0,0,0,0
10.5,758.721590577181,NaN,37.545,0.999999999999997,NaN,0.000355731035249813,6.29489221082413e-05,0,0.0107663022114569,0.00465301865325207,0,0,0.015419320864709,0,0,0,0,0
10.6,762.365965539814,NaN,37.545,0.999999999999997,NaN,0.000355731035249813,6.29489221082413e-05,0,0.0107181166747098,0.00464786582913096,0,0,0.0153659825038408,0,0,0,0,0
10.7,765.997726305256,NaN,37.545,0.999999999999997,NaN,0.000355731035249813,6.29489221082413e-05,0,0.0106700979215316,0.0046426567980088,0,0,0.0153127547195404,0,0,0,0,0
10.8,769.616899641596,NaN,37.545,0.999999999999997,NaN,0.000355731035249813,6.29489221082413e-05,0,0.0106222455979973,0.00463739158861737,0,0,0.0152596371866147,0,0,0,0,0
10.9,773.223512222755,NaN,37.545,0.999999999999997,NaN,0.000355731035249813,6.29489221082413e-05,0,0.0105745593514272,0.00463207023627495,0,0,0.0152066295877022,0,0,0,0,0
11,776.817590628489,NaN,37.545,0.999999999999997,NaN,0.000355731035249813,6.29489221082413e-05,0,0.0105270388303867,0.00462669278285113,0,0,0.0151537316132379,0,0,0,0,0
11.1,780.399161344387,NaN,37.545,0.999999999999997,NaN,0.000355731035249813,6.29489221082413e-05,0,0.0104796836846862,0.00462125927673112,0,0,0.0151009429614173,0,0,0,0,0
11.2,783.968250761872,NaN,37.545,0.999999999999997,NaN,0.000355731035249813,6.29489221082413e-05,0,0.0104324935653809,0.00461576977277939,0,0,0.0150482633381603,0,0,0,0,0
11.3,787.524885178202,NaN,37.545,0.999999999999997,NaN,0.000355731035249813,6.29489221082413e-05,0,0.0103854681247714,0.00461022433230277,0,0,0.0149956924570742,0,0,0,0,0
11.4,791.069090796468,NaN,37.545,0.999999999999997,NaN,0.000355731035249813,6.29489221082413e-05,0,0.0103386070164033,0.00460462302301292,0,0,0.0149432300394162,0,0,0,0,0
11.5,794.600893725595,NaN,37.545,0.999999999999997,NaN,0.000355731035249813,6.29489221082413e-05,0,0.0102919098950671,0.00459896591898834,0,0,0.0148908758140554,0,0,0,0,0
11.6,798.120319980342,NaN,37.545,0.999999999999997,NaN,0.000355731035249813,6.29489221082413e-05,0,0.0102453764167984,0.00459325310063575,0,0,0.0148386295174341,0,0,0,0,0
11.7,801.6273954813,NaN,37.545,0.999999999999997,NaN,0.000355731035249813,6.29489221082413e-05,0,0.0101990062388779,0.00458748465465109,0,0,0.014786490893529,0,0,0,0,0
11.8,805.122146054898,NaN,37.545,0.999999999999997,NaN,0.000355731035249813,6.29489221082413e-05,0,0.0101527990198315,0.00458166067397988,0,0,0.0147344596938113,0,0,0,0,0
11.9,808.604597433395,NaN,37.545,0.999999999999997,NaN,0.000355731035249813,6.29489221082413e-05,0,0.0101067544194298,0.00457578125777723,0,0,0.014682535677207,0,0,0,0,0
12,812.074775254885,NaN,37.545,0.999999999999997,NaN,0.000355731035249813,6.29489221082413e-05,0,0.0100608720986887,0.00456984651136732,0,0,0.014630718610056,0,0,0,0,0
12.1,815.532705063297,NaN,37.545,0.999999999999997,NaN,0.000355731035249813,6.29489221082413e-05,0,0.0100151517198692,0.00456385654620247,0,0,0.0145790082660716,0,0,0,0,0
12.2,818.978412308393,NaN,37.545,0.999999999999997,NaN,0.000355731035249813,6.29489221082413e-05,0,0.00996959294647716,0.00455781147982177,0,0,0.0145274044262989,0,0,0,0,0
12.3,822.41192234577,NaN,37.545,0.999999999999997,NaN,0.000355731035249813,6.29489221082413e-05,0,0.00992419544326365,0.00455171143580931,0,0,0.014475906879073,0,0,0,0,0
12.4,825.833260436855,NaN,37.545,0.999999999999997,NaN,0.000355731035249813,6.29489221082413e-05,0,0.00987895887622473,0.00454555654375201,0,0,0.0144245154199767,0,0,0,0,0
12.5,829.242451748914,NaN,37.545,0.999999999999997,NaN,0.000355731035249813,6.29489221082413e-05,0,0.00983388291260154,0.00453934693919708,0,0,0.0143732298517986,0,0,0,0,0
12.6,832.639521355043,NaN,37.545,0.999999999999997,NaN,0.000355731035249813,6.29489221082413e-05,0,0.00978896722088024,0.00453308276360911,0,0,0.0143220499844893,0,0,0,0,0
12.7,836.024494234175,NaN,37.545,0.999999999999997,NaN,0.000355731035249813,6.29489221082413e-05,0,0.00974421147079208,0.00452676416432682,0,0,0.0142709756351189,0,0,0,0,0
12.8,839.397395271074,NaN,37.545,0.999999999999997,NaN,0.000355731035249813,6.29489221082413e-05,0,0.00969961533331333,0.00452039129451948,0,0,0.0142200066278328,0,0,0,0,0
12.9,842.758249256339,NaN,37.545,0.999999999999997,NaN,0.000355731035249813,6.29489221082413e-05,0,0.00965517848066536,0.00451396431314298,0,0,0.0141691427938083,0,0,0,0,0
13,846.107080886404,NaN,37.545,0.999999999999997,NaN,0.000355731035249813,6.29489221082413e-05,0,0.00961090058631456,0.00450748338489565,0,0,0.0141183839712102,0,0,0,0,0
13.1,849.443914763535,NaN,37.545,0.999999999999997,NaN,0.000355731035249813,6.29489221082413e-05,0,0.00956678132497238,0.00450094868017375,0,0,0.0140677300051461,0,0,0,0,0
13.2,852.768775395834,NaN,37.545,0.999999999999997,NaN,0.000355731035249813,6.29489221082413e-05,0,0.00952282037259532,0.00449436037502668,0,0,0.014017180747622,0,0,0,0,0
13.3,856.081687197235,NaN,37.545,0.999999999999997,NaN,0.000355731035249813,6.29489221082413e-05,0,0.00947901740638494,0.00448771865111194,0,0,0.0139667360574969,0,0,0,0,0
13.4,859.382674487505,NaN,37.545,0.999999999999997,NaN,0.000355731035249813,6.29489221082413e-05,0,0.00943537210478789,0.00448102369564988,0,0,0.0139163958004378,0,0,0,0,0
13.5,862.671761492248,NaN,37.545,0.999999999999997,NaN,0.000355731035249813,6.29489221082413e-05,0,0.00939188414749581,0.0044742757013781,0,0,0.0138661598488739,0,0,0,0,0
13.6,865.9489723429,NaN,37.545,0.999999999999997,NaN,0.000355731035249813,6.29489221082413e-05,0,0.00934855321544544,0.00446747486650573,0,0,0.0138160280819512,0,0,0,0,0
13.7,869.214331076731,NaN,37.545,0.999999999999997,NaN,0.000355731035249813,6.29489221082413e-05,0,0.00930537899081856,0.00446062139466749,0,0,0.0137660003854861,0,0,0,0,0
13.8,872.467861636845,NaN,37.545,0.999999999999997,NaN,0.000355731035249813,6.29489221082413e-05,0,0.00926236115704199,0.00445371549487746,0,0,0.0137160766519194,0,0,0,11.6117036233661,-12.6692073173541
13.9,875.708927367664,NaN,37.5449999974662,0.999999995143815,NaN,0.000355731035311394,6.29489220061236e-05,-3.04321007062866e-14,0.00921950813128564,0.0044467588064991,0,0,0.0136662669377847,0,0,0,83.3424177110539,-90.9325783074461
14,878.934764537068,NaN,37.5449999818135,0.999999965144998,NaN,0.00035573103569181,6.29489213752963e-05,-2.184250355474e-13,0.00917685645274198,0.0044397576773523,0,0,0.0136166141300943,0,0,0,194.582034946516,-212.303082286566
14.1,882.145856606247,NaN,37.5449999550055,0.999999913766792,NaN,0.000355731036343337,6.29489202948946e-05,-5.40395670795058e-13,0.00913439972966098,0.00443271156704889,0,0,0.0135671112967099,0,0,0,280.99118626508,-306.581711786209
14.2,885.343101282115,NaN,37.5449999204971,0.999999847630418,NaN,0.000355731037182013,6.29489189041521e-05,-9.54851032959844e-13,0.00909212609353173,0.00442561897386293,0,0,0.0135177450673947,0,0,0,336.72154962309,-367.387564326803
14.3,888.527368471176,NaN,37.544999881528,0.999999772944969,NaN,0.0003557310381291,6.29489173336362e-05,-1.42288067006891e-12,0.00905002404334976,0.00441847838052016,0,0,0.0134685024238699,0,0,0,363.743933519573,-396.870917748238
14.4,891.699500279639,NaN,37.544999841123,0.999999695507448,NaN,0.000355731039111086,6.29489157052486e-05,-1.90815665166595e-12,0.00900808244561688,0.0044112882568457,0,0,0.0134193707024626,0,0,0,364.029078690937,-397.182016009106
14.5,894.86031101353,NaN,37.5449998020916,0.99999962070275,NaN,0.000355731040059685,6.29489141322251e-05,-2.37693356881122e-12,0.00896629053434111,0.00440404706241243,0,0,0.0133703375967535,0,0,0,339.547725873581,-370.471136949306
14.6,898.010587178804,NaN,37.5449997670287,0.999999553503676,NaN,0.000355731040911837,6.29489127191356e-05,-2.79804853408152e-12,0.00892463791103644,0.00439675324919279,0,0,0.0133213911602292,0,0,0,292.270751329169,-318.888490646092
14.7,901.151087481447,NaN,37.5449997383139,0.999999498470901,NaN,0.000355731041609708,6.29489115618842e-05,-3.1429211815702e-12,0.0088831145447228,0.00438940526421612,0,0,0.0132725198089389,0,0,0,224.168895794109,-244.584422702011
14.8,904.282542827587,NaN,37.5449997181118,0.999999459753012,NaN,0.00035573104210069,6.29489107477089e-05,-3.38555366688718e-12,0.00884171077192588,0.00438200155223422,0,0,0.0132237123241601,0,0,0,137.21286612348,-149.709109313005
14.9,907.405656323593,NaN,37.5449997083721,0.999999441086506,NaN,0.0003557310423374,6.2948910355182e-05,-3.5025306671589e-12,0.00880041729667701,0.00437454055839791,0,0,0.0131749578550749,0,0,0,33.3734708163161,-36.4128283189719
15,910.521103276179,NaN,37.5449997108293,0.999999445795752,NaN,0.000355731042277682,6.29489104542098e-05,-3.4730193810284e-12,0.00875922519051303,0.0043670207309472,0,0,0.0131262459214602,0,0,0,-85.3784138657094,93.1541085588681
15.1,913.629531192504,NaN,37.5449997270029,0.999999476793011,NaN,0.000355731041884606,6.29489111060327e-05,-3.27876952865522e-12,0.0087181258924762,0.00435944052391788,0,0,0.0130775664163941,0,0,0,-217.072114948835,236.841457361936
15.2,916.731559780271,NaN,37.5449997581976,0.999999536578467,NaN,0.000355731041126466,6.29489123632255e-05,-2.90411335171549e-12,0.00867711120911403,0.00435179839986763,0,0,0.0130289096089817,0,0,0,-359.736857815338,392.498974131644
15.3,919.827780947825,NaN,37.5449998055027,0.999999627240177,NaN,0.000355731039976784,6.29489142696968e-05,-2.33596561340186e-12,0.00863617331447921,0.00434409283262433,0,0,0.0129802661471035,0,0,0,-511.401833966188,557.976448790734
15.4,922.91875880425,NaN,37.5449998697929,0.999999750454123,NaN,0.000355731038414307,6.29489168606894e-05,-1.5638235984236e-12,0.00859530475012945,0.0043363223100597,0,0,0.0129316270601891,0,0,0,-670.096234902354,731.123535736675
15.5,923,NaN,37.5449999517274,0.999999907484131,NaN,0.000355731036423008,6.29489201627802e-05,-5.79767113006434e-13,0.00859423060647005,0.00433611703738201,3.30555639056819e-07,3.30555639056819e-07,0.0129306781994911,0,0,0,-833.849319887418,909.789991010866
15.6,923,NaN,37.5450000517509,1.00000009918199,NaN,0.000355731033992085,6.29489241938802e-05,6.21541515107312e-13,0.00859423062936589,0.00433611706048566,4.03533078258271e-07,4.03533078258271e-07,0.0129307512229298,0,0,0,-1000.69034818499,1091.82560453605
15.7,923,NaN,37.5450001700925,1.00000032598732,NaN,0.000355731031115965,6.29489289632348e-05,2.04285743665877e-12,0.00859423065645487,0.00433611708782051,4.77436008798276e-07,4.77436008798276e-07,0.0129308251802842,0,0,0,-1168.64847741473,1275.08006459104
15.8,923,NaN,37.5450003067669,1.00000058792769,NaN,0.000355731027794297,6.2948934471423e-05,3.6843532808724e-12,0.00859423068774028,0.00433611711938987,5.51396919322557e-07,5.51396919322557e-07,0.0129308992040495,0,0,0,-1335.75296684024,1457.40309333591
15.9,923,NaN,37.5450004615732,1.00000088461853,NaN,0.000355731024031957,6.29489407103582e-05,5.54361915545633e-12,0.00859423072317619,0.0043361171551474,6.24548315640812e-07,6.24548315640812e-07,0.0129309724266392,0,0,0,-1500.03300796246,1636.6445145747
16,923,NaN,37.5450006340958,1.0000012152632,NaN,0.00035573101983905,6.29489476632881e-05,7.61566264660194e-12,0.00859423076266744,0.00433611719499709,6.96022720726762e-07,6.96022720726762e-07,0.0129310439803853,0,0,0,-1659.517860045,1810.65401658622
16.1,923,NaN,37.545000823704,1.00000157865291,NaN,0.000355731015230901,6.29489553047942e-05,9.89290881898428e-12,0.00859423080606966,0.00433611723879325,7.6495259748013e-07,7.6495259748013e-07,0.0129311129974604,0,0,0,-1812.23671458882,1977.28128764923
16.2,923,NaN,37.545001029552,1.0000019731668,NaN,0.000355731010228067,6.29489636007923e-05,1.23652002157615e-11,0.00859423085318927,0.00433611728634053,8.30470494620625e-07,8.30470494620625e-07,0.0129311786100244,0,0,0,-1956.21879697618,2134.37618544908
16.3,923,NaN,37.5450012505792,1.00000239677191,NaN,0.000355731004856327,6.29489725085321e-05,1.50197968585757e-11,0.00859423090378345,0.00433611733739391,8.91708866465941e-07,8.91708866465941e-07,0.0129312399500438,0,0,0,-2089.49340035206,2279.78836438329
16.4,923,NaN,37.5450014855097,1.00000284702315,NaN,0.000355730999146687,6.29489819765977e-05,1.78413762475519e-11,0.00859423095756017,0.00433611739165872,9.4780025315388e-07,9.4780025315388e-07,0.0129312961494721,0,0,0,-2210.08968233611,2411.36754661199
16.5,923,NaN,37.5450017328527,1.00000332106335,NaN,0.000355730993135379,6.29489919449071e-05,2.08120333612988e-11,0.00859423101417817,0.00433611744879061,9.97877143330068e-07,9.97877143330068e-07,0.0129313463401121,0,0,0,-2316.03683442922,2526.96352205782
16.6,923,NaN,37.5450019909024,1.00000381562322,NaN,0.00035573098686386,6.29490023447125e-05,2.39112806569087e-11,0.00859423107324699,0.00433611750839555,1.04107202564025e-06,1.04107202564025e-06,0.0129313896536682,0,0,0,-2405.36411589503,2624.42601288092
16.7,923,NaN,37.5450022577379,1.00000432702138,NaN,0.000355730980378816,6.29490130986003e-05,2.7116048069957e-11,0.00859423113432692,0.00433611757002986,1.07651742305815e-06,1.07651742305815e-06,0.0129314252217798,0,0,0,-2476.1007859971,2701.60477512266
16.8,923,NaN,37.5450025312234,1.00000485116434,NaN,0.000355730973732154,6.29490241204908e-05,3.0400683014503e-11,0.00859423119692905,0.00433611763320019,1.10334582422945e-06,1.10334582422945e-06,0.0129314521759535,0,0,0,-2526.27603623647,2756.34956482456
16.9,923,NaN,37.5450028090078,1.0000053835465,NaN,0.000355730966981011,6.29490353156386e-05,3.3736950383089e-11,0.00859423126051524,0.00433611769736351,1.12068973496396e-06,1.12068973496396e-06,0.0129314696476137,0,0,0,-2553.91905811411,2786.51003638409
17,923,NaN,37.5450030885254,1.00000591925015,NaN,0.000355730960187748,6.29490465806323e-05,3.70940325467409e-11,0.00859423132449815,0.00433611776192715,1.1276816610713e-06,1.1276816610713e-06,0.0129314767680864,0,0,0,-2557.05914477485,2789.93597972387
17.1,923,NaN,37.545003366995,1.00000645294552,NaN,0.000355730953419952,6.29490578033947e-05,4.04385293549681e-11,0.00859423138824119,0.00433611782624874,1.12345409119722e-06,1.12345409119722e-06,0.0129314726685811,0,0,0,-2533.72545383839,2764.4771847667
17.2,923,NaN,37.5450036414208,1.00000697889068,NaN,0.000355730946750437,6.29490688631827e-05,4.37344581357637e-11,0.00859423145105857,0.00433611788963627,1.10713954831544e-06,1.10713954831544e-06,0.0129314564802432,0,0,0,-2481.94721068699,2707.98330591003
17.3,923,NaN,37.5450039085917,1.00000749093163,NaN,0.000355730940257241,6.29490796305872e-05,4.69432536956038e-11,0.00859423151221526,0.00433611795134805,1.07787052107166e-06,1.07787052107166e-06,0.0129314273340844,0,0,0,-2401.28405983202,2619.97383830352
17.4,923,NaN,37.5450041654156,1.00000798314226,NaN,0.000355730934015514,6.29490899809921e-05,5.00277791105796e-11,0.00859423157100348,0.00433611801066985,1.03612678611187e-06,1.03612678611187e-06,0.0129313857084594,0,0,0,-2336.25246156153,2549.01958237792
17.5,923,NaN,37.5450044183956,1.00000846798603,NaN,0.000355730927867205,6.29491001764834e-05,5.30661387469212e-11,0.00859423162891183,0.00433611806910379,1.02061917425448e-06,1.02061917425448e-06,0.0129313703171899,0,0,0,-2318.33785025241,2529.47338232449
17.6,923,NaN,37.5450046713103,1.00000895270451,NaN,0.000355730921720486,6.29491103693401e-05,5.61037132093817e-11,0.0085942316868052,0.00433611812752263,1.02035543226566e-06,1.02035543226566e-06,0.0129313701697601,0,0,0,-2317.69823873328,2528.77542717595
17.7,923,NaN,37.5450049241507,1.00000943728077,NaN,0.00035573091557557,6.29491205592062e-05,5.91403964604133e-11,0.00859423174468159,0.00433611818592433,1.0200560578176e-06,1.0200560578176e-06,0.0129313699866637,0,0,0,-2316.99022083333,2528.00289924674
17.8,923,NaN,37.5450051769108,1.00000992170313,NaN,0.000355730909432605,6.29491307458361e-05,6.2176115291126e-11,0.0085942318025396,0.00433611824430748,1.01973210452481e-06,1.01973210452481e-06,0.0129313697789516,0,0,0,-2316.2388687278,2527.18307299775
17.9,923,NaN,37.5450054295873,1.00001040596516,NaN,0.000355730903291674,6.29491409290943e-05,6.52108293212884e-11,0.00859423186037846,0.00433611830267131,1.01939457450983e-06,1.01939457450983e-06,0.0129313695576243,0,0,0,-2315.46925459188,2526.34325677116
18,923,NaN,37.5450056821795,1.00001089006563,NaN,0.000355730897152791,6.29491511089554e-05,6.82445309993273e-11,0.00859423191819802,0.00433611836101566,1.01905452138716e-06,1.01905452138716e-06,0.0129313693337351,0,0,0,-2314.70638283827,2525.51082667192
18.1,923,NaN,37.5450059346895,1.0000113740086,NaN,0.000355730891015906,6.29491612855044e-05,7.12772456023272e-11,0.00859423197599877,0.00433611841934103,1.01872294727942e-06,1.01872294727942e-06,0.0129313691182871,0,0,0,-2313.97529176088,2524.71315880487
18.2,923,NaN,37.5450061871221,1.00001185780332,NaN,0.000355730884880901,6.29491714589361e-05,7.43090312360315e-11,0.00859423203378181,0.00433611847764854,1.01841088863705e-06,1.01841088863705e-06,0.012931368922319,0,0,0,-2313.30108741618,2523.97749374952
18.3,923,NaN,37.545006439485,1.00001234146431,NaN,0.000355730878747591,6.29491816295557e-05,7.73399788348412e-11,0.00859423209154888,0.00433611853593993,1.0181293904926e-06,1.0181293904926e-06,0.0129313687568793,0,0,0,-2312.70884197946,2523.33120761077
18.4,923,NaN,37.5450066917884,1.00001282501133,NaN,0.000355730872615727,6.29491917977785e-05,8.03702121618159e-11,0.00859423214930233,0.00433611859421758,1.0178894635506e-06,1.0178894635506e-06,0.0129313686329835,0,0,0,-2312.22355986328,2522.80167649342
18.5,923,NaN,37.5450069440453,1.00001330846936,NaN,0.000355730866484991,6.29492019641299e-05,8.33998878086733e-11,0.00859423220704516,0.0043361186524845,1.01770212709756e-06,1.01770212709756e-06,0.0129313685616568,0,0,0,-2311.87027936164,2522.41614097715
18.6,923,NaN,37.5450071962716,1.00001379186862,NaN,0.000355730860355001,6.29492121292456e-05,8.64291951957892e-11,0.00859423226478096,0.00433611871074435,1.01757842616609e-06,1.01757842616609e-06,0.0129313685539515,0,0,0,-2311.67407264977,2522.20201104812
18.7,923,NaN,37.5450074484857,1.00001427524458,NaN,0.000355730854225306,6.29492222938714e-05,8.94583565721975e-11,0.00859423232251398,0.00433611876900138,1.01752938004263e-06,1.01752938004263e-06,0.0129313686208954,0,0,0,-2311.66001190285,2522.18659504848
18.8,923,NaN,37.5450077007089,1.00001475863794,NaN,0.00035573084809539,6.29492324588632e-05,9.24876270155907e-11,0.00859423238024908,0.00433611882726051,1.01756600801375e-06,1.01756600801375e-06,0.0129313687735176,0,0,0,-2311.85313541482,2522.39723520181
18.9,923,NaN,37.5450079529652,1.00001524209465,NaN,0.000355730841964671,6.2949242625187e-05,9.5517294432319e-11,0.00859423243799175,0.00433611888552727,1.01769936369396e-06,1.01769936369396e-06,0.0129313690228827,0,0,0,-2312.27848147962,2522.86123985031
19,923,NaN,37.5450082052812,1.00001572566588,NaN,0.0003557308358325,6.29492527939192e-05,9.85476795573913e-11,0.00859423249574809,0.00433611894380784,1.0179404492058e-06,1.0179404492058e-06,0.0129313693800051,0,0,0,-2312.96112227243,2523.60598509881
19.1,923,NaN,37.5450084576864,1.00001620940807,NaN,0.000355730829698161,6.29492629662461e-05,1.01579135954474e-10,0.00859423255352485,0.00433611900210901,1.01830030099977e-06,1.01830030099977e-06,0.0129313698559349,0,0,0,-2313.92606220594,2524.65877928961
19.2,923,NaN,37.5450087102129,1.00001669338285,NaN,0.000355730823560872,6.29492731434643e-05,1.04612050015893e-10,0.00859423261132939,0.00433611906043821,1.01878994694449e-06,1.01878994694449e-06,0.0129313704617146,0,0,0,-2315.19844121803,2526.04693076494
19.3,923,NaN,37.5450089628957,1.00001717765715,NaN,0.000355730817419785,6.29492833269806e-05,1.07646840962631e-10,0.00859423266916971,0.00433611911880352,1.01942041490839e-06,1.01942041490839e-06,0.0129313712083881,0,0,0,-2316.80326372121,2527.79784951086
19.4,923,NaN,37.5450092157725,1.00001766230307,NaN,0.000355730811273985,6.29492935183119e-05,1.1068396084433e-10,0.00859423272705441,0.0043361191772136,1.02020273276003e-06,1.02020273276003e-06,0.0129313721070008,0,0,0,-2318.76553412814,2529.93880998834
19.5,923,NaN,37.5450094688835,1.00001814739802,NaN,0.000355730805122492,6.29493037190852e-05,1.13723894539288e-10,0.00859423278499273,0.00433611923567781,1.02114791978595e-06,1.02114791978595e-06,0.0129313731685903,0,0,0,-2321.11039237668,2532.4971205396
19.6,923,NaN,37.5450097222719,1.00001863302458,NaN,0.000355730798964257,6.29493139310376e-05,1.16767159754465e-10,0.00859423284299455,0.00433611929420609,1.02226702101868e-06,1.02226702101868e-06,0.0129313744042217,0,0,0,-2323.86284287941,2535.50015726943
19.7,923,NaN,37.5450099759835,1.00001911927062,NaN,0.000355730792798166,6.29493241560167e-05,1.19814307025475e-10,0.00859423290107036,0.00433611935280902,1.0235710385807e-06,1.0235710385807e-06,0.012931375824918,0,0,0,-2327.04795781163,2538.97526240147
19.8,923,NaN,37.545010230067,1.00001960622922,NaN,0.000355730786623039,6.29493343959799e-05,1.22865919716594e-10,0.00859423295923128,0.00433611941149784,1.02507102608665e-06,1.02507102608665e-06,0.0129313774417552,0,0,0,-2330.69074158595,2542.94974427794
19.9,923,NaN,37.5450104845735,1.00002009399871,NaN,0.00035573078043763,6.29493446529949e-05,1.25922614020754e-10,0.00859423301748904,0.00433611947028438,1.02677800282295e-06,1.02677800282295e-06,0.0129313792657762,0,0,0,-2334.81630025884,2547.4509790036
20,923,NaN,37.5450107395571,1.00002058268268,NaN,0.000355730774240624,6.29493549292396e-05,1.28985038959545e-10,0.00859423307585603,0.00433611952918113,1.02870297949418e-06,1.02870297949418e-06,0.0129313813080167,0,0,0,-2339.44970600559,2552.5062410394
20.1,923,NaN,37.5450109950747,1.0000210723899,NaN,0.000355730768030642,6.29493652270019e-05,1.32053876383216e-10,0.00859423313434523,0.00433611958820121,1.03085700971485e-06,1.03085700971485e-06,0.0129313835795562,0,0,0,-2344.61592935745,2558.14290649016
20.2,923,NaN,37.5450112511857,1.00002156323444,NaN,0.000355730761806238,6.29493755486801e-05,1.35129840970675e-10,0.00859423319297026,0.00433611964735837,1.03325110418946e-06,1.03325110418946e-06,0.0129313860914328,0,0,0,-2350.34004248972,2564.38828369817
20.3,923,NaN,37.5450115079524,1.00002205533557,NaN,0.000355730755565898,6.29493858967825e-05,1.38213680229486e-10,0.00859423325174538,0.00433611970666696,1.03589629936865e-06,1.03589629936865e-06,0.0129313888547117,0,0,0,-2356.64715145897,2571.26971488698
20.4,923,NaN,37.5450117654397,1.00002254881782,NaN,0.000355730749308045,6.29493962739275e-05,1.41306174495873e-10,0.00859423331068546,0.00433611976614201,1.03880360595684e-06,1.03880360595684e-06,0.0129313918804334,0,0,0,-2363.56229455904,2578.81454228004
20.5,923,NaN,37.5450120237153,1.00002304381094,NaN,0.000355730743031033,6.29494066828439e-05,1.44408136934718e-10,0.00859423336980599,0.00433611982579915,1.0419840689866e-06,1.0419840689866e-06,0.0129313951796741,0,0,0,-2371.11047620256,2587.0500742196
20.6,923,NaN,37.5450122828497,1.00002354044993,NaN,0.000355730736733149,6.29494171263703e-05,1.4752041353956e-10,0.00859423342912309,0.00433611988565465,1.04544872490844e-06,1.04544872490844e-06,0.0129313987635027,0,0,0,-2379.31680244611,2596.00368681053
20.7,923,NaN,37.545012542916,1.00002403887503,NaN,0.000355730730412616,6.29494276074558e-05,1.50643883132598e-10,0.00859423348865353,0.00433611994572542,1.04920856726291e-06,1.04920856726291e-06,0.0129314026429462,0,0,0,-2388.20631158354,2605.70272227631
20.8,923,NaN,37.5450128039902,1.00002453923173,NaN,0.000355730724067588,6.29494381291596e-05,1.53779457364687e-10,0.00859423354841466,0.00433612000602899,1.0532746496645e-06,1.0532746496645e-06,0.0129314068290933,0,0,0,-2397.80400802757,2616.17445507795
20.9,924.787002015036,NaN,37.5450130661509,1.00002504167073,NaN,0.000355730717696154,6.29494486946509e-05,1.56928080715343e-10,0.00857060605030766,0.00433159068817303,1.05765799998183e-06,1.05765799998183e-06,0.0129032543964807,0,0,0,-2425.65973681892,2646.56691202106
21,927.004103583296,NaN,37.5450133333036,1.00002555367706,NaN,0.000355730711203396,6.29494594613282e-05,1.60136659558409e-10,0.00854129182060468,0.0043259346165548,1.07779772855737e-06,1.07779772855737e-06,0.012868304234888,0,0,0,-2499.67791420264,2727.32587924299
21.1,929.215237278363,NaN,37.5450136116161,1.00002608707149,NaN,0.000355730704439417,6.29494706777626e-05,1.63479270544702e-10,0.00851205649962552,0.00432025320770454,1.12282062811572e-06,1.12282062811572e-06,0.0128334325279582,0,0,0,-2603.94150360979,2841.08470798886
21.2,931.420375851739,NaN,37.5450139015206,1.00002664268231,NaN,0.00035573069739371,6.29494823613727e-05,1.66961104630386e-10,0.00848290044772043,0.0043145466677864,1.16958723536547e-06,1.16958723536547e-06,0.0127986167027422,0,0,0,-2711.91357266661,2958.88974536113
21.3,933.619528835998,NaN,37.545014203394,1.00002722123215,NaN,0.000355730690057114,6.29494945273539e-05,1.70586690174924e-10,0.00845382353891038,0.00430881511054008,1.21787495900232e-06,1.21787495900232e-06,0.0127638565244095,0,0,0,-2823.39469593595,3080.52347329888
21.4,935.812705773144,NaN,37.5450145176253,1.00002782346594,NaN,0.000355730682420182,6.29495071913707e-05,1.7436069538636e-10,0.00842482564709329,0.00430305865075581,1.26773080263395e-06,1.26773080263395e-06,0.0127291520286517,0,0,0,-2938.49159956925,3206.10224024787
21.5,937.99991621461,NaN,37.5450148446145,1.00002845015092,NaN,0.000355730674473183,6.2949520369557e-05,1.7828792832132e-10,0.00839590664604396,0.00429727740426098,1.31920171837623e-06,1.31920171837623e-06,0.0126945032520233,0,0,0,-3057.31097583657,3335.74249629768
21.6,940.181169721251,NaN,37.5450151847738,1.00002910207663,NaN,0.000355730666206107,6.2949534078516e-05,1.82373336885013e-10,0.00836706640941412,0.00429147148790677,1.37233468409076e-06,1.37233468409076e-06,0.012659910232005,0,0,0,-3179.95958477046,3469.56072541911
21.7,942.356475863346,NaN,37.5450155385266,1.00002978005498,NaN,0.000355730657608657,6.29495483353202e-05,1.8662200883123e-10,0.0083383048107324,0.00428564101955483,1.42717669480333e-06,1.42717669480333e-06,0.012625373006982,0,0,0,-3306.54418640365,3607.67334382048
21.8,944.525844220588,NaN,37.5450159063084,1.00003048492014,NaN,0.000355730648670255,6.2949563157511e-05,1.91039171762342e-10,0.00830962172340435,0.00427978611806387,1.48377471979365e-06,1.48377471979365e-06,0.012590891616188,0,0,0,-3437.17140524355,3750.19673382875
21.9,946.689284382089,NaN,37.545016288566,1.00003121752861,NaN,0.00035573063938004,6.29495785630997e-05,1.95630193129306e-10,0.00828101702071244,0.00427390690327628,1.54217571117748e-06,1.54217571117748e-06,0.0125564660996999,0,0,0,-3571.94800132276,3897.24737941475
22,948.846805946372,NaN,37.5450166857579,1.00003197875922,NaN,0.000355730629726867,6.29495945705663e-05,2.00400580231656e-10,0.00825249057581607,0.00426800349600481,1.60242668972648e-06,1.60242668972648e-06,0.0125220964985106,0,0,0,-3710.98070079275,4048.94176454953
22.1,950.99841852137,NaN,37.5450170983543,1.0000327695131,NaN,0.000355730619699309,6.29496111988605e-05,2.05355980217512e-10,0.00822404226175155,0.00426207601801911,1.66457459039256e-06,1.66457459039256e-06,0.0124877828543611,0,0,0,-3854.3762298049,4205.39630544136
22.2,953.144131724424,NaN,37.5450175268372,1.00003359071372,NaN,0.000355730609285656,6.29496284674009e-05,2.10502180083573e-10,0.00819567195143212,0.00425612459203242,1.72866642536528e-06,1.72866642536528e-06,0.0124535252098899,0,0,0,-4002.24134839173,4366.72738441705
22.3,955.283955182276,NaN,37.5450179716998,1.00003444330685,NaN,0.000355730598473914,6.29496463960758e-05,2.15845106675123e-10,0.00816737951764793,0.00425014934168815,1.79474913817843e-06,1.79474913817843e-06,0.0124193236084743,0,0,0,-4154.68274882335,4533.05148544758
22.4,957.417898531073,NaN,37.5450184334475,1.00003532826057,NaN,0.000355730587251808,6.29496650052423e-05,2.21390826686026e-10,0.0081391648330661,0.0042441503915465,1.86286972385775e-06,1.86286972385775e-06,0.0123851780943365,0,0,0,-4311.80712336972,4704.48505862246
22.5,959.545971416357,NaN,37.5450189125968,1.00003624656528,NaN,0.000355730575606777,6.29496843157272e-05,2.27145546658727e-10,0.00811102777023063,0.00423812786707112,1.93307516884691e-06,1.93307516884691e-06,0.0123510887124706,0,0,0,-4473.72119818235,4881.1444862688
22.6,961.668183493071,NaN,37.5450194096764,1.00003719923371,NaN,0.000355730563525979,6.29497043488262e-05,2.33115612984257e-10,0.00808296820156248,0.0042320818946157,2.00541243384383e-06,2.00541243384383e-06,0.012317055508612,0,0,0,-4640.53173329391,5063.14628623882
22.7,963.784544425545,NaN,37.5450199252261,1.00003818730089,NaN,0.000355730550996289,6.29497251263047e-05,2.39307511902224e-10,0.00805498599935955,0.00422601260141063,2.07992848812805e-06,2.07992848812805e-06,0.0122830785292583,0,0,0,-4812.34545485559,5250.60687474064
22.8,965.895063887506,NaN,37.5450204597977,1.00003921182417,NaN,0.000355730538004299,6.2949746670397e-05,2.45727869500821e-10,0.00802708103579666,0.00421992011554964,2.15667033530737e-06,2.15667033530737e-06,0.0122491578216816,0,0,0,-4989.26905513752,5443.64266798261
22.9,967.999751562063,NaN,37.5450210139546,1.00004027388323,NaN,0.000355730524536318,6.29497690038069e-05,2.52383451716823e-10,0.00799925318292559,0.00421380456597643,2.23568492749752e-06,2.23568492749752e-06,0.0122152934338295,0,0,0,-5171.40926029105,5642.37008217299
23,970.098617141716,NaN,37.5450215882717,1.00004137458004,NaN,0.00035573051057837,6.29497921497072e-05,2.59281164335586e-10,0.00797150231267502,0.00420766608247133,2.31701925972425e-06,2.31701925972425e-06,0.0121814854144061,0,0,0,-5358.87283034875,5846.90560128259
23.1,972.191670328343,NaN,37.5450221833357,1.00004251503892,NaN,0.0003557304961162,6.29498161317404e-05,2.66428052991049e-10,0.00794382829685063,0.00420150479563799,2.40072028410319e-06,2.40072028410319e-06,0.0121477338127727,0,0,0,-5551.76645758084,6057.3656754012
23.2,974.278920833205,NaN,37.5450227997449,1.00004369640647,NaN,0.000355730481135266,6.29498409740179e-05,2.73831303165731e-10,0.007916231007135,0.00419532083689005,2.48683500424234e-06,2.48683500424234e-06,0.0121140386790293,0,0,0,-5750.19683425737,6273.86668685578
23.3,976.360378376941,NaN,37.5450234381091,1.00004491985162,NaN,0.000355730465620746,6.29498667011206e-05,2.81498240190736e-10,0.00788871031508766,0.00418911433843781,2.57541038942117e-06,2.57541038942117e-06,0.0120804000639149,0,0,0,-5954.27075429214,6496.52511961703
23.4,978.436052689564,NaN,37.5450240990499,1.00004618656564,NaN,0.000355730449557532,6.29498933380984e-05,2.89436329245746e-10,0.00786126609214512,0.00418288543327493,2.66649340033751e-06,2.66649340033751e-06,0.0120468180188204,0,0,0,-6164.09487607396,6725.45742377464
23.5,980.505953510461,NaN,37.5450247832006,1.00004749776208,NaN,0.000355730432930237,6.29499209104709e-05,2.9765317535903e-10,0.00783389820962079,0.00417663425516521,2.76013103201708e-06,2.76013103201708e-06,0.012013292595818,0,0,0,-6379.77592575418,6960.77998165556
23.6,982.570090588389,NaN,37.5450254912059,1.00004885467683,NaN,0.000355730415723187,6.29499494442266e-05,3.06156523407434e-10,0.00780660653870508,0.00417036093862922,2.85637025373962e-06,2.85637025373962e-06,0.011979823847588,0,0,0,-6601.42069724667,7202.60927723057
23.7,984.628473681472,NaN,37.5450262237224,1.00005025856808,NaN,0.000355730397920428,6.29499789658235e-05,3.1495425811639e-10,0.00777939095046532,0.00416406561893114,2.95525804336677e-06,2.95525804336677e-06,0.0119464118274398,0,0,0,-6829.13584894039,7451.06176058951
23.8,986.681112557201,NaN,37.5450269814183,1.00005171071635,NaN,0.000355730379505721,6.29500095021886e-05,3.24054404059909e-10,0.00775225131584581,0.00415774843206549,3.05684138734256e-06,3.05684138734256e-06,0.0119130565892986,0,0,0,-7063.02810698669,7706.25384794066
23.9,988.728016992429,NaN,37.5450277649732,1.00005321242447,NaN,0.000355730360462545,6.29500410807186e-05,3.33465125660585e-10,0.00772518750566782,0.00415140951474388,3.16116723778242e-06,3.16116723778242e-06,0.0118797581876495,0,0,0,-7303.20423141802,7968.30195549203
24,990.769196773372,NaN,37.5450285750786,1.00005476501758,NaN,0.000355730340774095,6.29500737292791e-05,3.43194727189596e-10,0.00769819939062953,0.00414504900438188,3.26828258971218e-06,3.26828258971218e-06,0.0118465166776011,0,0,0,-7549.77088062319,8237.32253333334
24.1,992.804661695602,NaN,37.5450294124377,1.00005636984315,NaN,0.000355730320423286,6.29501074762051e-05,3.53251652766699e-10,0.00767128684130614,0.00413866703908578,3.37823442099359e-06,3.37823442099359e-06,0.0118133321148129,0,0,0,-7802.83484851608,8513.43206543534
24.2,994.834421564049,NaN,37.5450302777651,1.00005802827097,NaN,0.000355730299392745,6.2950142350301e-05,3.63644486360236e-10,0.00764444972814978,0.0041322637576395,3.49106970090624e-06,3.49106970090624e-06,0.0117802045554902,0,0,0,-8062.50282736698,8796.7469680066
24.3,996.858486192995,NaN,37.5450311717871,1.00005974169311,NaN,0.000355730277664821,6.29501783808402e-05,3.74381951787126e-10,0.00761768792148955,0.00412583929949137,3.60683541589425e-06,3.60683541589425e-06,0.0117471340563968,0,0,0,-8328.88150944594,9087.38369113671
24.4,998.876865406077,NaN,37.5450320952418,1.00006151152401,NaN,0.000355730255221577,6.29502155975656e-05,3.85472912712875e-10,0.00759100129153151,0.00411939380474111,3.72557852665497e-06,3.72557852665497e-06,0.0117141206747993,0,0,0,-8602.07768866666,9385.45858327101
24.5,1000.88956903628,NaN,37.5450330488788,1.00006333920036,NaN,0.000355730232044794,6.29502540306893e-05,3.9692637265157e-10,0.00756438970835869,0.00411292741412667,3.84734601963227e-06,3.84734601963227e-06,0.011681164468505,0,0,0,-8882.1979895367,9691.08819614319
24.6,1002.89660692593,NaN,37.5450340334594,1.00006522618124,NaN,0.000355730208115969,6.29502937108928e-05,4.08751474965877e-10,0.00753785304193109,0.00410644026901123,3.97218488126988e-06,3.97218488126988e-06,0.0116482654958236,0,0,0,-9169.34923985135,10004.3889459615
24.7,1004.89798892672,NaN,37.5450350497566,1.000067173948,NaN,0.000355730183416318,6.29503346693266e-05,4.20957502867049e-10,0.00751139116208569,0.00409993251137008,4.10014206368353e-06,4.10014206368353e-06,0.0116154238155195,0,0,0,-9463.63813188048,10325.4772150528
24.8,1006.89372489965,NaN,37.5450360985549,1.00006918400431,NaN,0.000355730157926773,6.29503769376107e-05,4.33553879414916e-10,0.00748500393853642,0.00409340428377773,4.23126456189881e-06,4.23126456189881e-06,0.0115826394868761,0,0,0,-9760.77488420372,10649.6651503927
24.9,1008.88382702079,NaN,37.5450371796896,1.00007125603601,NaN,0.000355730131651315,6.29504205091409e-05,4.46538636501357e-10,0.00745869121019762,0.00408685572157582,4.36172596299657e-06,4.36172596299657e-06,0.0115499086577364,0,0,0,-10052.8445499114,10968.3032242185
25,1010.868309475,NaN,37.5450382922155,1.00007338823387,NaN,0.000355730104612886,6.29504653458763e-05,4.59900437530758e-10,0.00743245278926959,0.00408028695369021,4.48837925657814e-06,4.48837925657814e-06,0.0115172281222164,0,0,0,-10344.9635468177,11286.9825993705
25.1,1012.84718200914,NaN,37.5450394370861,1.00007558242524,NaN,0.000355730076788312,6.29505114862425e-05,4.73650733736398e-10,0.00740628854700925,0.00407369812453427,4.61887916510462e-06,4.61887916510462e-06,0.0114846055507086,0,0,0,-10646.0869105292,11615.489183014
25.2,1014.8204542721,NaN,37.5450406153134,1.00007784054909,NaN,0.000355730048153007,6.29505589710126e-05,4.87801675919212e-10,0.00738019835597798,0.00406708937944937,4.75346064654065e-06,4.75346064654065e-06,0.0114520411960739,0,0,0,-10956.5304826912,11954.1679208464
25.3,1016.788135928,NaN,37.5450418279197,1.00008016456492,NaN,0.000355730018682122,6.29506078413913e-05,5.02365543483546e-10,0.00735418208853524,0.00406046086430978,4.89216692841446e-06,4.89216692841446e-06,0.0114195351197734,0,0,0,-11276.3924513627,12303.1258100692
25.4,1018.75023665622,NaN,37.5450430759385,1.00008255645274,NaN,0.000355729988350549,6.29506581390147e-05,5.17354744437156e-10,0.00732823961683861,0.00405381272550932,5.03504119534413e-06,5.03504119534413e-06,0.0113870873835433,0,0,0,-11605.771072366,12662.4698478849
25.5,1020.70676615138,NaN,37.5450443604137,1.0000850182131,NaN,0.000355729957132918,6.29507099059507e-05,5.32781815391205e-10,0.00730237081284374,0.00404714510994801,5.18212665769441e-06,5.18212665769441e-06,0.0113546980494494,0,0,0,-11944.7644998791,13032.3070992581
25.6,1022.65773412333,NaN,37.5450456823999,1.00008755186706,NaN,0.000355729925003602,6.29507631846984e-05,5.48659421560266e-10,0.00727657554830439,0.00404045816501882,5.33346650866502e-06,5.33346650866502e-06,0.0113223671798319,0,0,0,-12293.4708880795,13412.74456139
25.7,1024.60315029717,NaN,37.5450470429626,1.00009015945619,NaN,0.000355729891936711,6.29508180181888e-05,5.65000356762324e-10,0.00725085369477242,0.00403375203859444,5.48910393287438e-06,5.48910393287438e-06,0.0112900948372997,0,0,0,-12651.9884927892,13803.8892653643
25.8,1026.54302441324,NaN,37.5450484431778,1.00009284304261,NaN,0.000355729857906095,6.29508744497841e-05,5.81817543418769e-10,0.0072252051235978,0.00402702687901401,5.64908215785071e-06,5.64908215785071e-06,0.0112578810847697,0,0,0,-13020.4154343047,14205.8482422638
25.9,1028.4773662271,NaN,37.5450498841323,1.00009560470893,NaN,0.000355729822885346,6.29509325232782e-05,5.99124032554403e-10,0.00719962970592856,0.00402028283507,5.81344436821205e-06,5.81344436821205e-06,0.0112257259853668,0,0,0,-13398.8499006857,14618.728489291
26,1030.40618550956,NaN,37.5450513669235,1.00009844655829,NaN,0.000355729786847793,6.29509922828966e-05,6.16933003797437e-10,0.00717412731271087,0.00401352005599499,5.98223375715925e-06,5.98223375715925e-06,0.011193629602463,0,0,0,-13787.3901477539,15042.6371052916
26.1,1032.32949204666,NaN,37.5450528926597,1.00010137071438,NaN,0.000355729749766507,6.29510537732963e-05,6.35257765379491e-10,0.007148697814689,0.00400673869144861,6.15549353505593e-06,6.15549353505593e-06,0.0111615919996727,0,0,0,-14186.1342958057,15477.6810197045
26.2,1034.24729563966,NaN,37.5450544624597,1.00010437932135,NaN,0.000355729711614297,6.29511170395658e-05,6.54111754135593e-10,0.0071233410824053,0.00399993889150441,6.33326688652055e-06,6.33326688652055e-06,0.0111296132407962,0,0,0,-14595.1805329004,15923.9672974945
26.3,1036.15960610508,NaN,37.5450560774531,1.00010747454394,NaN,0.000355729672363712,6.29511821272252e-05,6.73508535504183e-10,0.00709805698620023,0.00399312080663685,6.51559703908133e-06,6.51559703908133e-06,0.0110976933898762,0,0,0,-15014.62711486,16381.6029697448
26.4,1038.06643327464,NaN,37.5450577387803,1.00011065856737,NaN,0.000355729631987043,6.29512490822259e-05,6.93461803527108e-10,0.00707284539621238,0.00398628458770826,6.70252716877451e-06,6.70252716877451e-06,0.0110658325110894,0,0,0,-15444.5721619807,16850.6950336569
26.5,1039.96778699529,NaN,37.5450594475921,1.00011393359738,NaN,0.000355729590456317,6.29513179509513e-05,7.13985380849626e-10,0.00704770618237842,0.00397943038595587,6.8941004688001e-06,6.8941004688001e-06,0.0110340306688031,0,0,0,-15885.1138623224,17331.3505203146
26.6,1041.86367712924,NaN,37.5450612050504,1.00011730186025,NaN,0.000355729547743304,6.29513887802159e-05,7.35093218720402e-10,0.00702263921443313,0.00397255835297887,7.09036016668704e-06,7.09036016668704e-06,0.0110022879275787,0,0,0,-16336.3504378256,17823.6764608013
26.7,1043.75411355389,NaN,37.5450630123274,1.00012076560276,NaN,0.000355729503819512,6.29514616172661e-05,7.56799396991512e-10,0.00699764436190941,0.00396566864072555,7.29134942988886e-06,7.29134942988886e-06,0.0109706043520648,0,0,0,-16798.3800765491,18327.7799200807
26.8,1045.63910616189,NaN,37.5450648706064,1.00012432709225,NaN,0.00035572945865619,6.29515365097794e-05,7.79118124118441e-10,0.00697272149413827,0.00395876140148038,7.49711148593404e-06,7.49711148593404e-06,0.0109389800071046,0,0,0,-17271.3009665523,18843.7678275926
26.9,1047.51866486108,NaN,37.545066781081,1.00012798861652,NaN,0.000355729412224325,6.29516135058654e-05,8.02063737160084e-10,0.0069478704802488,0.00395183678785122,7.7076895108588e-06,7.7076895108588e-06,0.0109074149576109,0,0,0,-17755.2112281318,19371.7472483013
27,1049.39279957456,NaN,37.5450687449558,1.00013175248394,NaN,0.000355729364494646,6.29516926540647e-05,8.25650701778743e-10,0.00692309118916825,0.00394489495275655,7.92312672360939e-06,7.92312672360939e-06,0.0108759092686484,0,0,0,-18250.2091171093,19911.8252810525
27.1,1051.26152024063,NaN,37.5450707634461,1.0001356210234,NaN,0.00035572931543762,6.29517740033498e-05,8.49893612240132e-10,0.00689838348962193,0.0039379360494127,8.14346630880377e-06,8.14346630880377e-06,0.0108444630053434,0,0,0,-18756.3928215446,20464.1088552861
27.2,1053.12483681283,NaN,37.5450728377776,1.00013959658428,NaN,0.000355729265023455,6.29518576031246e-05,8.74807191413372e-10,0.00687374725013331,0.00393096023132121,8.36875146822502e-06,8.36875146822502e-06,0.0108130762329227,0,0,0,-19273.8604617343,21028.7049682039
27.3,1054.98275925988,NaN,37.5450749691871,1.00014368153649,NaN,0.000355729213222097,6.29519435032245e-05,9.00406290770995e-10,0.00684918233902392,0.00392396765225612,8.59902541223652e-06,8.59902541223652e-06,0.0107817490166923,0,0,0,-19802.7102934997,21605.7207186512
27.4,1056.83529756576,NaN,37.5450771589217,1.00014787827048,NaN,0.000355729160003234,6.29520317539166e-05,9.26705890388941e-10,0.00682468862441347,0.00391695846625139,8.83433133403881e-06,8.83433133403881e-06,0.0107504814219989,0,0,0,-20343.0405049003,22195.2631377114
27.5,1058.68246172965,NaN,37.5450794082397,1.00015218919722,NaN,0.000355729105336291,6.29521224058995e-05,9.5372109894656e-10,0.00680026597421972,0.00390993282758833,9.07471241825011e-06,9.07471241825011e-06,0.0107192735142263,0,0,0,-20894.9492501136,22797.4392225862
27.6,1060.52426176594,NaN,37.5450817184096,1.00015661674817,NaN,0.000355729049190437,6.29522155103031e-05,9.81467153726613e-10,0.00677591425615858,0.00390289089078308,9.32021189239834e-06,9.32021189239834e-06,0.0106881253588341,0,0,0,-21458.5347171998,23412.3560043594
27.7,1062.36070770425,NaN,37.5450840907109,1.00016116337536,NaN,0.000355728991534576,6.29523111186891e-05,1.00995942061526e-09,0.00675163333774408,0.00389583281057415,9.57087293252071e-06,9.57087293252071e-06,0.0106570370212508,0,0,0,-22033.8950942179,24040.1204463517
27.8,1064.19180958939,NaN,37.5450865264337,1.00016583155128,NaN,0.000355728932337354,6.29524092830507e-05,1.0392133941021e-09,0.00672742308628837,0.00388875874190995,9.82673874039849e-06,9.82673874039849e-06,0.0106260085669387,0,0,0,-22621.1286031079,24680.8396135269
27.9,1066.0175774814,NaN,37.5450890268788,1.000170623769,NaN,0.000355728871567158,6.29525100558126e-05,1.06924469728009e-09,0.00670328336890167,0.00388166883993646,1.00878525263962e-05,1.00878525263962e-05,0.0105950400613645,0,0,0,-23220.333398048,25334.6205708498
28,1067.83802145554,NaN,37.5450915933578,1.00017554254207,NaN,0.000355728809192113,6.29526134898311e-05,1.10006908184565e-09,0.00667921405249238,0.00387456325998487,1.03542574922962e-05,1.03542574922962e-05,0.0105641315699696,0,0,0,-23831.6076670975,26001.570281641
28.1,1069.65315160227,NaN,37.5450942271929,1.00018059040459,NaN,0.000355728745180084,6.29527196383939e-05,1.13170242809857e-09,0.006655215003767,0.0038674421575593,1.06259968227166e-05,1.06259968227166e-05,0.010533283158149,0,0,0,-24455.0496321966,26681.7958108646
28.2,1071.46297802724,NaN,37.545096929717,1.00018576991116,NaN,0.000355728679498676,6.29528285552203e-05,1.16416074494208e-09,0.00663128608923013,0.00386030568832454,1.09031137194393e-05,1.09031137194393e-05,0.0105024948912741,0,0,0,-25090.7574136426,27375.4041557234
28.3,1073.26751085135,NaN,37.5450997022737,1.00019108363691,NaN,0.000355728612115234,6.29529402944612e-05,1.19746016988279e-09,0.00660742717518452,0.0038531540080939,1.11856513842476e-05,1.11856513842476e-05,0.0104717668346627,0,0,0,-25738.8292333761,28082.5023473007
28.4,1075.06676021067,NaN,37.5451025462174,1.00019653417748,NaN,0.000355728542996842,6.2953054910699e-05,1.23161696903074e-09,0.006583638127731,0.00384598727281706,1.14736530360868e-05,1.14736530360868e-05,0.0104410990535842,0,0,0,-26399.3633133369,28803.1974166787
28.5,1076.86073625651,NaN,37.5451054629132,1.00020212414905,NaN,0.000355728472110325,6.29531724589478e-05,1.26664753709938e-09,0.00655991881276858,0.00383880563856797,1.17671618338293e-05,1.17671618338293e-05,0.0104104916131704,0,0,0,-27072.4578077033,29537.5963610597
28.6,1078.64944915535,NaN,37.5451084537367,1.00020785618831,NaN,0.000355728399422247,6.29532929946529e-05,1.30256839740555e-09,0.00653626909599436,0.00383160926153281,1.20662210135855e-05,1.20662210135855e-05,0.0103799445785408,0,0,0,-27758.2109045346,30285.8062115271
28.7,1080.43290908892,NaN,37.5451115200744,1.00021373295248,NaN,0.000355728324898911,6.29534165736913e-05,1.33939620186951e-09,0.00651268884290355,0.00382439829799803,1.23708737599735e-05,1.23708737599735e-05,0.0103494580146615,0,0,0,-28456.7207580081,31047.9340330448
28.8,1082.21112625411,NaN,37.5451146633235,1.00021975711927,NaN,0.000355728248506361,6.29535432523718e-05,1.37714773101494e-09,0.0064891779187895,0.00381717290433838,1.26811632747752e-05,1.26811632747752e-05,0.0103190319864027,0,0,0,-29168.0856239468,31824.0868228157
28.9,1083.98411086304,NaN,37.5451178848918,1.00022593138697,NaN,0.000355728170210381,6.29536730874343e-05,1.41583989396891e-09,0.00646573618874371,0.00380993323700508,1.29971327426101e-05,1.29971327426101e-05,0.0102886665584914,0,0,0,-29892.4036565286,32614.3715780418
29,1085.75187314302,NaN,37.5451211861978,1.00023225847432,NaN,0.000355728089976493,6.29538061360505e-05,1.45548972846192e-09,0.00644236351765576,0.00380267945251394,1.33188253910052e-05,1.33188253910052e-05,0.0102583617955607,0,0,0,-30629.7730099305,33418.8953298052
29.1,1087.51442333657,NaN,37.5451245686709,1.00023874112063,NaN,0.00035572800776996,6.29539424558236e-05,1.49611440082787e-09,0.00641905977021338,0.00379541170743362,1.36462843959971e-05,1.36462843959971e-05,0.010228117762043,0,0,0,-31380.2919399747,34237.7651091896
29.2,1089.27177170142,NaN,37.5451280337508,1.00024538208573,NaN,0.000355727923555786,6.29540821047884e-05,1.53773120600405e-09,0.00639582481090245,0.0037881301583739,1.397955296795e-05,1.397955296795e-05,0.0101979345222443,0,0,0,-32144.0585669574,35071.0879811591
29.3,1091.02392851048,NaN,37.5451315828884,1.00025218414994,NaN,0.000355727837298712,6.29542251414111e-05,1.58035756753119e-09,0.00637265850400691,0.00378083496197399,1.43186743000638e-05,1.43186743000638e-05,0.010167812140281,0,0,0,-32921.1711128201,35918.9709429166
29.4,1092.77090405187,NaN,37.545135217545,1.00025915011414,NaN,0.00035572774896322,6.29543716245895e-05,1.62401103755341e-09,0.0063495607136089,0.00377352627489098,1.4663691594122e-05,1.4663691594122e-05,0.010137750680094,0,0,0,-33711.7277656223,36781.5209577828
29.5,1094.5127086289,NaN,37.5451389391926,1.00026628279969,NaN,0.000355727658513533,6.29545216136529e-05,1.66870929681825e-09,0.00632653130358866,0.00376620425378823,1.50146480519055e-05,1.50146480519055e-05,0.0101077502054288,0,0,0,-34515.826713422,37658.845090721
29.6,1096.24935256009,NaN,37.545142749314,1.0002735850485,NaN,0.000355727565913612,6.29546751683624e-05,1.71447015467666e-09,0.00630357013762455,0.00375886905532388,1.53715868751971e-05,1.53715868751971e-05,0.0100778107798236,0,0,0,-35333.566144279,38551.0504066964
29.7,1097.98084617916,NaN,37.5451466494027,1.000281059723,NaN,0.000355727471127159,6.29548323489102e-05,1.76131154908298e-09,0.00628067707919307,0.00375152083613943,1.57345512486149e-05,1.57345512486149e-05,0.0100479324665811,0,0,0,-36165.0442462526,39458.2439029107
29.8,1099.70719983502,NaN,37.5451506409628,1.00028870970613,NaN,0.000355727374117614,6.29549932159204e-05,1.80925154659499e-09,0.00625785199156883,0.00374415975284835,1.61035843996871e-05,1.61035843996871e-05,0.0100181153288169,0,0,0,-37010.35917352,40380.5325765653
29.9,1101.42842389176,NaN,37.5451547255092,1.00029653790135,NaN,0.000355727274848159,6.29551578304485e-05,1.85830834237385e-09,0.00623509473782463,0.00373678596202472,1.64787294958675e-05,1.64787294958675e-05,0.00998835942934521,0,0,0,-37869.6091141418,41318.0234587447
30,1103.1445287287,NaN,37.5451589045675,1.00030454723264,NaN,0.000355727173281715,6.29553262539816e-05,1.90850026018414e-09,0.00621240518083132,0.00372939962019201,1.6860029747522e-05,1.6860029747522e-05,0.00995866483077085,0,0,0,-38742.8923239398,42270.8236144135
30.1,1104.85552474031,NaN,37.545163179674,1.00031274064454,NaN,0.000355727069380942,6.29554985484382e-05,1.95984575239386e-09,0.00618978318325795,0.00372200088381181,1.72475283735952e-05,1.72475283735952e-05,0.00992903159544336,0,0,0,-39630.3069232094,43239.0400068909
30.2,1106.56142233631,NaN,37.5451675523755,1.00032112110203,NaN,0.00035572696310824,6.29556747761684e-05,2.01236339997441e-09,0.00616722860757167,0.00371458990927274,1.76412685415417e-05,1.76412685415417e-05,0.00989945978538596,0,0,0,-40531.9511338918,44222.7796672607
30.3,1108.26223194155,NaN,37.5451720242299,1.0003296915907,NaN,0.000355726854425749,6.2955854999954e-05,2.06607191250059e-09,0.00614474131603775,0.0037071668528793,1.8041293470308e-05,1.8041293470308e-05,0.00986994946238737,0,0,0,-41447.9231440463,45222.1496604875
30.4,1109.95796399613,NaN,37.5451765968054,1.00033845511659,NaN,0.000355726743295349,6.29560392830082e-05,2.12099012815063e-09,0.00612232117071964,0.00369973187084087,1.84476463530941e-05,1.84476463530941e-05,0.00984050068791361,0,0,0,-42378.3210739686,46237.2569837725
30.5,1111.6486289553,NaN,37.5451812716813,1.00034741470631,NaN,0.00035572662967866,6.29562276889757e-05,2.17713701370616e-09,0.00609996803347888,0.00369228511926072,1.88603704002638e-05,1.88603704002638e-05,0.00981111352313986,0,0,0,-43323.2432133635,47268.2086682003
30.6,1113.33423728953,NaN,37.5451860504472,1.00035657340697,NaN,0.000355726513537041,6.29564202819328e-05,2.2345316645522e-09,0.00607768176597515,0.00368482675412508,1.92795087964371e-05,1.92795087964371e-05,0.00978178802889667,0,0,0,-44282.7876825276,48315.1117448543
30.7,1115.01479948446,NaN,37.5451909347036,1.00036593428619,NaN,0.000355726394831591,6.29566171263873e-05,2.29319330467721e-09,0.0060554622296663,0.00367735693129232,1.97051047433944e-05,1.97051047433944e-05,0.00975252426570201,0,0,0,-45257.0526695187,49378.0732109347
30.8,1116.69032604093,NaN,37.5451959260618,1.00037550043214,NaN,0.000355726273523148,6.29568182872787e-05,2.35314128667305e-09,0.00603330928580827,0.00366987580648214,2.01372014515005e-05,2.01372014515005e-05,0.00972332229374191,0,0,0,-46246.1364301593,50457.2000636442
30.9,1118.36082747497,NaN,37.5452010261437,1.00038527495349,NaN,0.000355726149572292,6.29570238299778e-05,2.41439509173498e-09,0.00601122279545515,0.00366238353526481,2.05758421053737e-05,2.05758421053737e-05,0.00969418217282534,0,0,0,-47250.1370508649,51552.5994018287
31,1120.0263143178,NaN,37.5452062365817,1.00039526097943,NaN,0.000355726022939341,6.29572338202872e-05,2.47697432966167e-09,0.0059892026194592,0.00365488027305056,2.10210699153783e-05,2.10210699153783e-05,0.00966510396242514,0,0,0,-48269.1527874563,52664.3782565704
31.1,1121.68679711582,NaN,37.5452115590193,1.0004054616597,NaN,0.000355725893584352,6.29574483244407e-05,2.54089873885522e-09,0.00596724861847076,0.0036473661750789,2.14729280661317e-05,2.14729280661317e-05,0.00963608772161579,0,0,0,-49303.2818279945,53792.6435573106
31.2,1123.34228643062,NaN,37.5452169951104,1.00041588016451,NaN,0.000355725761467125,6.2957667409104e-05,2.6061881863211e-09,0.00594536065293835,0.0036398413964081,2.19314597851644e-05,2.19314597851644e-05,0.00960713350913162,0,0,0,-50352.6222927762,54937.5023690136
31.3,1124.992792839,NaN,37.5452225465198,1.00042651968463,NaN,0.000355725626547196,6.29578911413741e-05,2.67286266766822e-09,0.00592353858310861,0.00363230609190476,2.23967082399284e-05,2.23967082399284e-05,0.00957824138325329,0,0,0,-51417.2724376207,56099.0617566413
31.4,1126.6383269329,NaN,37.5452282149228,1.00043738343135,NaN,0.000355725488783842,6.29581195887796e-05,2.7409423071089e-09,0.00590178226902632,0.00362476041623328,2.28687166493699e-05,2.28687166493699e-05,0.00954941140190897,0,0,0,-52497.3304505907,57277.428683518
31.5,1128.27889931949,NaN,37.5452340020055,1.00044847463646,NaN,0.000355725348136082,6.29583528192808e-05,2.81044735745886e-09,0.0058800915705344,0.0036172045238456,2.33475282066923e-05,2.33475282066923e-05,0.00952064362258669,0,0,0,-53592.8944519801,58472.7102146053
31.6,1129.91452062112,NaN,37.5452399094648,1.00045979655228,NaN,0.000355725204562672,6.29585909012692e-05,2.88139820013724e-09,0.0058584663472739,0.00360963856897084,2.38331861136722e-05,2.38331861136722e-05,0.00949193810235841,0,0,0,-54704.0626976118,59685.0133471062
31.7,1131.54520147529,NaN,37.5452459390082,1.00047135245167,NaN,0.000355725058022108,6.29588339035682e-05,2.95381534516654e-09,0.00583690645868403,0.00360206270560509,2.43257335635164e-05,2.43257335635164e-05,0.00946329489785264,0,0,0,-55830.9333416636,60914.4451121038
31.8,1133.17095253474,NaN,37.5452520923538,1.00048314562797,NaN,0.000355724908472628,6.29590818954326e-05,3.02771943117275e-09,0.00581541176400211,0.00359447708750126,2.48252137665825e-05,2.48252137665825e-05,0.00943471406526995,0,0,0,-56973.6045721928,62161.1125406792
31.9,1134.79178446734,NaN,37.5452583712307,1.00049517939509,NaN,0.000355724755872206,6.29593349465485e-05,3.10313122538522e-09,0.00579398212226362,0.00358688186815894,2.53316699074938e-05,2.53316699074938e-05,0.00940619566033006,0,0,0,-58132.174611146,63425.1226300408
32,1136.40770795618,NaN,37.5452647773784,1.00050745708742,NaN,0.000355724600178561,6.2959593127034e-05,3.18007162363669e-09,0.00577261739230218,0.0035792772008144,2.58451451966145e-05,2.58451451966145e-05,0.00937773973831319,0,0,0,-59306.7416126951,64706.582479028
32.1,1138.01873369952,NaN,37.5452713125472,1.00051998205991,NaN,0.000355724441349146,6.29598565074384e-05,3.25856165036339e-09,0.00575131743274954,0.00357166323843056,2.63656828357216e-05,2.63656828357216e-05,0.00934934635401582,0,0,0,-60497.4037649013,66005.5990170821
32.2,1139.62487241081,NaN,37.5452779784982,1.00053275768798,NaN,0.000355724279341158,6.29601251587427e-05,3.33862245860485e-09,0.0057300821020356,0.00356404013368714,2.68933260180225e-05,2.68933260180225e-05,0.00932101556174076,0,0,0,-61704.2592558239,67322.2792752863
32.3,1141.22613481867,NaN,37.545284777003,1.00054578736762,NaN,0.000355724114111532,6.29603991523592e-05,3.42027533000409e-09,0.00570891125838839,0.00355640803897077,2.74281179367102e-05,2.74281179367102e-05,0.00929274741529587,0,0,0,-62927.4062735221,68656.7303524866
32.4,1142.82253166692,NaN,37.5452917098442,1.0005590745153,NaN,0.000355723945616943,6.29606785601322e-05,3.50354167480752e-09,0.00568780475983409,0.00354876710636524,2.79701018021563e-05,2.79701018021563e-05,0.00926454196800149,0,0,0,-64166.9429721739,70009.0592120036
32.5,1144.41407371455,NaN,37.5452987788149,1.00057262256805,NaN,0.000355723773813805,6.29609634543371e-05,3.58844303186495e-09,0.00566676246419701,0.00354111748764177,2.85193208075534e-05,2.85193208075534e-05,0.00923639927264634,0,0,0,-65422.9676414801,71379.3729187992
32.6,1146.00077173574,NaN,37.5453059857188,1.00058643498342,NaN,0.000355723598658274,6.2961253907681e-05,3.6750010686296e-09,0.00564578422909963,0.00353345933424936,2.90758181546896e-05,2.90758181546896e-05,0.00920831938150369,0,0,0,-66695.5784017443,72767.7784362014
32.7,1147.58263651984,NaN,37.5453133323706,1.00060051523942,NaN,0.000355723420106244,6.29615499933026e-05,3.7632375811581e-09,0.00562486991196255,0.00352579279730522,2.96396370453472e-05,2.96396370453472e-05,0.00918030234631311,0,0,0,-67984.8733732562,74174.3828291675
32.8,1149.15967887138,NaN,37.5453208205954,1.00061486683466,NaN,0.000355723238113348,6.2961851784772e-05,3.85317449411051e-09,0.0056040193700045,0.00351811802758522,3.02108206727203e-05,3.02108206727203e-05,0.00915234821826244,0,0,0,-69290.9508457212,75599.293128783
32.9,1150.7319096101,NaN,37.5453284522292,1.00062949328822,NaN,0.000355723052634961,6.29621593560911e-05,3.94483386075024e-09,0.00558323246024237,0.0035104351755145,3.07894122385994e-05,3.07894122385994e-05,0.00912445704799548,0,0,0,-70613.9089733174,77042.6162983685
33,1152.29933957087,NaN,37.5453362291186,1.00064439813971,NaN,0.000355722863626196,6.2962472781693e-05,4.03823786294419e-09,0.0055625090394912,0.00350274439115803,3.13754549447584e-05,3.13754549447584e-05,0.00909662888559399,0,0,0,-71953.8459441014,78504.4594028859
33.1,1153.86197960379,NaN,37.5453441531211,1.00065958494928,NaN,0.000355722671041907,6.29627921364426e-05,4.13340881116262e-09,0.00554184896436417,0.00349504582421131,3.19689919929858e-05,3.19689919929858e-05,0.00906886378056847,0,0,0,-73310.8599800213,79984.9295073079
33.2,1155.4198405741,NaN,37.5453522261045,1.00067505729761,NaN,0.000355722474836687,6.29631174956361e-05,4.23036914447919e-09,0.00552125209127258,0.00348733962399114,3.25700665764821e-05,3.25700665764821e-05,0.0090411617818402,0,0,0,-74685.0491674849,81484.1336088282
33.3,1156.97293336225,NaN,37.5453604499478,1.00069081878584,NaN,0.000355722274964868,6.29634489350016e-05,4.32914143057101e-09,0.0055007182764259,0.00347962593942641,3.31787218884406e-05,3.31787218884406e-05,0.00901352293774075,0,0,0,-76076.5117623166,83002.1786707701
33.4,1158.52126886385,NaN,37.5453688265403,1.0007068730357,NaN,0.000355722071380524,6.29637865306984e-05,4.42974836571858e-09,0.00548024737583174,0.00347190491904898,3.37950011478167e-05,3.37950011478167e-05,0.00898594729602854,0,0,0,-77485.3459864569,84539.1717919794
33.5,1160.06485798969,NaN,37.5453773577822,1.0007232236894,NaN,0.000355721864037467,6.29641303593175e-05,4.5322127748058e-09,0.00545983924529584,0.00346417671098468,3.44189475306375e-05,3.44189475306375e-05,0.00895843490381116,0,0,0,-78911.6499601998,86095.2199357737
33.6,1161.60371166575,NaN,37.5453860455843,1.00073987440967,NaN,0.000355721652889248,6.29644804978814e-05,4.63655761131997e-09,0.00543949374042209,0.00345644146294427,3.5050604255856e-05,3.5050604255856e-05,0.00893098580762221,0,0,0,-80355.521905494,87670.4301671266
33.7,1163.13784083318,NaN,37.5453948918682,1.00075682887981,NaN,0.000355721437889161,6.29648370238441e-05,4.74280595735183e-09,0.00541921071661254,0.00344869932221454,3.56900145166729e-05,3.56900145166729e-05,0.00890360005334375,0,0,0,-81817.0600103905,89264.9095171123
33.8,1164.6672564483,NaN,37.5454038985662,1.00077409080358,NaN,0.000355721218990236,6.29652000150913e-05,4.85098102359551e-09,0.00539899002906737,0.00344095043564949,3.63372215062807e-05,3.63372215062807e-05,0.00887627768622314,0,0,0,-83296.36242907,90878.7649490543
33.9,1166.19196948263,NaN,37.5454130676212,1.00079166390529,NaN,0.000355720996145246,6.296556954994e-05,4.96110614934855e-09,0.00537883153278489,0.00343319494966153,3.69922684350538e-05,3.69922684350538e-05,0.00884901875088148,0,0,0,-84793.527383473,92512.1035617985
34,1167.71199092284,NaN,37.5454224009869,1.00080955192977,NaN,0.0003557207693067,6.2965945707139e-05,5.07320480251191e-09,0.0053587350825616,0.00342543301021277,3.76551984876003e-05,3.76551984876003e-05,0.00882182329126197,0,0,0,-86308.6530616589,94165.0323525468
34.1,1169.2273317708,NaN,37.5454319006276,1.00082775864237,NaN,0.000355720538426852,6.29663285658685e-05,5.18730057958997e-09,0.00533870053299209,0.00341766476280638,3.83260548657126e-05,3.83260548657126e-05,0.00879469135066418,0,0,0,-87841.8376178055,95837.6582846198
34.2,1170.73800304355,NaN,37.5454415685185,1.00084628782895,NaN,0.00035572030345769,6.29667182057401e-05,5.30341720569047e-09,0.00531872773846914,0.00340989035247801,3.90048807969086e-05,3.90048807969086e-05,0.00876762297174407,0,0,0,-89393.1792399689,97530.0884568599
34.3,1172.24401577329,NaN,37.5454514066453,1.00086514329591,NaN,0.000355720064350947,6.29671147067973e-05,5.42157853452462e-09,0.00529881655318366,0.00340210992378731,3.96917194314864e-05,3.96917194314864e-05,0.00874061819640245,0,0,0,-90962.7761839805,99242.4299003605
34.4,1173.74538100742,NaN,37.5454614170045,1.00088432887017,NaN,0.000355719821058091,6.29675181495147e-05,5.54180854840699e-09,0.00527896683112469,0.00339432362080943,4.03866140141384e-05,4.03866140141384e-05,0.00871367706594826,0,0,0,-92550.7265701274,100974.789544551
34.5,1175.24210980851,NaN,37.5454716016032,1.00090384839913,NaN,0.000355719573530334,6.29679286147989e-05,5.66413135825556e-09,0.00525917842607945,0.00338653158712671,4.10896077208925e-05,4.10896077208925e-05,0.00868679962092706,0,0,0,-94157.128586472,102727.27448828
34.6,1176.7342132543,NaN,37.5454819624594,1.00092370575078,NaN,0.000355719321718625,6.29683461839877e-05,5.78857120359177e-09,0.00523945119163328,0.00337873396582038,4.18007437449602e-05,4.18007437449602e-05,0.00865998590119862,0,0,0,-95782.0804888362,104499.991762631
34.7,1178.2217024377,NaN,37.5454925016016,1.00094390481358,NaN,0.000355719065573653,6.29687709388505e-05,5.91515245254045e-09,0.00521978498116966,0.00337093089946225,4.25200653138581e-05,4.25200653138581e-05,0.00863323594594577,0,0,0,-97425.6803636319,106293.048364803
34.8,1179.70458846682,NaN,37.5455032210691,1.00096444949653,NaN,0.000355718805045848,6.29692029615884e-05,6.0438996018298e-09,0.00520017964787024,0.00336312253010664,4.32476155950494e-05,4.32476155950494e-05,0.00860654979357193,0,0,0,-99088.0264666912,108106.551292007
34.9,1181.18288246492,NaN,37.5455141229119,1.00098534372913,NaN,0.000355718540085379,6.29696423348339e-05,6.17483727679145e-09,0.0051806350447148,0.00335530899928221,4.39834378160623e-05,4.39834378160623e-05,0.00857992748181308,0,0,0,-100769.216986063,109940.607609199
35,1182.65659557044,NaN,37.5455252091906,1.00100659146145,NaN,0.000355718270642156,6.29700891416511e-05,6.30799023136048e-09,0.00516115102448129,0.00334749044798399,4.47275751443419e-05,4.47275751443419e-05,0.00855336904760962,0,0,0,-102469.350042048,111795.324347464
35.1,1184.12573893702,NaN,37.5455364819767,1.00102819666401,NaN,0.000355717996665825,6.29705434655355e-05,6.44338334807532e-09,0.00514172743974578,0.00333966701666536,4.54800708074288e-05,4.54800708074288e-05,0.00852687452721856,0,0,0,-104188.523890467,113670.808504004
35.2,1185.59032373343,NaN,37.5455479433523,1.00105016332792,NaN,0.000355717718105777,6.29710053904144e-05,6.58104163807783e-09,0.00512236414288249,0.0033318388452302,4.62409679985107e-05,4.62409679985107e-05,0.00850044395611119,0,0,0,-105926.836719376,115567.167076018
35.3,1187.05036114366,NaN,37.5455595954101,1.00107249546477,NaN,0.000355717434911139,6.29714750006464e-05,6.72099024111329e-09,0.0051030609860638,0.00332400607302506,4.70103099022153e-05,4.70103099022153e-05,0.00847407736899107,0,0,0,-107684.386682964,117484.507128482
35.4,1188.50586236685,NaN,37.5455714402537,1.00109519710669,NaN,0.000355717147030779,6.29719523810218e-05,6.8632544255304e-09,0.00508381782126022,0.0033161688388314,4.7788139737489e-05,4.7788139737489e-05,0.00844777479982911,0,0,0,-109461.271969279,119422.935692467
35.5,1189.95683861732,NaN,37.5455834799973,1.0011182723063,NaN,0.000355716854413305,6.29724376167623e-05,7.00785958828124e-09,0.00506463450024043,0.0033083272808579,4.85745006889401e-05,4.85745006889401e-05,0.00842153628178727,0,0,0,-111257.590766385,121382.559765179
35.6,1191.40330112455,NaN,37.5455957167657,1.00114172513679,NaN,0.000355716557007065,6.29729307935213e-05,7.1548312549213e-09,0.00504551087457125,0.00330048153673285,4.93694359669462e-05,4.93694359669462e-05,0.00839536184727105,0,0,0,-113073.44126234,123363.486377701
35.7,1192.84526113323,NaN,37.5456081526946,1.00116555969183,NaN,0.000355716254760144,6.29734319973836e-05,7.30419507960952e-09,0.00502644679561764,0.00329263174349659,5.0172988756112e-05,5.0172988756112e-05,0.00836925152787034,0,0,0,-114908.921679085,125365.822527236
35.8,1194.28272990319,NaN,37.5456207899302,1.00118978008563,NaN,0.000355715947620372,6.29739413148657e-05,7.45597684510817e-09,0.00500744211454269,0.00328477803759405,5.09852022753974e-05,5.09852022753974e-05,0.00834320535441214,0,0,0,-116764.130204679,127389.675278747
35.9,1195.71571870945,NaN,37.5456336306296,1.00121439045293,NaN,0.000355715635535313,6.29744588329154e-05,7.61020246278305e-09,0.00498849668230769,0.00327692055486732,5.18061197094068e-05,5.18061197094068e-05,0.00831722335688442,0,0,0,-118639.164959415,129435.151663314
36,1197.14423884219,NaN,37.5456466769605,1.00123939494896,NaN,0.000355715318452275,6.29749846389122e-05,7.76689797260323e-09,0.00496961034967203,0.00326905943054831,5.26357842685149e-05,5.26357842685149e-05,0.00829130556448886,0,0,0,-120534.124131364,131502.35864427
36.1,1198.56830160679,NaN,37.5456599311013,1.00126479774948,NaN,0.000355714996318305,6.29755188206672e-05,7.92608954314129e-09,0.00495078296719326,0.00326119479925148,5.34742391287582e-05,5.34742391287582e-05,0.0082654520055735,0,0,0,-122449.106010218,133591.403286567
36.2,1199.98791832377,NaN,37.5456733952412,1.00129060305082,NaN,0.000355714669080187,6.29760614664228e-05,8.08780347157321e-09,0.00493201438522709,0.00325332679496661,5.43215275262357e-05,5.43215275262357e-05,0.00823966270771993,0,0,0,-124384.208716276,135702.392621291
36.3,1201.40310032886,NaN,37.5456870715799,1.00131681506975,NaN,0.000355714336684448,6.29766126648533e-05,8.25206618367829e-09,0.00491330445392738,0.00324545555105171,5.51776926284167e-05,5.51776926284167e-05,0.0082139376976075,0,0,0,-126339.530403717,137835.433645646
36.4,1202.81385897294,NaN,37.5457009623279,1.00134343804363,NaN,0.000355713999077354,6.29771725050643e-05,8.41890423383937e-09,0.00489465302324611,0.0032375812002259,5.60427776456502e-05,5.60427776456502e-05,0.00818827700111766,0,0,0,-128315.169328358,139990.633424591
36.5,1204.22020562206,NaN,37.5457150697066,1.0013704762303,NaN,0.00035571365620491,6.29777410765929e-05,8.5883443050426e-09,0.00487605994293343,0.00322970387456245,5.69168257797299e-05,5.69168257797299e-05,0.00816268064327562,0,0,0,-130311.223644391,142168.09888758
36.6,1205.62215165746,NaN,37.5457293959477,1.00139793390813,NaN,0.00035571330801286,6.29783184694078e-05,8.7604132088776e-09,0.00485752506253764,0.0032218237054818,5.77998802324383e-05,5.77998802324383e-05,0.00813714864825188,0,0,0,-132327.791539862,144367.937167324
36.7,1207.01970847553,NaN,37.545743943294,1.00142581537604,NaN,0.00035571295444669,6.29789047739093e-05,8.93513788553735e-09,0.00483904823140519,0.00321394082374473,5.86919841969635e-05,5.86919841969635e-05,0.00811168103934689,0,0,0,-134364.971168952,146590.255261032
36.8,1208.41288748787,NaN,37.5457587139987,1.00145412495342,NaN,0.000355712595451625,6.29795000809293e-05,9.11254540381829e-09,0.00482062929868066,0.00320605535944556,5.9593180875104e-05,5.9593180875104e-05,0.00808627783900133,0,0,0,-136422.860753602,148835.160098142
36.9,1209.80170012122,NaN,37.545773710326,1.00148286698021,NaN,0.000355712230972628,6.2980104481731e-05,9.29266296112021e-09,0.00480226811330681,0.0031981674420054,6.05035134686256e-05,6.05035134686256e-05,0.00806093906878083,0,0,0,-138501.558481868,151102.758811376
37,1211.18615781751,NaN,37.5457889345505,1.00151204581688,NaN,0.000355711860954404,6.29807180680094e-05,9.47551788344636e-09,0.0047839645240245,0.0031902772001655,6.14230251621589e-05,6.14230251621589e-05,0.00803566474935215,0,0,0,-140601.162575703,153393.158431834
37.1,1212.56627203382,NaN,37.5458043889577,1.00154166584441,NaN,0.000355711485341397,6.29813409318908e-05,9.66113762540337e-09,0.00476571837937278,0.00318238476198067,6.23517591832323e-05,6.23517591832323e-05,0.00801045490053668,0,0,0,-142721.771189271,155706.465888938
37.2,1213.94205424245,NaN,37.5458200758437,1.0015717314643,NaN,0.00035571110407779,6.29819731659333e-05,9.84954977020131e-09,0.00474752952768884,0.00317449025481271,6.32897586992871e-05,6.32897586992871e-05,0.00798530954120084,0,0,0,-144863.482442874,158042.788281539
37.3,1215.31351593081,NaN,37.5458359975153,1.00160224709856,NaN,0.000355710717107508,6.29826148631263e-05,1.00407820296536e-08,0.00472939781710801,0.00316659380532402,6.42370669378691e-05,6.42370669378691e-05,0.0079602286893699,0,0,0,-147026.394626215,160402.232606841
37.4,1216.68066860154,NaN,37.5458521562902,1.00163321718974,NaN,0.000355710324374212,6.29832661168908e-05,1.02348622441772e-08,0.00471132309556378,0.00315869553947113,6.51937270749966e-05,6.51937270749966e-05,0.00793521236210991,0,0,0,-149210.605893472,162784.905828162
37.5,1218.04352377243,NaN,37.5458685544965,1.0016646462009,NaN,0.000355709925821306,6.29839270210796e-05,1.04318183827922e-08,0.00469330521078778,0.00315079558249844,6.6159782329634e-05,6.6159782329634e-05,0.00791026057561586,0,0,0,-151416.214364941,165190.915112112
37.6,1219.40209297642,NaN,37.5458851944732,1.00169653861564,NaN,0.000355709521391934,6.29845976699766e-05,1.06316785431225e-08,0.00467534401030979,0.00314289405893194,6.71352758863812e-05,6.71352758863812e-05,0.0078853733451281,0,0,0,-153643.318330321,167620.367388125
37.7,1220.75638776167,NaN,37.54590207857,1.00172889893805,NaN,0.000355709111028976,6.29852781582975e-05,1.08344709513951e-08,0.00465743934145773,0.00313499109257299,6.81202509470343e-05,6.81202509470343e-05,0.00786055068497776,0,0,0,-155892.015977686,170073.369619538
37.8,1222.10641969146,NaN,37.5459192091472,1.00176173169276,NaN,0.000355708694675056,6.29859685811896e-05,1.10402239624405e-08,0.0046395910513577,0.00312708680649225,6.91147507305396e-05,6.91147507305396e-05,0.00783579260858049,0,0,0,-158162.405427318,172550.02893906
37.9,1223.4522003443,NaN,37.5459365885758,1.00179504142492,NaN,0.000355708272272536,6.29866690342316e-05,1.12489660596927e-08,0.00462179898693391,0.0031191813230236,7.01188183957551e-05,7.01188183957551e-05,0.00781109912835326,0,0,0,-160454.584833398,175050.4523439
38,1224.79374131382,NaN,37.5459542192376,1.00182883270019,NaN,0.000355707843763516,6.29873796134339e-05,1.14607258551888e-08,0.00460406299490875,0.00311127476375814,7.11324971873923e-05,7.11324971873923e-05,0.00778647025585428,0,0,0,-162768.65245175,177574.746865141
38.1,1226.13105420885,NaN,37.5459721035252,1.00186311010478,NaN,0.00035570740908984,6.29881004152381e-05,1.16755320895698e-08,0.00458638292180272,0.00310336724953828,7.21558302728858e-05,7.21558302728858e-05,0.00776190600161389,0,0,0,-165104.706504309,180123.019466098
38.2,1227.46415065339,NaN,37.5459902438415,1.00189787824539,NaN,0.000355706968193088,6.29888315365177e-05,1.18934136320797e-08,0.00456875861393452,0.00309545890045188,7.31888608711967e-05,7.31888608711967e-05,0.0077374063752576,0,0,0,-167452.820950795,182684.402951244
38.3,1228.79303891152,NaN,37.5460086404057,1.00193313754956,NaN,0.000355706521067831,6.29895729862756e-05,1.21143731656746e-08,0.00455118996178115,0.00308754985559306,7.42227926909585e-05,7.42227926909585e-05,0.00771296261006517,0,0,0,-169800.383843301,185245.090276945
38.4,1230.11772582849,NaN,37.5460272928596,1.00196888734021,NaN,0.000355706067722645,6.29903247502887e-05,1.23384064517561e-08,0.00453367687451172,0.00307964026203737,7.52553007313539e-05,7.52553007313539e-05,0.00768857243728045,0,0,0,-172157.713940485,187816.378389387
38.5,1231.43822229349,NaN,37.5460462036814,1.00200513236803,NaN,0.000355705608097288,6.29910869284579e-05,1.25655432617429e-08,0.0045162192081695,0.00307173024274516,7.62978093149518e-05,7.62978093149518e-05,0.00766424726022961,0,0,0,-174537.784297322,190412.469489998
38.6,1232.75453920306,NaN,37.5460653753535,1.00204187739097,NaN,0.000355705142131422,6.29918596208365e-05,1.27958134125905e-08,0.00449881681869785,0.00306381992000434,7.73503337520171e-05,7.73503337520171e-05,0.0076399870724542,0,0,0,-176940.579734976,193033.346536467
38.7,1234.06668744494,NaN,37.5460848103507,1.00207912715328,NaN,0.000355704669764885,6.299264292719e-05,1.30292466354007e-08,0.00448146956215368,0.00305590941552171,7.84128451984674e-05,7.84128451984674e-05,0.00761579182287386,0,0,0,-179366.035099692,195678.93766654
38.8,1235.374677898,NaN,37.546104511141,1.00211688638552,NaN,0.000355704190937687,6.29934369469958e-05,1.3265872575421e-08,0.0044641772947074,0.00304799885041967,7.9485314827369e-05,7.9485314827369e-05,0.00759166145995443,0,0,0,-181814.085203795,198349.170916276
38.9,1236.67852143228,NaN,37.5461244801849,1.00215515980451,NaN,0.000355703705590014,6.29942417794429e-05,1.35057207920451e-08,0.00444693987264289,0.00304008834523295,8.05677137860251e-05,8.05677137860251e-05,0.00756759593166187,0,0,0,-184284.664893516,201043.974423408
39,1237.97822890898,NaN,37.5461447199359,1.00219395211338,NaN,0.000355703213662223,6.29950575234326e-05,1.37488207588124e-08,0.00442975715235754,0.00303217801990545,8.16600132303597e-05,8.16600132303597e-05,0.00754359518549334,0,0,0,-186777.709048964,203763.276291779
39.1,1239.27381118046,NaN,37.5461652328402,1.00223326800158,NaN,0.000355702715094848,6.2995884277578e-05,1.39952018634084e-08,0.00441262899036222,0.00302426799378702,8.27621843334161e-05,8.27621843334161e-05,0.00751965916848266,0,0,0,-189293.152482482,206507.004659114
39.2,1240.56527909029,NaN,37.5461860213368,1.00227311214481,NaN,0.000355702209828593,6.29967221402039e-05,1.42448934076645e-08,0.00439555524328131,0.00301635838563045,8.38741982511192e-05,8.38741982511192e-05,0.00749578782716288,0,0,0,-191830.930006415,209275.087629256
39.3,1241.85264347316,NaN,37.5462070878577,1.0023134892051,NaN,0.000355701697804339,6.29975712093472e-05,1.44979246075583e-08,0.00437853576785268,0.00300844931358839,8.49960261479294e-05,8.49960261479294e-05,0.007471981107589,0,0,0,-194390.9764331,212067.453238278
39.4,1243.13591515498,NaN,37.5462284348275,1.00235440383075,NaN,0.000355701178963139,6.29984315827567e-05,1.4754324593213e-08,0.00436157042092764,0.00300054089521039,8.61276391711843e-05,8.61276391711843e-05,0.00744823895530921,0,0,0,-196973.226676546,214884.029691691
39.5,1244.41510495282,NaN,37.5462500646636,1.00239586065638,NaN,0.000355700653246221,6.29993033578932e-05,1.5014122408898e-08,0.00434465905947103,0.00299263324743995,8.72690085025318e-05,8.72690085025318e-05,0.00742456131541351,0,0,0,-199577.615549077,217724.745025552
39.6,1245.69022367495,NaN,37.5462719797765,1.00243786430286,NaN,0.000355700120594984,6.3000186631929e-05,1.52773470130286e-08,0.00432780154056114,0.00298472648661167,8.84201052806916e-05,8.84201052806916e-05,0.0074009481324535,0,0,0,-202204.077863045,220589.527377594
39.7,1246.96128212082,NaN,37.5462941825691,1.00248041937742,NaN,0.000355699580951004,6.30010815017489e-05,1.55440272781661e-08,0.00431099772138978,0.00297682072844842,8.9580900687336e-05,8.9580900687336e-05,0.00737739935052553,0,0,0,-204852.548430793,223478.304885542
39.8,1248.22829108106,NaN,37.5463166754374,1.00252353047352,NaN,0.000355699034256029,6.30019880639491e-05,1.58141919910176e-08,0.00429424745926217,0.00296891608805856,9.07513658697601e-05,9.07513658697601e-05,0.00735391491319048,0,0,0,-207522.962132421,226391.005551587
39.9,1249.4912613375,NaN,37.5463394607702,1.00256720217096,NaN,0.000355698480451981,6.3002906414838e-05,1.60878698524365e-08,0.00427755061159706,0.00296101267993323,9.19314719838844e-05,9.19314719838844e-05,0.00733049476351417,0,0,0,-210215.253814177,229327.557615121
40,1250.75020366319,NaN,37.546362540949,1.00261143903581,NaN,0.000355697919480955,6.30038366504358e-05,1.63650894774217e-08,0.00426090703592664,0.00295311061794371,9.3121190202775e-05,9.3121190202775e-05,0.00730713884407312,0,0,0,-212929.358254503,232287.889146084
40.1,1252.00512882236,NaN,37.5463859183481,1.00265624562044,NaN,0.000355697351285222,6.30047788664747e-05,1.66458793951186e-08,0.00424431658989659,0.00294521001533876,9.43204916823144e-05,9.43204916823144e-05,0.00728384709691766,0,0,0,-215665.210367393,235271.928180563
40.2,1253.25604757043,NaN,37.5464095953346,1.00270162646352,NaN,0.000355696775807225,6.30057331583986e-05,1.6930268048818e-08,0.00422777913126603,0.0029373109847421,9.55293475955943e-05,9.55293475955943e-05,0.00726061946360372,0,0,0,-218422.744897429,238279.602890166
40.3,1254.50297065406,NaN,37.5464335742686,1.00274758609,NaN,0.00035569619298958,6.30066996213636e-05,1.72182837959571e-08,0.00421129451790757,0.00292941363814988,9.67477290641624e-05,9.67477290641624e-05,0.00723745588512161,0,0,0,-221201.896758593,241310.841412607
40.4,1255.7459088111,NaN,37.5464578575029,1.00279412901115,NaN,0.000355695602775078,6.30076783502376e-05,1.75099549081188e-08,0.00419486260780726,0.00292151808692823,9.79756073040144e-05,9.79756073040144e-05,0.00721435630203951,0,0,0,-224002.600763251,244365.571783993
40.5,1256.9848727706,NaN,37.546482447383,1.00284125972451,NaN,0.000355695005106684,6.30086694396001e-05,1.78053095710322e-08,0.00417848325906464,0.00291362444181086,9.92129534281422e-05,9.92129534281422e-05,0.00719132065430364,0,0,0,-226824.791723725,247443.722108143
40.6,1258.21987325286,NaN,37.5465073462473,1.00288898271392,NaN,0.000355694399927536,6.30096729837431e-05,1.81043758845721e-08,0.00416215632989268,0.00290573281289665,0.000100459738618173,0.000100459738618173,0.0071683488814075,0,0,0,-229668.404520129,250545.220556671
40.7,1259.45092096937,NaN,37.5465325564271,1.00293730244952,NaN,0.000355693787180945,6.301068907667e-05,1.84071818627594e-08,0.0041458816786178,0.00289784330964743,0.000101715934047201,0.000101715934047201,0.00714544092231243,0,0,0,-232533.373897046,253669.99523342
40.8,1260.67802662286,NaN,37.5465580802464,1.00298622338775,NaN,0.000355693166810398,6.30117178120963e-05,1.87137554337611e-08,0.00412965916367991,0.00288995604088565,0.000102981510845353,0.000102981510845353,0.00712259671541091,0,0,0,-235419.634802345,256817.974208353
40.9,1261.90120090727,NaN,37.5465839200219,1.00303574997133,NaN,0.000355692538759553,6.30127592834495e-05,1.90241244398898e-08,0.00411348864363234,0.00288207111479219,0.000104256440194306,0.000104256440194306,0.00709981619861884,0,0,0,-238327.12204837,259989.085619194
41,1263.12045450777,NaN,37.5466100780635,1.00308588662928,NaN,0.000355691902972244,6.30138135838688e-05,1.93383166376044e-08,0.00409736997714188,0.00287418863890423,0.000105540693249933,0.000105540693249933,0.00707709930929604,0,0,0,-241255.770447458,263183.257535896
41.1,1264.33579810076,NaN,37.5466365566734,1.00313663777692,NaN,0.000355691259392478,6.30148808062055e-05,1.96563596975097e-08,0.00408130302298876,0.00286630872011308,0.000106834241176739,0.000106834241176739,0.00705444598427858,0,0,0,-244205.514811977,266400.41806233
41.2,1265.5472423539,NaN,37.5466633581471,1.00318800781586,NaN,0.000355690607964435,6.30159610430228e-05,1.99782812043563e-08,0.00406528764006667,0.00285843146466219,0.000108137055130627,0.000108137055130627,0.00703185615985949,0,0,0,-247176.289988129,269640.495336193
41.3,1266.75479792604,NaN,37.5466904847725,1.00324000113399,NaN,0.00035568994863247,6.30170543865956e-05,2.03041086570409e-08,0.00404932368738273,0.00285055697814507,0.000109449106276057,0.000109449106276057,0.00700932977180386,0,0,0,-250168.030822147,272903.41749522
41.4,1267.9584754673,NaN,37.5467179388306,1.00329262210552,NaN,0.00035568928134111,6.30181609289109e-05,2.0633869468606e-08,0.0040334110240575,0.00284268536550337,0.000110770365760381,0.000110770365760381,0.00698686675532126,0,0,0,-253180.672194139,276189.112609372
41.5,1269.15828561903,NaN,37.546745722595,1.00334587509095,NaN,0.000355688606035057,6.30192807616676e-05,2.09675909662404e-08,0.004017549509325,0.00283481673102494,0.000112100804765214,0.000112100804765214,0.00696446704511515,0,0,0,-256214.148882558,279497.508782483
41.6,1270.35423901383,NaN,37.5467738383323,1.00339976443705,NaN,0.000355687922659187,6.30204139762765e-05,2.13053003912786e-08,0.00400173900253266,0.00282695117834195,0.000113440394429319,0.000113440394429319,0.00694213057530393,0,0,0,-259268.395733657,282828.534152307
41.7,1271.54634627555,NaN,37.5468022883019,1.00345429447693,NaN,0.000355687231158549,6.30215606638601e-05,2.1647024899201e-08,0.00398597936314137,0.00281908881042909,0.000114789105934343,0.000114789105934343,0.0069198572795048,0,0,0,-262343.347593636,286182.116754896
41.8,1272.73461801927,NaN,37.5468310747557,1.00350946952992,NaN,0.000355686531478365,6.30227209152532e-05,2.19927915596342e-08,0.00397027045072542,0.00281122972960178,0.000116146910436164,0.000116146910436164,0.00689764709076336,0,0,0,-265438.939274847,289558.184795747
41.9,1273.91906485136,NaN,37.5468601999388,1.00356529390174,NaN,0.000355685823564034,6.30238948210021e-05,2.23426273563506e-08,0.00395461212497257,0.00280337403751444,0.000117513779073552,0.000117513779073552,0.00687549994156057,0,0,0,-268555.105691278,292956.666344821
42,1275.0996973694,NaN,37.546889666089,1.00362177188433,NaN,0.000355685107361124,6.30250824713654e-05,2.26965591872686e-08,0.00393900424568399,0.00279552183515881,0.000118889683045286,0.000118889683045286,0.00685341576388809,0,0,0,-271691.781587503,296377.48943819
42.1,1276.27652616226,NaN,37.5469194754367,1.00367890775594,NaN,0.00035568438281538,6.30262839563133e-05,2.30546138644526e-08,0.00392344667277428,0.00278767322286229,0.000120274593472965,0.000120274593472965,0.00683139448910954,0,0,0,-274848.901843656,299820.582281371
42.2,1277.44956181005,NaN,37.5469496302054,1.00373670578115,NaN,0.00035568364987272,6.30274993655281e-05,2.34168181141128e-08,0.00390793926627146,0.00277982830028637,0.000121668481538237,0.000121668481538237,0.00680943604809607,0,0,0,-278026.401272053,303285.872978178
42.3,1278.61881488417,NaN,37.5469801326113,1.00379517021079,NaN,0.000355682908479236,6.30287287884038e-05,2.37831985766057e-08,0.00389248188631699,0.00277198716642509,0.000123071318405561,0.000123071318405561,0.00678754037114764,0,0,0,-281224.214718929,306773.289564701
42.4,1279.78429594726,NaN,37.5470109848633,1.00385430528201,NaN,0.000355682158581192,6.30299723140465e-05,2.41537818064334e-08,0.00387707439316573,0.00276414991960348,0.000124483075230872,0.000124483075230872,0.00676570738800008,0,0,0,-284442.277030511,310282.760178665
42.5,1280.94601555323,NaN,37.5470421891633,1.00391411521824,NaN,0.000355681400125029,6.30312300312742e-05,2.45285942722441e-08,0.00386171664718598,0.00275631665747617,0.000125903723161455,0.000125903723161455,0.0067439370278236,0,0,0,-287680.523053024,313814.212991677
42.6,1282.10398424727,NaN,37.5470737477059,1.00397460422922,NaN,0.000355680633057358,6.30325020286168e-05,2.49076623568321e-08,0.00384640850885945,0.00274848747702595,0.000127333233378994,0.000127333233378994,0.00672222921926439,0,0,0,-290938.887598812,317367.576039816
42.7,1283.25821256584,NaN,37.5471056626785,1.00403577651096,NaN,0.000355679857324966,6.30337883943159e-05,2.52910123571374e-08,0.00383114983878126,0.00274066247456236,0.000128771577030773,0.000128771577030773,0.00670058389037439,0,0,0,-294217.305480209,320942.777426915
42.8,1284.40871103668,NaN,37.5471379362614,1.0040976362458,NaN,0.000355679072874813,6.30350892163253e-05,2.56786704842463e-08,0.00381594049765996,0.00273284174572044,0.000130218725289884,0.000130218725289884,0.00667900096867028,0,0,0,-297515.711577354,324539.745324614
42.9,1285.5554901788,NaN,37.5471705706276,1.00416018760234,NaN,0.000355678279654035,6.30364045823106e-05,2.60706628633907e-08,0.0038007803463175,0.00272502538545937,0.000131674649295066,0.000131674649295066,0.00665748038107194,0,0,0,-300834.040736441,328158.407768961
43,1286.69856050249,NaN,37.547203567943,1.0042234347355,NaN,0.000355677477609937,6.30377345796492e-05,2.64670155339486e-08,0.00378566924568925,0.00271721348806128,0.000133139320219357,0.000133139320219357,0.00663602205396989,0,0,0,-304172.227769824,331798.692931571
43.1,1287.83793250933,NaN,37.5472369303662,1.00428738178649,NaN,0.000355676666690002,6.30390792954306e-05,2.68677544494442e-08,0.00377060705682399,0.00270940614713003,0.000134612709235859,0.000134612709235859,0.00661462591318988,0,0,0,-307530.207489849,335460.528882408
43.2,1288.97361669217,NaN,37.5472706600488,1.00435203288278,NaN,0.000355675846841884,6.3040438816456e-05,2.72729054775472e-08,0.0037555936408839,0.00270160345559005,0.000136094787491856,0.000136094787491856,0.0065932918839658,0,0,0,-310907.914776611,339143.843691422
43.3,1290.10562353518,NaN,37.5473047591349,1.00441739213818,NaN,0.000355675018013414,6.30418132292388e-05,2.76824944000738e-08,0.00374062885914458,0.00269380550568523,0.000137585526134694,0.000137585526134694,0.0065720198909645,0,0,0,-314305.284442487,342848.565530254
43.4,1291.23396351377,NaN,37.5473392297619,1.00448346365277,NaN,0.000355674180152592,6.30432026200039e-05,2.80965469129856e-08,0.00372571257299501,0.00268601238897788,0.000139084896363187,0.000139084896363187,0.00655080985833607,0,0,0,-317722.25133367,346574.622502713
43.5,1292.3586470947,NaN,37.5473740740594,1.00455025151295,NaN,0.000355673333207596,6.30446070746886e-05,2.85150886263906e-08,0.00371084464393761,0.00267822419634764,0.000140592869298879,0.000140592869298879,0.00652966170958413,0,0,0,-321158.750262516,350321.942746534
43.6,1293.47968473597,NaN,37.5474092941504,1.00461775979137,NaN,0.000355672477126776,6.30460266789416e-05,2.89381450645425e-08,0.00369602493358816,0.00267044101799055,0.000142109416123457,0.000142109416123457,0.00650857536770217,0,0,0,-324614.71607525,354090.454263917
43.7,1294.59708688691,NaN,37.5474448921503,1.00468599254701,NaN,0.000355671611858656,6.30474615181239e-05,2.93657416658413e-08,0.00368125330367588,0.00266266294341804,0.000143634507992784,0.000143634507992784,0.0064875507550867,0,0,0,-328090.08365198,357880.085226469
43.8,1295.71086398814,NaN,37.5474808701675,1.00475495382515,NaN,0.000355670737351933,6.30489116773083e-05,2.97979037828324e-08,0.00366652961604335,0.0026548900614561,0.0001451681160628,0.0001451681160628,0.00646658779356225,0,0,0,-331584.787771168,361690.763771914
43.9,1296.82102647158,NaN,37.547517230303,1.00482464765732,NaN,0.000355669853555478,6.30503772412793e-05,3.02346566822078e-08,0.00365185373264658,0.00264712246024433,0.000146710211506532,0.000146710211506532,0.00644568640439744,0,0,0,-335098.763279029,365522.417936321
44,1297.92758476046,NaN,37.547553974651,1.00489507806139,NaN,0.000355668960418336,6.30518582945337e-05,3.0676025544805e-08,0.00363722551555495,0.00263936022723517,0.000148260765479912,0.000148260765479912,0.00642484650827003,0,0,0,-338631.945021822,369374.975925213
44.1,1299.0305492693,NaN,37.5475911052982,1.00496624904151,NaN,0.000355668057889727,6.30533549212798e-05,3.11220354656075e-08,0.00362264482695125,0.00263160344919309,0.000149819749121678,0.000149819749121678,0.00640406802526602,0,0,0,-342184.26784574,373248.365740755
44.2,1300.12993040394,NaN,37.5476286243242,1.00503816458811,NaN,0.000355667145919043,6.30548672054382e-05,3.15727114537452e-08,0.00360811152913165,0.00262385221219385,0.00015138713363061,0.00015138713363061,0.00638335087495611,0,0,0,-345755.666563137,377142.515554563
44.3,1301.22573856153,NaN,37.5476665338013,1.00511082867794,NaN,0.000355666224455849,6.3056395230641e-05,3.20280784324933e-08,0.00359362548450572,0.00261610660162378,0.000152962890145489,0.000152962890145489,0.00636269497627499,0,0,0,-349346.07602024,381057.353470481
44.4,1302.31798413053,NaN,37.5477048357949,1.00518424527401,NaN,0.000355665293449886,6.30579390802326e-05,3.24881612392736e-08,0.00357918655559642,0.00260836670217911,0.000154546989813591,0.000154546989813591,0.00634210024758912,0,0,0,-352955.431097143,384992.807558459
44.5,1303.4066774907,NaN,37.5477435323629,1.00525841832567,NaN,0.000355664352851068,6.30594988372691e-05,3.29529846256534e-08,0.00356479460504008,0.00260063259786535,0.000156139403833761,0.000156139403833761,0.00632156660673919,0,0,0,-356583.666572346,388948.80595626
44.6,1304.49182901313,NaN,37.5477826255561,1.00533335176851,NaN,0.000355663402609482,6.30610745845184e-05,3.34225732573462e-08,0.00355044949558644,0.00259290437199668,0.000157740103327573,0.000157740103327573,0.00630109397091069,0,0,0,-360230.717258157,392925.276767689
44.7,1305.57344906024,NaN,37.5478221174182,1.00540904952447,NaN,0.000355662442675388,6.30626664044606e-05,3.38969517142113e-08,0.00353615109009861,0.00258518210719541,0.000159349059476642,0.000159349059476642,0.00628068225677066,0,0,0,-363896.518068576,396922.148164364
44.8,1306.65154798575,NaN,37.5478620099857,1.00548551550176,NaN,0.000355661472999223,6.30642743792874e-05,3.43761444902541e-08,0.00352189925155308,0.00257746588539146,0.000160966243445495,0.000160966243445495,0.00626033138039003,0,0,0,-367581.003815948,400939.348148485
44.9,1307.72613613471,NaN,37.5479023052878,1.00556275359486,NaN,0.000355660493531594,6.30658985909028e-05,3.4860175993626e-08,0.00350769384303972,0.00256975578782184,0.000162591626381408,0.000162591626381408,0.00624004125724297,0,0,0,-371284.109312604,404976.804823883
45,1308.79722384348,NaN,37.5479430053467,1.00564076768459,NaN,0.000355659504223284,6.30675391209223e-05,3.53490705466242e-08,0.00349353472776181,0.00256205189503027,0.000164225179448899,0.000164225179448899,0.00621981180224098,0,0,0,-375005.769404809,409034.446396085
45.1,1309.86482143977,NaN,37.5479841121771,1.00571956163802,NaN,0.000355658505025249,6.30691960506735e-05,3.5842852385692e-08,0.00347942176903598,0.00255435428686672,0.000165866873812451,0.000165866873812451,0.00619964292971515,0,0,0,-378745.918904867,413112.200935012
45.2,1310.9289392426,NaN,37.5480256277869,1.00579913930855,NaN,0.000355657495888619,6.30708694611959e-05,3.63415456614185e-08,0.00346535483029223,0.00254666304248706,0.000167516680627932,0.000167516680627932,0.00617953455340722,0,0,0,-382504.492659019,417209.996510641
45.3,1311.98958756233,NaN,37.5480675541764,1.00587950453586,NaN,0.000355656476764697,6.3072559433241e-05,3.6845174438539e-08,0.00345133377507395,0.00253897824035272,0.000169174571059871,0.000169174571059871,0.00615948658648654,0,0,0,-386281.425547371,421327.761260695
45.4,1313.04677670064,NaN,37.5481098933391,1.00596066114592,NaN,0.00035565544760496,6.30742660472719e-05,3.73537626959346e-08,0.00343735846703791,0.00253129995823039,0.000170840516272707,0.000170840516272707,0.00613949894154101,0,0,0,-390076.652382267,425465.42328902
45.5,1314.10051695056,NaN,37.5481526472611,1.00604261295099,NaN,0.00035565440836106,6.30759893834641e-05,3.78673343266323e-08,0.00342342876995427,0.00252362827319175,0.000172514487422388,0.000172514487422388,0.00611957153056841,0,0,0,-393890.107976052,429622.910733338
45.6,1315.15081859644,NaN,37.5481958179213,1.00612536374966,NaN,0.000355653358984821,6.30777295217045e-05,3.83859131378052e-08,0.0034095445477065,0.00251596326161326,0.000174196455656187,0.000174196455656187,0.00609970426497594,0,0,0,-397721.727208818,433800.151629716
45.7,1316.19769191398,NaN,37.5482394072914,1.00620891732676,NaN,0.000355652299428242,6.30794865415922e-05,3.89095228507725e-08,0.0033957056642915,0.00250830499917593,0.000175886392155786,0.000175886392155786,0.00607989705562321,0,0,0,-401571.444859071,437997.074149806
45.8,1317.2411471702,NaN,37.5482834173361,1.00629327745346,NaN,0.000355651229643495,6.30812605224382e-05,3.94381871009988e-08,0.00338191198381952,0.0025006535608652,0.000177584268085671,0.000177584268085671,0.00606014981277038,0,0,0,-405439.195806875,442213.606397404
45.9,1318.28119462349,NaN,37.5483278500127,1.0063784478872,NaN,0.000355650149582925,6.30830515432653e-05,3.99719294380955e-08,0.00336816337051417,0.00249300902097077,0.00017929005457596,0.00017929005457596,0.00604046244606089,0,0,0,-409324.91486459,446449.676408609
46,1319.31784452356,NaN,37.5483727072714,1.00646443237171,NaN,0.000355649059199053,6.30848596828083e-05,4.05107733258192e-08,0.00335445968871244,0.00248537145308655,0.00018100372280835,0.00018100372280835,0.00602083486460734,0,0,0,-413228.536878441,450705.212388906
46.1,1320.35110711146,NaN,37.5484179910552,1.00655123463705,NaN,0.000355647958444571,6.30866850195138e-05,4.10547421420729e-08,0.00334080080286467,0.00247774093011058,0.000182725243955858,0.000182725243955858,0.00600126697693111,0,0,0,-417149.996694638,454980.142408242
46.2,1321.38099261961,NaN,37.5484637032999,1.00663885839954,NaN,0.000355646847272347,6.30885276315405e-05,4.16038591789053e-08,0.00332718657753459,0.00247011752424501,0.000184454589157259,0.000184454589157259,0.00598175869093686,0,0,0,-421089.229125571,459274.394536626
46.3,1322.40751127175,NaN,37.5485098459341,1.00672730736179,NaN,0.000355645725635422,6.30903875967588e-05,4.21581476425113e-08,0.00331361687739926,0.00246250130699609,0.000186191729568454,0.000186191729568454,0.0059623099139638,0,0,0,-425046.169051302,463587.896945618
46.4,1323.430673283,NaN,37.5485564208792,1.00681658521273,NaN,0.00035564459348701,6.30922649927512e-05,4.27176306532317e-08,0.00330009156724913,0.00245489234917422,0.000187936636379636,0.000187936636379636,0.00594292055280299,0,0,0,-429020.751250308,467920.577739076
46.5,1324.45048885981,NaN,37.5486034300496,1.00690669562759,NaN,0.0003556434507805,6.30941598968118e-05,4.32823312455531e-08,0.003286610511988,0.00244729072089407,0.000189689280729594,0.000189689280729594,0.00592359051361166,0,0,0,-433012.910568817,472272.364953082
46.6,1325.46696819999,NaN,37.5486508753522,1.00699764226784,NaN,0.000355642297469453,6.30960723859471e-05,4.38522723681083e-08,0.00327317357663302,0.00243969649157458,0.000191449633774178,0.000191449633774178,0.00590431970198177,0,0,0,-437022.581853038,476643.186725343
46.7,1326.48012149269,NaN,37.548698758687,1.0070894287813,NaN,0.000355641133507605,6.3098002536875e-05,4.44274768836758e-08,0.0032597806263147,0.0024321097299392,0.000193217666695074,0.000193217666695074,0.00588510802294898,0,0,0,-441049.699983123,481032.971227515
46.8,1327.48995891844,NaN,37.5487470819465,1.00718205880208,NaN,0.000355639958848867,6.30999504260257e-05,4.50079675691804e-08,0.00324643152627693,0.00242453050401601,0.000194993350631021,0.000194993350631021,0.00586595538092397,0,0,0,-445094.199771372,485441.646529511
46.9,1328.49649064911,NaN,37.5487958470163,1.00727553595056,NaN,0.00035563877344732,6.3101916129541e-05,4.55937671156926e-08,0.00323312614187693,0.00241695888113792,0.000196776656763626,0.000196776656763626,0.00584686167977848,0,0,0,-449156.015996263,489869.140667427
47,1329.49972684794,NaN,37.5488450557746,1.00736986383341,NaN,0.000355637577257222,6.31038997232749e-05,4.61848981284288e-08,0.0032198643385853,0.0024093949279429,0.000198567556231682,0.000198567556231682,0.00582782682275988,0,0,0,-453235.083571783,494315.381846752
47.1,1330.49967766952,NaN,37.5488947100926,1.00746504604364,NaN,0.000355636370233004,6.3105901282793e-05,4.67813831267517e-08,0.00320664598198595,0.00240183871037425,0.000200366020208199,0.000200366020208199,0.0058088507125684,0,0,0,-457331.337276398,498780.29817133
47.2,1331.49635325982,NaN,37.5489448118342,1.0075610861605,NaN,0.00035563515232927,6.31079208833731e-05,4.73832445441696e-08,0.0031934709377762,0.00239429029368089,0.000202172019866298,0.000202172019866298,0.00578993325132339,0,0,0,-461444.711956331,503263.817677239
47.3,1332.48976375615,NaN,37.5489953628562,1.00765798774957,NaN,0.000355633923500798,6.31099586000048e-05,4.7990504728337e-08,0.00318033907176667,0.00238674974241768,0.000203985526336081,0.000203985526336081,0.00577107434052043,0,0,0,-465575.142525555,507765.86853607
47.4,1333.47991928721,NaN,37.549046365008,1.00775575436272,NaN,0.00035563268370254,6.31120145073894e-05,4.86031859410544e-08,0.00316725024988136,0.00237921712044576,0.000205806510807818,0.000205806510807818,0.00575227388113493,0,0,0,-469722.563694819,512286.378817837
47.5,1334.46682997304,NaN,37.5490978201319,1.00785438953807,NaN,0.000355631432889622,6.31140886799406e-05,4.92213103582678e-08,0.00315420433815762,0.00237169249093295,0.000207634944420247,0.000207634944420247,0.00573353177351081,0,0,0,-473886.910344181,516825.27662633
47.6,1335.45050592508,NaN,37.5491497300633,1.00795389680011,NaN,0.000355630171017343,6.31161811917834e-05,4.98449000700699e-08,0.00314120120274612,0.00236417591635413,0.00020947079833781,0.00020947079833781,0.00571484791743807,0,0,0,-478068.117353765,521382.490133174
47.7,1336.43095724611,NaN,37.54920209663,1.00805427965957,NaN,0.000355628898041175,6.31182921167552e-05,5.04739770806987e-08,0.00312824070991092,0.00235666745849173,0.000211314043742212,0.000211314043742212,0.00569622221214487,0,0,0,-482266.119535916,525957.947374449
47.8,1337.40819403029,NaN,37.5492549216528,1.00815554161349,NaN,0.000355627613916767,6.31204215284051e-05,5.11085633085385e-08,0.00311532272602939,0.00234916717843614,0.000213164651772133,0.000213164651772133,0.00567765455623767,0,0,0,-486480.851736841,530551.576487861
47.9,1338.38222636317,NaN,37.5493082069453,1.00825768614522,NaN,0.000355626318599938,6.31225694999941e-05,5.17486805861196e-08,0.00310244711759227,0.00234167513658622,0.000215022593600682,0.000215022593600682,0.00565914484777917,0,0,0,-490712.248768936,535163.305611192
48,1339.35306432166,NaN,37.5493619543139,1.00836071672437,NaN,0.000355625012046683,6.31247361044952e-05,5.23943506601182e-08,0.00308961375120362,0.00233419139264987,0.000216887840366597,0.000216887840366597,0.00564069298422008,0,0,0,-494960.245478376,539793.062780464
48.1,1340.32071797404,NaN,37.5494161655578,1.00846463680687,NaN,0.000355623694213169,6.31269214145932e-05,5.30455951913562e-08,0.00307682249358086,0.0023267160056445,0.000218760363251482,0.000218760363251482,0.00562229886247684,0,0,0,-499224.776677522,544440.776167305
48.2,1341.28519737997,NaN,37.5494708424691,1.00856944983494,NaN,0.000355622365055739,6.31291255026849e-05,5.37024357548018e-08,0.00306407321155476,0.00231924903389768,0.000220640133419881,0.000220640133419881,0.00560396237887232,0,0,0,-503505.777246482,549106.373841675
48.3,1342.24651259049,NaN,37.5495259868326,1.00867515923709,NaN,0.000355621024530908,6.31313484408789e-05,5.43648938395691e-08,0.0030513657720694,0.00231179053504771,0.000222527122019052,0.000222527122019052,0.00558568342913617,0,0,0,-507803.181997581,553789.78394128
48.4,1343.20467364803,NaN,37.5495816004259,1.00878176842812,NaN,0.000355619672595364,6.31335903009958e-05,5.50329908489181e-08,0.00303870004218224,0.00230434056604428,0.000224421300204944,0.000224421300204944,0.00556746190843146,0,0,0,-512116.925743218,558490.934570022
48.5,1344.15969058638,NaN,37.5496376850195,1.00888928080915,NaN,0.000355618309205972,6.31358511545682e-05,5.57067481002547e-08,0.00302607588906404,0.00229689918314906,0.000226322639167786,0.000226322639167786,0.00554929771138088,0,0,0,-516446.943363446,563209.753797804
48.6,1345.11157343074,NaN,37.5496942423767,1.00899769976756,NaN,0.000355616934319767,6.31381310728404e-05,5.63861868251307e-08,0.00301349317999894,0.00228946644193649,0.000228231110029105,0.000228231110029105,0.00553119073196453,0,0,0,-520793.169704509,567946.169762371
48.7,1346.06033219765,NaN,37.5497512742535,1.00910702867704,NaN,0.00035561554789396,6.31404301267688e-05,5.70713281692444e-08,0.00300095178238437,0.0022820423972944,0.000230146683970612,0.000230146683970612,0.00551314086364938,0,0,0,-525155.539544869,572700.110567567
48.8,1347.00597689508,NaN,37.5498087823988,1.00921727089758,NaN,0.000355614149885935,6.31427483870214e-05,5.77621931924393e-08,0.00298845156373115,0.0022746271034248,0.000232069332156728,0.000232069332156728,0.00549514799931268,0,0,0,-529533.987764635,577471.504351115
48.9,1347.94851752235,NaN,37.5498667685543,1.00932842977546,NaN,0.00035561274025325,6.31450859239786e-05,5.84588028687054e-08,0.00297599239166339,0.00226722061384463,0.000233999025734836,0.000233999025734836,0.00547721203124286,0,0,0,-533928.449176149,582260.279182978
49,1348.8879640702,NaN,37.5499252344546,1.00944050864325,NaN,0.000355611318953636,6.31474428077322e-05,5.91611780861785e-08,0.00296357413391856,0.00225982298138654,0.00023593573588652,0.00023593573588652,0.00545933285119162,0,0,0,-538338.858591738,587066.363166979
49.1,1349.82432652073,NaN,37.549984181827,1.00955351081982,NaN,0.000355609885944999,6.31498191080863e-05,5.98693396471403e-08,0.00295119665834745,0.0022524342581997,0.000237879433741984,0.000237879433741984,0.00544151035028914,0,0,0,-542765.150925447,591889.684440904
49.2,1350.75761484744,NaN,37.5500436123915,1.00966743961032,NaN,0.000355608441185418,6.31522148945567e-05,6.05833082680184e-08,0.0029388598329142,0.00224505449575066,0.000239830090491458,0.000239830090491458,0.00542374441915631,0,0,0,-547207.260989563,596730.171074654
49.3,1351.68783901523,NaN,37.5501035278612,1.00978229830623,NaN,0.000355606984633145,6.31546302363712e-05,6.13031045793866e-08,0.00292656352569627,0.00223768374482418,0.000241787677273631,0.000241787677273631,0.00540603494779408,0,0,0,-551665.123562569,601587.751205974
49.4,1352.61500898037,NaN,37.5501639299417,1.00989809018528,NaN,0.000355605516246607,6.31570652024694e-05,6.20287491259645e-08,0.00291430760488445,0.00223032205552415,0.000243752165261634,0.000243752165261634,0.00538838182567023,0,0,0,-556138.673490689,606462.352938708
49.5,1353.53913469054,NaN,37.5502248203318,1.01001481851152,NaN,0.000355604035984405,6.31595198615028e-05,6.27602623666178e-08,0.00290209193878287,0.00222296947727447,0.000245723525611304,0.000245723525611304,0.00537078494166865,0,0,0,-560627.845687894,611353.904376678
49.6,1354.46022608481,NaN,37.5502862007226,1.01013248653529,NaN,0.000355602543805311,6.31619942818351e-05,6.3497664674358e-08,0.00288991639580899,0.00221562605882001,0.000247701729487173,0.000247701729487173,0.00535324418411617,0,0,0,-565132.574898822,616262.333657671
49.7,1355.37829309363,NaN,37.5503480727985,1.01025109749323,NaN,0.000355601039668275,6.31644885315416e-05,6.42409763363424e-08,0.00287778084449358,0.00220829184822754,0.000249686748045144,0.000249686748045144,0.00533575944076627,0,0,0,-569652.796003523,621187.568817706
49.8,1356.29334563888,NaN,37.5504104382364,1.01037065460826,NaN,0.000355599523532417,6.31670026784096e-05,6.49902175538749e-08,0.00286568515348077,0.00220096689288674,0.00025167855244965,0.00025167855244965,0.00531833059881716,0,0,0,-574188.443848242,626129.537994529
49.9,1357.20539363381,NaN,37.5504732987061,1.0104911610896,NaN,0.000355597995357032,6.31695367899383e-05,6.57454084424046e-08,0.00285362919152799,0.00219365123951116,0.000253677113865243,0.000253677113865243,0.0053009575449044,0,0,0,-578739.453245323,631088.169359744
50,1358.11444698306,NaN,37.5505366558702,1.01061262013278,NaN,0.00035559645510159,6.31720909333389e-05,6.65065690315271e-08,0.00284161282750601,0.0021863449341393,0.000255682403439174,0.000255682403439174,0.00528364016508449,0,0,0,-583305.759074853,636063.390983293
50.1,1359.0205155827,NaN,37.5506005113843,1.01073503491961,NaN,0.000355594902725732,6.31746651755343e-05,6.72737192649838e-08,0.00282963593039893,0.00217904802213562,0.000257694392335978,0.000257694392335978,0.00526637834487053,0,0,0,-587887.296115355,641055.130935204
50.2,1359.92360932017,NaN,37.5506648668964,1.01085840861819,NaN,0.000355593338189276,6.31772595831595e-05,6.80468790006619e-08,0.00281769836930416,0.00217176054819159,0.000259713051737305,0.000259713051737305,0.00524917196923306,0,0,0,-592483.999212996,646063.317319253
50.3,1360.82373807433,NaN,37.5507297240477,1.01098274438291,NaN,0.000355591761452211,6.31798742225614e-05,6.88260680105948e-08,0.00280580001343245,0.00216448255632686,0.000261738352773256,0.000261738352773256,0.00523202092253256,0,0,0,-597095.80321402,651087.87830707
50.4,1361.72091171544,NaN,37.5507950844721,1.01110804535449,NaN,0.000355590172474701,6.31825091597988e-05,6.96113059809616e-08,0.00279394073210787,0.00215721408989027,0.000263770266616969,0.000263770266616969,0.00521492508861511,0,0,0,-601722.642930772,656128.741968616
50.5,1362.61514010516,NaN,37.5508609497961,1.01123431465989,NaN,0.000355588571217084,6.31851644606422e-05,7.04026125120878e-08,0.00278212039476781,0.00214995519156106,0.000265808764441437,0.000265808764441437,0.00519788435077031,0,0,0,-605042.045367752,659745.132534984
50.5431396249872,1363,NaN,37.550889520143,1.01128908651682,NaN,0.000355587876639189,6.31863162511173e-05,7.07458577333122e-08,0.00277703313685587,0.00214682669472802,0.000267271518176191,0.000267271518176191,0.00519113134976009,0,0,0,-747636348.395834,18176534.9513893
50.6431396249872,1367.83704792247,1608.68212055044,37.5534627321926,1.12085248359258,149.975515540791,0.00035246445478587,6.33527413248414e-05,7.07458597615718e-08,0,0.00042150552083177,0.596673934313605,8.3238691162332e-10,0.298758473093828,-31234.2185331874,1664.25073724119,2.0282596619742e-05,-1070335861.94177,25816178.472281
50.7431396249872,1372.62820099814,1615.34423726998,37.5560527558374,1.23051949459963,171.67607471944,0.000349356778044908,6.35202766641038e-05,7.07458617779808e-08,0,0.000413635784533729,0.851698585365811,8.27506386261593e-10,0.426262928881192,-31076.7674096167,1675.35339262376,2.01640895230702e-05,-1304110965.66712,18571016.1599462
50.8431396249872,1379.22179041452,1617.25703907436,37.5571769354246,1.38538887995799,171.0863716165,0.000344920847913048,6.35930041015885e-05,7.07458637825669e-08,0,0.00040261296039758,0.847387972449624,8.03620342174739e-10,0.42409659958702,-44359.3013186007,727.274374846729,2.0045861630561e-05,-1540076941.94802,11322418.0659162
50.9431396249872,1385.76006874693,1619.24701439229,37.5583172394506,1.54079936660242,170.479314386018,0.000340507368890119,6.36667791067647e-05,7.07458657292905e-08,0,0.000391524241561002,0.843408361055121,7.43553474004443e-10,0.422095705140898,-44134.7902292892,737.750051762043,1.94672360844432e-05,-1545670060.6249,11486750.2075945
51.0431396249872,1392.24544037409,1621.24580282575,37.5594742854662,1.69682024212448,169.873571167714,0.000336114617009852,6.37416418256184e-05,7.07458675305056e-08,0,0.000380367936194388,0.839481712938374,6.88159956485493e-10,0.420121224749461,-43927.5188026762,748.627188537097,1.80121510870179e-05,-1551703946.09098,11654598.1007374
51.1431396249872,1398.67830997443,1623.20907933222,37.5606481590707,1.85347107544077,169.30227827123,0.000331742316421842,6.38175979962855e-05,7.07458691975332e-08,0,0.000369145661738077,0.835595266448751,6.40064827414472e-10,0.418166779206146,-43723.0058800986,759.561706671574,1.667027529506e-05,-1557923773.37347,11812230.5473978
51.2431396249872,1405.05899177814,1625.20428332284,37.5618367315756,2.01076744290866,168.682728829415,0.000327390257742617,6.38945100754324e-05,7.0745870748053e-08,0,0.000357859148574131,0.831625746222546,5.96514557024009e-10,0.416170732558105,-43520.5867922448,769.120791468829,1.5505198724694e-05,-1564207217.56815,11974707.699966
51.3431396249872,1411.38693996163,1627.21237876748,37.5630431006107,2.16870746049439,168.073366872532,0.000323058873647891,6.39725787021941e-05,7.07458721930749e-08,0,0.000346511786224437,0.827691303710627,5.52498320234958e-10,0.414192163917787,-43313.8409472634,780.68626761699,1.44502187164252e-05,-1570551889.10573,12148949.9823523
51.4431396249872,1417.66243467097,1629.22751748065,37.5642665215721,2.32730761072627,167.460987402078,0.000318747981441234,6.40517559083838e-05,7.074587353147e-08,0,0.00033510545850234,0.823747681524381,5.16866608653634e-10,0.412208946479126,-43108.9220665691,791.772061896675,1.33839509427619e-05,-1577029057.70118,12321326.1328423
51.5431396249872,1423.88544974325,1631.24516859033,37.5655073658373,2.4865775372612,166.836853366866,0.000314457628933453,6.41320659451137e-05,7.07458747835493e-08,0,0.000323642642592681,0.819796477639996,4.79780651777626e-10,0.410221881702481,-42903.5250778113,803.100367299576,1.25207934229195e-05,-1583601749.72311,12498851.5057504
51.6431396249872,1430.05597251645,1633.30890825994,37.5667662918733,2.64652773097204,166.208351371149,0.000310187855612559,6.42135516551926e-05,7.07458759457901e-08,0,0.000312125826384863,0.8157388391591,4.46344865601398e-10,0.408181545629107,-42697.7332089465,814.857100788481,1.16224076553704e-05,-1590177575.3136,12679329.7830657
51.7431396249872,1436.17329393881,1635.34914386471,37.5680432317939,2.80714891828053,165.581000197575,0.000305939215825408,6.42962088786773e-05,7.07458770270346e-08,0,0.000300558842216967,0.811768012784764,4.16074264828952e-10,0.406184565442636,-42486.3978715023,826.572234847439,1.08124451531767e-05,-1596849679.2876,12861653.673717
51.8431396249872,1442.23807557808,1637.39507910805,37.569338622608,2.96846999756431,164.949684340894,0.000301711257425615,6.43800661422426e-05,7.07458780349504e-08,0,0.000288942980959659,0.807795131850444,3.88152333477883e-10,0.404186509100258,-42279.5839979317,838.572635652683,1.00791574291995e-05,-1603722812.42013,13047635.2850951
51.9431396249872,1448.25035142668,1639.44697645196,37.5706527588509,3.13050300782157,164.312229840377,0.000297503991114013,6.44651427601082e-05,7.07458789752268e-08,0,0.000277280719820818,0.803834417644162,3.58435825692671e-10,0.40219448972112,-42072.6631160215,850.766178655717,9.40276485795881e-06,-1610729391.90361,13237669.8337595
52.0431396249872,1454.21025788455,1641.50874755181,37.5719861565748,3.29326340991179,163.670736362532,0.000293317353522226,6.45514723972999e-05,7.07458798435168e-08,0,0.00026557435843839,0.799825556742445,3.36300721265092e-10,0.400178352897811,-41866.3759178686,863.296371916905,8.68289971480626e-06,-1617826617.94134,13430549.4109512
52.1431396249872,1460.11750989701,1643.57465972074,37.5733388687331,3.45675444129203,163.022593034496,0.000289151595414296,6.4639058746951e-05,7.07458806581858e-08,0,0.000253827045359197,0.79580605738618,3.16465621941412e-10,0.398156855896682,-41657.5810793053,875.86349651115,8.14668966507137e-06,-1624994167.95093,13626592.512544
52.2431396249872,1465.97209142531,1645.64566616648,37.5747114750773,3.62098756200448,162.368985889454,0.000285006772198839,6.47279396189778e-05,7.07458814248054e-08,0,0.000242041442143506,0.791792209261619,2.96231480823779e-10,0.396138146221069,-41448.2321545606,888.808720268892,7.6661959032441e-06,-1632288918.93839,13827633.3182167
52.3431396249872,1471.7741018036,1647.72205248481,37.5761043953968,3.78597775174336,161.710777880473,0.000280882854442359,6.48181424793871e-05,7.07458821424089e-08,0,0.000230219994969202,0.787772706506459,2.77972779526022e-10,0.394116573387185,-41239.1775648017,902.028604092993,7.17603558570296e-06,-1639719762.29567,14032833.7502623
52.4431396249872,1477.52356357957,1649.80322721283,37.5775180418273,3.95173808121366,161.047691532489,0.000276779871596057,6.49096943106879e-05,7.07458828157818e-08,0,0.000218365321050605,0.783750720818527,2.60863286028577e-10,0.392093725860746,-41029.8284630265,915.518313007201,6.73372915055614e-06,-1647282454.49541,14241975.9099618
52.5431396249872,1483.22052403541,1651.88881471661,37.5789527905788,4.11828263782443,160.379622836306,0.000272697836591873,6.50026197809082e-05,7.0745883447708e-08,0,0.00020648000343739,0.779727027247302,2.44645651034185e-10,0.390069993749411,-40820.3500418324,929.254702202927,6.31926160696628e-06,-1654985218.7302,14454818.387437
52.6431396249872,1488.86503863717,1653.97912472842,37.5804090055048,4.28562608863719,159.706989318718,0.000268636758325035,6.50969427696699e-05,7.07458840403479e-08,0,0.000194566622619151,0.775694582411572,2.30562390916028e-10,0.388041857943686,-40610.7826683808,943.229887617396,5.92639881766359e-06,-1662825708.22398,14671831.2953927
52.7431396249872,1494.45711702459,1656.07324654152,37.5818871568378,4.4537821457283,159.029246393862,0.000264596682375046,6.51926940595218e-05,7.07458845988719e-08,0,0.000182627871910491,0.771660113039924,2.17119275500981e-10,0.386012684500432,-40400.7594998963,957.512898519578,5.58524002019356e-06,-1670807969.60697,14893117.6711512
52.8431396249872,1499.99681812179,1658.16340190741,37.583387629039,4.62276630609282,158.351085990314,0.000260577619286362,6.52898988909264e-05,7.07458851248307e-08,0,0.000170666353226909,0.767647580315707,2.04565163460077e-10,0.383994456613363,-40190.6308868309,972.048314045014,5.25958835639056e-06,-1678970064.16236,15117469.2842176
52.9431396249872,1505.48436900624,1660.26341139334,37.5849106506947,4.79259965241762,157.666081292752,0.000256579454805614,6.53885724185113e-05,7.07458856203779e-08,0,0.000158684308610027,0.763624975990329,1.92904397234479e-10,0.381971172400227,-39981.644807483,986.73527584922,4.95547228303501e-06,-1687308879.35837,15345494.0198128
53.0431396249872,1510.91977898732,1662.40588110411,37.586456727843,4.96329718076846,156.990062614476,0.000252602241389057,6.54887477839149e-05,7.07458860876777e-08,0,0.000146684460501673,0.759983236775151,1.91041091940377e-10,0.380138302943598,-39772.134165572,1001.75365403653,4.67299699324219e-06,-1696232406.87569,15576227.4499844
53.1431396249872,1516.30574450918,1664.53900625866,37.5880258961847,5.13496137928275,156.237154757515,0.000248643995364245,6.55904276676459e-05,7.07458865504636e-08,0,0.000134663506104574,0.755441957413608,1.69801764777991e-10,0.377855642297809,-39582.4602481205,1016.79883731031,4.62785950461228e-06,-1704753366.19405,15828250.8876056
53.2431396249872,1521.63616957458,1666.62044070889,37.5896223780205,5.30741350418479,155.591501490601,0.000244709401836101,6.56938860650634e-05,7.07458869617985e-08,0,0.000122637885866155,0.751902455984477,1.72214264018017e-10,0.376073865964212,-39345.9352814385,1034.58397417487,4.11334913890156e-06,-1713577940.69922,16071015.2068592
53.3431396249872,1526.91799930615,1668.79106481273,37.591240099226,5.48089117046396,154.83649663995,0.000240793243211235,6.57987297639585e-05,7.07458873789776e-08,0,0.000110594650648134,0.747643104289769,1.42034155227185e-10,0.37393214686655,-39161.5862486639,1048.4369889509,4.17179053192558e-06,-1722902319.42746,16323050.5238126
53.4431396249872,1532.14640386751,1670.84819708332,37.5928869881253,5.65525857817504,154.172433171569,0.000236899268709769,6.59054729936879e-05,7.0745887723047e-08,0,9.85475821824422e-05,0.743793329181261,1.56621801451657e-10,0.371995212251124,-38939.745014657,1067.43229729357,3.44069492364946e-06,-1732076166.70507,16574683.3717053
53.5431396249872,1537.32425504013,1673.02731664382,37.5945550359004,5.83062134047933,153.404744300689,0.000233025345120331,6.60135971108187e-05,7.07458881024543e-08,0,8.64928072776222e-05,0.739513103930132,1.26794056810196e-10,0.369843044835741,-38739.2358943775,1081.24117130841,3.79407218162134e-06,-1741418746.08846,16832198.7739372
53.6431396249872,1542.44873560666,1675.09277601572,37.5962534278801,6.00690876714752,152.726052447851,0.000229173714370734,6.61236979323746e-05,7.07458884096055e-08,0,7.44397362088943e-05,0.735628152732718,1.43268275791371e-10,0.367888516174202,-38516.3074959726,1101.00821555884,3.07151239022727e-06,-1750929502.78857,17094907.1911048
53.7431396249872,1547.52261518713,1677.21525258997,37.5979740173386,6.18422622247526,151.994168798806,0.000225342317741961,6.62352478170963e-05,7.07458887566646e-08,0,6.23846287594833e-05,0.73153459352851,1.37259753633299e-10,0.365829681461644,-38313.9662877235,1115.49884721733,3.47059077759793e-06,-1760871118.61138,17340990.0939662
53.8431396249872,1552.54459704652,1679.33997171661,37.5997216258989,6.36255118888858,151.255931196174,0.000221532241734043,6.63485597848503e-05,7.07458890891684e-08,0,5.03333584740598e-05,0.727431333280058,1.31606224284325e-10,0.363766000064306,-38100.7600791894,1133.11967753996,3.32503781778452e-06,-1770774990.59558,17614030.8948183
53.9431396249872,1557.51472242683,1681.52531756104,37.6014968235176,6.54190402677334,150.465294527091,0.000217743536873249,6.64636712806408e-05,7.07458894079768e-08,0,3.82886495893428e-05,0.723119850347386,1.02426786994498e-10,0.361598213874496,-37887.0486079331,1151.11495790462,3.18808435260846e-06,-1780635250.85974,17914954.2744569
54.0431396249872,1562.43169786089,1683.59219704006,37.6033046167537,6.72226122991543,149.762374155134,0.000213977287652721,6.65809074868545e-05,7.07458896560998e-08,0,2.62565175417709e-05,0.719200967525002,1.21246312501965e-10,0.359626740340666,-37662.4922052792,1172.36206213673,2.48122943030143e-06,-1790953122.62095,18199113.8406555
54.1431396249872,1567.29826610402,1685.78194590759,37.6051366462857,6.90373447406566,148.959879052052,0.000210231449280232,6.66997268519863e-05,7.07458899498119e-08,0,1.42330615248436e-05,0.714871711641552,9.28404136252674e-11,0.357450088928721,-37458.3837248891,1188.19365131868,2.93712150622825e-06,-1801483891.71074,18489326.3822554
54.2431396249872,1572.11180113696,1687.84863218887,37.6070024820302,7.08625587353403,148.243886773804,0.000206508159115461,6.68207505678658e-05,7.07458901747124e-08,0,2.22760846474095e-06,0.710932382489951,1.12174306476259e-10,0.355468418909528,-37232.9016477131,1210.23715879438,2.24900510274471e-06,-1812243831.95485,18785015.7169196
54.3431396249872,1576.87502337932,1689.97918212418,37.6088936494291,7.26994024360001,147.47441705063,0.000202805386290027,6.69434295438182e-05,7.07458904464482e-08,0,-9.76380232587905e-06,0.706782111876479,1.08284537840246e-10,0.353381292190056,-37027.7282543413,1226.78975952471,2.71735742884814e-06,-1823487711.98164,19064199.0095807
54.4431396249872,1581.58665806833,1691.90519743346,37.6108153218321,7.45476625573227,146.704274616344,0.00019912422945737,6.70680999002384e-05,7.07458907087612e-08,0,-2.17351769126644e-05,0.702053417939675,1.01535984571196e-10,0.351004973843693,-36811.5683265682,1246.70356420228,2.62313004263465e-06,-1833977654.64473,19364592.0933335
54.5431396249872,1586.24297585627,1694.24168133959,37.6127665678478,7.64060869294762,145.917270885832,0.000195467701238966,6.71947018101991e-05,7.07458909547262e-08,0,-3.36740824805535e-05,0.698461906831095,1.01131171610944e-10,0.349197279383633,-36565.282184047,1266.01909960697,2.45965025893292e-06,-1845467406.59959,19679098.2464556
54.6431396249872,1590.85170759746,1696.16625878145,37.6147511414814,7.82779555670148,145.133268954851,0.000191829878807585,6.7323479463505e-05,7.07458911997106e-08,0,-4.55975223914071e-05,0.693709948701768,9.46747855694606e-11,0.34680937687583,-36378.2243138097,1287.77653305899,2.44984390006706e-06,-1857195100.56653,19999769.4580038
54.7431396249872,1595.40524866707,1698.29510559382,37.6167665217394,8.01604766695254,144.338302938644,0.000188216806158125,6.74542699388406e-05,7.07458914290548e-08,0,-5.74830085362305e-05,0.689525736712451,9.14775188161786e-11,0.344705385393428,-36130.7264945937,1307.90475335533,2.2934416977762e-06,-1868434017.5676,20319091.7352293
54.8431396249872,1599.90753240226,1700.4268391099,37.6188149598285,8.20554617856204,143.536217255402,0.000184625526279443,6.75872199867377e-05,7.07458916506537e-08,0,-6.93378677506765e-05,0.685329827108794,8.85987216602631e-11,0.342595575730946,-35912.7987868266,1329.5004789712,2.21598976749947e-06,-1880708657.80336,20653235.7861928
54.9431396249872,1604.35862201971,1702.55974393296,37.6208971688966,8.39632004567044,142.726745349133,0.000181056100096611,6.77223765957972e-05,7.0745891865279e-08,0,-8.11594665401393e-05,0.681120892625355,8.5960769103048e-11,0.340479286889118,-35694.2618283116,1351.56609059533,2.14625257826684e-06,-1893269705.77106,20994623.0726408
55.0431396249872,1608.7585756168,1704.91289149422,37.623013884443,8.58839904433078,141.90354953239,0.000177508595447547,6.78597882375758e-05,7.0745892073514e-08,0,-9.29451659961031e-05,0.677466824772802,8.70388974009184e-11,0.338640467263924,-35475.0464906405,1374.1164177859,2.08234970956656e-06,-1906929558.23649,21353555.2103282
55.1431396249872,1613.11118899041,1707.13246566647,37.6251678799387,8.78197666835981,141.02850589285,0.000173980122401882,6.79996357317734e-05,7.07458922843606e-08,0,-0.000104702475199887,0.673011517133645,6.13966380446233e-11,0.336401056122321,-35284.7304566501,1398.47494197576,2.10846674145647e-06,-1920604417.28439,21747235.1653297
55.2431396249872,1617.41131895031,1709.23395426882,37.627363331476,8.97686937482074,140.178120227903,0.000170474854083497,6.81421910686207e-05,7.07458924330904e-08,0,-0.000116414836884035,0.668619237835585,7.15791271113884e-11,0.334193204116698,-35052.6831838559,1425.5533684726,1.48729790036338e-06,-1933603674.86935,22143815.3430175
55.3431396249872,1621.65952235308,1711.4193567075,37.6295966430073,9.17312616640228,139.350932285844,0.000166992462219792,6.82872216590959e-05,7.07458926064867e-08,0,-0.000128080896630703,0.664476318183808,5.7386902876652e-11,0.332110078223967,-34823.9186370507,1450.30590475277,1.73396278449703e-06,-1947415594.20408,22519579.6678655
55.4431396249872,1625.85758940895,1713.27649860038,37.6318672474096,9.37085640959512,138.546522686609,0.000163531648062602,6.84346915417874e-05,7.07458927455032e-08,0,-0.00013970279030588,0.659787098712587,7.90504089257022e-11,0.329753846605513,-34608.1415718975,1474.69882691473,1.39016439458408e-06,-1961169035.3237,22866068.4717682
55.5431396249872,1630.0021204738,1715.71083671536,37.6341698567016,9.56993318716137,137.643079245273,0.000160095256923498,6.85842581075076e-05,7.07458929369982e-08,0,-0.000151268258488718,0.655893831563809,5.39278423173015e-11,0.32779564755038,-34363.9113910384,1495.6656572021,1.91495024748117e-06,-1975699680.03605,23258797.8262238
55.6431396249872,1634.09849906416,1717.5688269736,37.6365190069749,9.77064810516758,136.820873394821,0.000156679143217453,6.87368664283075e-05,7.07458930676352e-08,0,-0.00016278966879781,0.651177579623681,7.52962231780952e-11,0.325426000180691,-34161.1370604498,1526.08320799842,1.30637066139281e-06,-1990595071.86378,23659921.8751572
55.7431396249872,1638.1415129786,1720.01298711239,37.6389018410767,9.97278418590917,135.900701976104,0.000153287593323603,6.88916822839323e-05,7.0745893250036e-08,0,-0.000174249548189794,0.647250879806614,5.08647784579258e-11,0.32345119038055,-33915.4989385027,1548.15855624847,1.82400727799917e-06,-2005897000.65076,24071779.7165889
55.8431396249872,1642.13648507709,1721.87302691098,37.6413333629182,10.176641861241,135.060018756416,0.000149916494991292,6.90496814504776e-05,7.07458933732529e-08,0,-0.000185660371753773,0.642507074173914,7.18982173841119e-11,0.321067876751153,-33710.9833231053,1579.9916654526,1.23216971828226e-06,-2021598216.66994,24492620.0017148
55.9431396249872,1646.07827518857,1724.32838615029,37.643800365077,10.3820023532435,134.122349668592,0.000146570103979992,6.92100068240041e-05,7.07458935474222e-08,0,-0.000197004657964077,0.638544940717747,4.81551768794389e-11,0.319075465724987,-33463.9101130044,1603.25373526503,1.7416925610412e-06,-2037741897.92651,24924981.1485861
56.0431396249872,1649.97213593023,1726.19235050149,37.6463183591479,10.5891752370561,133.262287054177,0.000143244349080435,6.93736675071124e-05,7.07458936640753e-08,0,-0.000208294958289334,0.633772545505741,6.88006678655704e-11,0.316677977828981,-33257.5489955685,1636.60683108359,1.16653119365204e-06,-2054323191.49162,25367061.241178
56.1431396249872,1653.81300546475,1728.66081170542,37.6488737773252,10.7979404037901,132.306249747659,0.000139943450405947,6.95397828449768e-05,7.07458938307409e-08,0,-0.000219513812619943,0.629772992798269,4.57516958616611e-11,0.314666982609391,-33008.9867448799,1661.15337864372,1.66665622286499e-06,-2071387818.65566,25821567.1600603
56.2431396249872,1657.60606006975,1730.83691199198,37.6514826725799,11.0086171142192,131.382235950304,0.000136663382735137,6.97093974927261e-05,7.07458939415718e-08,0,-0.000230673826525918,0.625358133911282,4.4610236379702e-11,0.31244839315142,-32800.676708103,1696.14647749324,1.10830826182463e-06,-2089583304.13723,26325568.3510899
56.3431396249872,1661.3487912529,1733.01880012201,37.6541388909954,11.2211221782877,130.448199118931,0.000133406309121029,6.98821127414952e-05,7.07458940496375e-08,0,-0.000241765010825966,0.620926204734801,4.35541187551507e-11,0.310221337378352,-32570.7361410759,1727.15248769103,1.08065706877993e-06,-2107659700.44932,26805001.0062667
56.4431396249872,1665.04128283738,1735.20754756888,37.6568436727812,11.4355100545103,129.503723741408,0.000130172318471382,7.00580105412165e-05,7.07458941551448e-08,0,-0.00025278500457025,0.616476405022043,4.2549101962996e-11,0.307985417527726,-32339.9064964708,1758.97799721276,1.05507323266841e-06,-2126280979.93773,27297166.471279
56.5431396249872,1668.68361724687,1737.40398017501,37.6595983242897,11.6518378075695,128.548524453148,0.000126961503861905,7.02371772138202e-05,7.07458942582175e-08,0,-0.000263731465022396,0.612008311850435,4.15904984248587e-11,0.305740424480991,-32108.1460947677,1791.66672603656,1.03072728454475e-06,-2145474129.70042,27802680.9198038
56.6431396249872,1672.27587788439,1739.29504570154,37.6624042089651,11.8701654166344,127.624244492772,0.00012377396057103,7.04197028696686e-05,7.07458943589681e-08,0,-0.00027460207532831,0.607143510485531,6.08359381868554e-11,0.303297153197855,-31875.4329087494,1825.25655848434,1.00750567054503e-06,-2164592060.65535,28280454.2631518
56.7431396249872,1675.81576561944,1741.81932223968,37.6652544151423,12.0904123105532,126.606964458717,0.00012061175478727,7.06051393136075e-05,7.07458945063396e-08,0,-0.000285387162134521,0.603019798764952,3.98158140882009e-11,0.30122451224025,-31622.0578376017,1854.36443938956,1.47371527193695e-06,-2185016206.8632,28813330.4156514
56.8431396249872,1679.30819470782,1743.7269227226,37.6681668750483,12.3129313240901,125.658709693173,0.000117471026668715,7.07946547105296e-05,7.07458946027911e-08,0,-0.000296099364049601,0.5981209544237,5.85098226881342e-11,0.298764377877055,-31407.2811855526,1895.15396922078,9.64514973142339e-07,-2206093004.16513,29359987.8894761
56.9431396249872,1682.74846567582,1746.27758243779,37.6711264127202,12.5375029089642,124.618546235909,0.000114355813364443,7.09872632673595e-05,7.07458947445277e-08,0,-0.000306721574416175,0.593951779096881,3.81301420018519e-11,0.296669167993089,-31152.1330427218,1926.08556829858,1.41736647487844e-06,-2227886446.73355,29923952.1362454
57.0431396249872,1686.14140045438,1748.52833225401,37.6741516654755,12.7644934038641,123.604770958311,0.000111262314514991,7.11841795421397e-05,7.07458948368958e-08,0,-0.000317266415847685,0.589385156164924,3.73269576918021e-11,0.294375311685278,-30934.9884945124,1969.16274780233,9.23680545809268e-07,-2251114537.55676,30547827.1631344
57.1431396249872,1689.48468871226,1750.79222001849,37.6772359781529,12.9938353819081,122.578254525903,0.000108192600159977,7.13849723237065e-05,7.07458949273182e-08,0,-0.000327724232106359,0.584797071662273,3.62080530425098e-11,0.292070811617134,-30697.1435501421,2007.92781566776,9.04223872349826e-07,-2274442633.36645,31146965.4551123
57.2431396249872,1692.77841574109,1753.0734254851,37.6803810585665,13.2256113236284,121.538687691114,0.000105146782078414,7.1589754690428e-05,7.07458950150301e-08,0,-0.000338092865193434,0.580188608224855,3.54775238388883e-11,0.289756211264973,-30458.1808156325,2047.8236672154,8.77119057027695e-07,-2298605730.36503,31764427.624865
57.3431396249872,1696.02267742905,1755.2295212935,37.6835888636778,13.4599094135061,120.509620121551,0.000102124966410587,7.17986560569102e-05,7.07458951009723e-08,0,-0.000348370221806248,0.575342263394045,4.44633072446286e-11,0.287322761497448,-30218.1566782692,2089.0136648216,8.59422411326823e-07,-2323217100.06092,32370282.0767914
57.4431396249872,1699.21623013547,1757.37257196997,37.6868551149819,13.696728800056,119.453200411117,9.91283921220899e-05,7.20113998231491e-05,7.07458952086821e-08,0,-0.000358549861857417,0.570523138048952,5.3812449658012e-11,0.284903019189525,-29965.7428849703,2127.43766238938,1.07709779581227e-06,-2348406627.61455,32981723.946625
57.5431396249872,1702.35950056666,1759.6786883076,37.6901852084672,13.9361870838183,118.380698970488,9.61569174447682e-05,7.2228339483068e-05,7.07458953390397e-08,0,-0.000368630790356439,0.565925677142842,4.79904128503683e-11,0.28259420780506,-29714.746773218,2169.39659918861,1.30357534123613e-06,-2375166968.35047,33637560.7746464
57.6431396249872,1705.4540974717,1762.0673097824,37.6935826271368,14.178489705881,117.276768896903,9.32093878763305e-05,7.24497041720685e-05,7.07458954552936e-08,0,-0.000378615834802968,0.561161765743946,5.17840086283188e-11,0.280202267063062,-29475.295684376,2213.64689000532,1.16253988073497e-06,-2403186502.62746,34335189.5317771
57.7431396249872,1708.49923624224,1764.455984336,37.6970522463735,14.4236914222502,116.164420792345,9.02866703464301e-05,7.26758139717338e-05,7.07458955807374e-08,0,-0.000388500258635206,0.55644588383959,5.07616386281353e-11,0.277834441686541,-29227.1752990052,2261.09799665328,1.25443753531456e-06,-2432189796.70948,35063877.902712
57.8431396249872,1711.49544733528,1766.87395892302,37.7005954027174,14.6719404408034,115.036021302305,8.73885147014477e-05,7.29067585827616e-05,7.07458957037045e-08,0,-0.000398283496732916,0.551706256832856,4.97657105171192e-11,0.275454844944578,-28981.5564498232,2309.44611027773,1.22967121580433e-06,-2462555290.25381,35812145.4409343
57.9431396249872,1714.44282598404,1769.32464327291,37.7042146754617,14.9233649093891,113.890807320929,8.4515044613792e-05,7.31427088446936e-05,7.07458958242591e-08,0,-0.000407963648603357,0.546942257331447,4.87667912310636e-11,0.273063165041503,-28734.7008765588,2359.50261931951,1.20554543570297e-06,-2494221229.68104,36587100.0328736
58.0431396249872,1717.34146705067,1771.81148262636,37.7079128227239,15.1781021067462,112.728107881237,8.16663870235389e-05,7.3383847443735e-05,7.07458959423938e-08,0,-0.000417538847973638,0.542153467452855,4.77640450120177e-11,0.270659194902336,-28486.5759025301,2411.38599041451,1.18134719612342e-06,-2527282213.88679,37390510.9295409
58.1431396249872,1720.19146622136,1774.3382891629,37.7116927776476,15.4362994543524,111.547205567738,7.88426710472365e-05,7.36303686834436e-05,7.07458960580994e-08,0,-0.000427007267309137,0.53733951289061,4.67562098686827e-11,0.268242749201374,-28237.1597630232,2465.21239708554,1.15705625131467e-06,-2561843277.47478,38224204.5650788
58.2431396249872,1722.99292022386,1776.90932151172,37.715557663637,15.6981156031542,110.347336056402,7.60440277509457e-05,7.3882479497635e-05,7.07458961713636e-08,0,-0.000436367119607844,0.532499875756354,4.57638286738151e-11,0.265813570781451,-27986.4329629094,2521.108141914,1.13264203027044e-06,-2598020443.74083,39090175.2340039
58.3431396249872,1725.74592591578,1779.49356713728,37.7195108126944,15.9637215781474,109.137302529386,7.32705908980619e-05,7.41404006680136e-05,7.07458962822238e-08,0,-0.000445616656534946,0.527664865561642,4.49506489329096e-11,0.263386816146761,-27734.3685288366,2579.21170378663,1.1086021721529e-06,-2636019721.85829,39981678.1568185
58.4431396249872,1728.45076414985,1782.15690976266,37.7235539992683,16.2333158831572,107.899716561444,7.05223363899422e-05,7.44042515919757e-05,7.07458963911142e-08,0,-0.000454754742639949,0.522774618697693,4.40197651561234e-11,0.260932554628217,-27482.5450811978,2638.50923962037,1.08890336518585e-06,-2675916362.08845,40906182.9264329
58.5431396249872,1731.10736459219,1784.88476921787,37.7276920492797,16.5070860871503,106.639289110994,6.77995519175718e-05,7.46743510245748e-05,7.07458964977495e-08,0,-0.000463779177965482,0.517853614263664,4.30572454220083e-11,0.258463027975395,-27227.8447237033,2700.99432599123,1.06635324630653e-06,-2717783943.7411,41876446.9457406
58.6431396249872,1733.71580478788,1787.72410007686,37.7319292886575,16.7852479612946,105.344995448836,6.51023976766284e-05,7.49509854409844e-05,7.07458966020532e-08,0,-0.000472688276380122,0.512870360111375,4.17717433156207e-11,0.255962491800193,-26971.5424094339,2766.34416409568,1.0430367647336e-06,-2761775622.40172,42902315.5077974
58.7431396249872,1736.2759791819,1790.56099428022,37.7362725123812,17.0680216747322,104.045463657274,6.24311978843945e-05,7.52346028976624e-05,7.07458967032428e-08,0,-0.000481479827230128,0.507928046864393,4.09262096870348e-11,0.253482543625429,-26711.9979223395,2836.17456678087,1.01189622276527e-06,-2808286587.39243,43966370.7524693
58.8431396249872,1738.78838905708,1793.50577817477,37.740722562808,17.3556985529235,102.714438260784,5.97857393069883e-05,7.55252631624737e-05,7.07458968023842e-08,0,-0.000490153565303251,0.502931263631295,3.99009442556559e-11,0.250975478270295,-26454.5857740617,2906.60264811213,9.9141366165877e-07,-2857571663.15719,45065701.5154738
58.9431396249872,1741.25298262385,1796.5942969865,37.7452856526843,17.6485491476668,101.345200136817,5.71663056422543e-05,7.58233770293064e-05,7.07458968990419e-08,0,-0.00049870752514531,0.497871036769275,3.84361372701759e-11,0.248436810878711,-26194.3366473411,2981.13866832699,9.66577202009356e-07,-2909604428.57861,46238534.1123362
59.0431396249872,1743.66965820939,1799.7474067421,37.7499702696304,17.9468671454617,99.9569171553229,5.45732273257593e-05,7.61295044635344e-05,7.07458969921512e-08,0,-0.000507139660762762,0.492817896691209,3.76184602811745e-11,0.245901808703651,-25930.7831649487,3061.27434228024,9.31093103476819e-07,-2964849183.04509,47474686.3777159
59.1431396249872,1746.03872291217,1803.01476580961,37.7547805899599,18.2510139215513,98.5391830289101,5.20064674471707e-05,7.64439243158711e-05,7.07458970832797e-08,0,-0.000515449254138158,0.48774276989277,3.65932123808144e-11,0.243355935710543,-25667.5987858852,3144.1985233669,9.11285353286435e-07,-3023768287.52719,48764324.2661813
59.2431396249872,1748.36031878326,1806.41144341061,37.7597231344837,18.5613736678204,97.0900132291504,4.94661405206572e-05,7.6767069155765e-05,7.07458971719247e-08,0,-0.000523635126882522,0.482645506797095,3.53962876284144e-11,0.240799118289363,-25403.2692651363,3231.4483989393,8.86449318315771e-07,-3086674868.24449,50122581.5505974
59.3431396249872,1750.63458850888,1809.93210705615,37.76480510627,18.8783734115104,95.6134624245611,4.69523618394331e-05,7.70994167855124e-05,7.07458972576701e-08,0,-0.000531696164013257,0.477522899161224,3.54163346089308e-11,0.238229753434307,-25137.7868122402,3323.47629747404,8.57454511306246e-07,-3154013582.24696,51551480.9699367
59.4431396249872,1752.86165748803,1813.65627468626,37.7700334306776,19.2024866804638,94.0919354305371,4.44652634063127e-05,7.74414275348455e-05,7.07458973434641e-08,0,-0.000539631224863916,0.472366019180595,3.4186198814024e-11,0.235643378382527,-24870.9843312052,3420.10749333148,8.57940137766916e-07,-3226270969.47224,53070039.2347756
59.5431396249872,1755.04160313242,1817.52767714361,37.775419114117,19.5342416132518,92.5413830067749,4.20050237230908e-05,7.77938294783495e-05,7.07458974262782e-08,0,-0.000547439159239049,0.467212193728969,3.34185598825147e-11,0.233058657721955,-24602.3968322179,3524.01943503906,8.28140812540069e-07,-3304161189.45,54680040.8824265
59.6431396249872,1757.17471190012,1821.62832801813,37.7809694388541,19.8742549265303,90.9464083508874,3.95716268807626e-05,7.81571079904269e-05,7.07458975072327e-08,0,-0.000555119490289407,0.46203085764675,3.22982420857879e-11,0.230460309349235,-24333.9684232814,3632.78512077476,8.09545205232694e-07,-3388439483.26852,56386064.4777306
59.7431396249872,1759.26109944041,1825.96002376047,37.7866963270125,20.223206722801,89.3111076756026,3.71652161638624e-05,7.85320530455746e-05,7.07458975854733e-08,0,-0.000562671323297686,0.456855306576958,3.14292965262371e-11,0.227864981980896,-24064.1071690026,3749.45055147664,7.82406157234649e-07,-3479995037.94696,58213640.0451473
59.8431396249872,1761.30106619397,1830.60218277942,37.7926121668632,20.5818966621287,87.6211422372002,3.4785761442117e-05,7.89194863842643e-05,7.0745897661609e-08,0,-0.000570094481967288,0.451644299181851,2.99337870279487e-11,0.225252055123925,-23794.5472174536,3874.33338689676,7.61356455697072e-07,-3579839030.13524,60175027.4948336
59.9431396249872,1763.29467725161,1835.53777672789,37.7987313325115,20.951209534327,85.8866283676368,3.24334473838875e-05,7.93203611923388e-05,7.07458977341219e-08,0,-0.000577388066516671,0.446465219273259,2.90718999896558e-11,0.222655221584649,-23523.1405822964,4008.74808074522,7.2512860662232e-07,-3689345663.69816,62279987.7564099
60.0431396249872,1765.24237043777,1840.87003419695,37.8050681644144,21.3322217924196,84.0923639880316,3.01081077001814e-05,7.97356300541205e-05,7.07458978045468e-08,0,-0.000584552558357267,0.441283901054272,2.78509628299283e-11,0.220057397982704,-23253.3968370598,4152.68861781671,7.0424989366296e-07,-3810202310.60955,64550349.1663685
60.1431396249872,1767.1443874674,1846.64438438202,37.8116414023447,21.7261600662822,82.2362882020327,2.78097540488656e-05,8.01665356532219e-05,7.07458978720142e-08,0,-0.000591587935224568,0.436121574368132,2.6598748604861e-11,0.217469199262141,-22983.536513158,4309.0559910144,6.74673400031199e-07,-3944295266.70405,67013084.6417532
60.2431396249872,1769.00107847378,1852.93884220568,37.8184707813428,22.1344834626888,80.3121515347972,2.55382875157064e-05,8.06143881599014e-05,7.07458979364481e-08,0,-0.000598494656798007,0.430990849525346,2.52657679302501e-11,0.214896930118508,-22714.6653315921,4478.52506679478,6.44339237655823e-07,-4094192673.45008,69686926.3492902
60.3431396249872,1770.81285295621,1859.50603897307,37.8255787876146,22.5589359862421,78.3642325368709,2.32935435077698e-05,8.10806806959344e-05,7.0745897997653e-08,0,-0.000605273550121969,0.426161938390204,1.67117326756571e-11,0.212475695653336,-22447.4400793677,4662.92536033073,6.12048554945594e-07,-4264418322.60277,72432733.5332064
60.4431396249872,1772.58157724827,1867.13054500669,37.8329573280494,23.001853673916,76.2784805172695,2.10739500786592e-05,8.15649025201965e-05,7.07458980381362e-08,0,-0.000611929818057272,0.421132578536592,1.57083547058124e-11,0.209954359458093,-22195.9342911052,4842.21824262063,4.04832018682748e-07,-4457940817.17617,75430568.1436251
60.5431396249872,1774.3064052491,1875.83701693872,37.8406649012433,23.465610263306,74.0141952895254,1.88805512321192e-05,8.2070914702368e-05,7.07458980761887e-08,0,-0.000618461043083171,0.415639795101272,1.82622275321174e-11,0.207201436516684,-21933.9884653993,5060.12182171412,3.80525770077795e-07,-4675808872.08014,79166716.8047849
60.6431396249872,1775.98504555881,1886.18657269491,37.8487906714104,23.952848791693,71.7022162904724,1.67157606326389e-05,8.26045994434408e-05,7.07458981204279e-08,0,-0.00062486058384298,0.410976115855356,1.26213237453844e-11,0.204863197350146,-21647.905994802,5336.84741072825,4.42391856126316e-07,-4930401906.99077,83446512.9719412
60.7431396249872,1777.62207201723,1897.18335358436,37.8573542038377,24.4683799472986,69.2844643509855,1.45752600292296e-05,8.3167277133263e-05,7.07458981510023e-08,0,-0.000631144702493354,0.406017388704566,1.06880285360378e-11,0.202377549655134,-21405.0060340945,5626.77689822214,3.05744237863209e-07,-5232326860.10201,87937045.0687404
60.8431396249872,1779.21601337672,1909.12930662316,37.8663780804241,25.0169015727271,66.729926214142,1.246058612973e-05,8.37604706528175e-05,7.07458981768935e-08,0,-0.000637307750363523,0.401038475786062,6.35742125093927e-12,0.199881930145846,-21146.7389949968,5931.93519554586,2.58911284183335e-07,-5590331238.6865,92800104.5879563
60.9431396249872,1780.7668958074,1923.03196018761,37.8759142247553,25.6050062159535,64.0254237723335,1.03718440683461e-05,8.43876374857126e-05,7.0745898192294e-08,0,-0.00064335057499833,0.395950645600011,4.03136183154064e-13,0.197331972225209,-20887.4206138379,6271.66832894995,1.54004837714001e-07,-6024665911.7052,98154746.6410268
61.0431396249872,1782.27426557092,1939.87895374627,37.8860090297523,26.2414657043964,61.1702487178724,8.3096011225128e-06,8.50518803789515e-05,7.07458981932705e-08,0,-0.000649272127981092,0.390724719404145,2.9983785963283e-13,0.194713087574242,-20622.4294583327,6642.42893238904,9.7657399144521e-09,-6563730907.02539,103853278.288673
61.1431396249872,1783.73752738492,1957.84950135191,37.896684880413,26.9385230530163,58.1363101121397,6.27457654228305e-06,8.57547308507955e-05,7.07458981939969e-08,0,-0.000655070044992339,0.384161102252414,4.4399203846949e-13,0.191425481081436,-20350.2458022983,7028.50471844055,7.26339801793773e-09,-7242105701.35197,109428862.832802
61.2431396249872,1785.1499719208,1976.06597415436,37.9078948023189,27.7117726172333,54.9003102647299,4.2737374680518e-06,8.64931581805633e-05,7.07458981950724e-08,0,-0.000660716755011785,0.373638939075168,4.64767336325404e-13,0.186158752782804,-20008.3907423118,7384.27329767762,1.07554492823171e-08,-8090670180.59652,113588258.943521
61.3431396249872,1786.4918488461,1976.06597415436,37.9194025322018,28.5793747409243,54.9003102647299,2.32770132703553e-06,8.72516514416479e-05,7.07458981961983e-08,0,-0.000660716755011785,0.373638939075168,4.64767336325404e-13,0.186158752782804,-19460.3614101636,7584.93261084647,1.12587188075649e-08,-8560943938.08157,115077298.82847
