时间(ms),颗粒温度(K),火焰温度(K),颗粒半径(um),氧化层厚度(um),火焰半径(um),Mg质量(ug),MgO质量(ug),碳质量(ug),对流换热(W),辐射换热(W),反应热(W),表面反应热(W),总热量(W)
0,300,NaN,394,13,NaN,0.403099987431474,0.0895427082343574,0,0.64718554489713,0.541022439614585,0,0,1.18820798451172
0.1,300.239845676883,NaN,394,13,NaN,0.403099987431474,0.0895427082343574,0,0.647063608797299,0.541020144777881,0,0,1.18808375357518
0.2,300.47966627658,NaN,394,13,NaN,0.403099987431474,0.0895427082343574,0,0.646941685446559,0.541017844675714,0,0,1.18795953012227
0.3,300.7194618006,NaN,394,13,NaN,0.403099987431474,0.0895427082343574,0,0.646819774844142,0.541015539300999,0,0,1.18783531414514
0.4,300.959232250452,NaN,394,13,NaN,0.403099987431474,0.0895427082343574,0,0.646697876989281,0.541013228646651,0,0,1.18771110563593
0.5,301.198977627642,NaN,394,13,NaN,0.403099987431474,0.0895427082343574,0,0.646575991881211,0.541010912705581,0,0,1.18758690458679
0.6,301.438697933677,NaN,394,13,NaN,0.403099987431474,0.0895427082343574,0,0.646454119519165,0.5410085914707,0,0,1.18746271098987
0.7,301.678393170058,NaN,394,13,NaN,0.403099987431474,0.0895427082343574,0,0.646332259902381,0.541006264934917,0,0,1.1873385248373
0.8,301.918063338288,NaN,394,13,NaN,0.403099987431474,0.0895427082343574,0,0.646210413030094,0.541003933091138,0,0,1.18721434612123
0.9,302.157708439868,NaN,394,13,NaN,0.403099987431474,0.0895427082343574,0,0.646088578901541,0.541001595932268,0,0,1.18709017483381
1,302.397328476296,NaN,394,13,NaN,0.403099987431474,0.0895427082343574,0,0.64596675751596,0.540999253451211,0,0,1.18696601096717
1.1,302.63692344907,NaN,394,13,NaN,0.403099987431474,0.0895427082343574,0,0.645844948872591,0.540996905640867,0,0,1.18684185451346
1.2,302.876493359685,NaN,394,13,NaN,0.403099987431474,0.0895427082343574,0,0.645723152970672,0.540994552494136,0,0,1.18671770546481
1.3,303.116038209635,NaN,394,13,NaN,0.403099987431474,0.0895427082343574,0,0.645601369809445,0.540992194003918,0,0,1.18659356381336
1.4,303.355558000413,NaN,394,13,NaN,0.403099987431474,0.0895427082343574,0,0.64547959938815,0.540989830163106,0,0,1.18646942955126
1.5,303.59505273351,NaN,394,13,NaN,0.403099987431474,0.0895427082343574,0,0.64535784170603,0.540987460964597,0,0,1.18634530267063
1.6,303.834522410414,NaN,394,13,NaN,0.403099987431474,0.0895427082343574,0,0.645236096762327,0.540985086401282,0,0,1.18622118316361
1.7,304.073967032613,NaN,394,13,NaN,0.403099987431474,0.0895427082343574,0,0.645114364556286,0.540982706466052,0,0,1.18609707102234
1.8,304.313386601594,NaN,394,13,NaN,0.403099987431474,0.0895427082343574,0,0.64499264508715,0.540980321151797,0,0,1.18597296623895
1.9,304.552781118841,NaN,394,13,NaN,0.403099987431474,0.0895427082343574,0,0.644870938354165,0.540977930451405,0,0,1.18584886880557
2,304.792150585837,NaN,394,13,NaN,0.403099987431474,0.0895427082343574,0,0.644749244356577,0.54097553435776,0,0,1.18572477871434
2.1,305.031495004064,NaN,394,13,NaN,0.403099987431474,0.0895427082343574,0,0.644627563093633,0.540973132863748,0,0,1.18560069595738
2.2,305.270814375,NaN,394,13,NaN,0.403099987431474,0.0895427082343574,0,0.64450589456458,0.540970725962249,0,0,1.18547662052683
2.3,305.510108700125,NaN,394,13,NaN,0.403099987431474,0.0895427082343574,0,0.644384238768667,0.540968313646146,0,0,1.18535255241481
2.4,305.749377980914,NaN,394,13,NaN,0.403099987431474,0.0895427082343574,0,0.644262595705144,0.540965895908317,0,0,1.18522849161346
2.5,305.988622218843,NaN,394,13,NaN,0.403099987431474,0.0895427082343574,0,0.644140965373261,0.540963472741639,0,0,1.1851044381149
2.6,306.227841415386,NaN,394,13,NaN,0.403099987431474,0.0895427082343574,0,0.644019347772268,0.540961044138987,0,0,1.18498039191126
2.7,306.467035572013,NaN,394,13,NaN,0.403099987431474,0.0895427082343574,0,0.643897742901417,0.540958610093237,0,0,1.18485635299465
2.8,306.706204690195,NaN,394,13,NaN,0.403099987431474,0.0895427082343574,0,0.643776150759961,0.540956170597259,0,0,1.18473232135722
2.9,306.945348771401,NaN,394,13,NaN,0.403099987431474,0.0895427082343574,0,0.643654571347153,0.540953725643925,0,0,1.18460829699108
3,307.184467817098,NaN,394,13,NaN,0.403099987431474,0.0895427082343574,0,0.643533004662248,0.540951275226103,0,0,1.18448427988835
3.1,307.423561828751,NaN,394,13,NaN,0.403099987431474,0.0895427082343574,0,0.6434114507045,0.54094881933666,0,0,1.18436027004116
3.2,307.662630807824,NaN,394,13,NaN,0.403099987431474,0.0895427082343574,0,0.643289909473165,0.540946357968463,0,0,1.18423626744163
3.3,307.901674755778,NaN,394,13,NaN,0.403099987431474,0.0895427082343574,0,0.643168380967501,0.540943891114375,0,0,1.18411227208188
3.4,308.140693674074,NaN,394,13,NaN,0.403099987431474,0.0895427082343574,0,0.643046865186763,0.540941418767258,0,0,1.18398828395402
3.5,308.379687564172,NaN,394,13,NaN,0.403099987431474,0.0895427082343574,0,0.642925362130212,0.540938940919973,0,0,1.18386430305018
3.6,308.618656427529,NaN,394,13,NaN,0.403099987431474,0.0895427082343574,0,0.642803871797105,0.540936457565379,0,0,1.18374032936248
3.7,308.857600265601,NaN,394,13,NaN,0.403099987431474,0.0895427082343574,0,0.642682394186703,0.540933968696334,0,0,1.18361636288304
3.8,309.096519079843,NaN,394,13,NaN,0.403099987431474,0.0895427082343574,0,0.642560929298265,0.540931474305693,0,0,1.18349240360396
3.9,309.335412871706,NaN,394,13,NaN,0.403099987431474,0.0895427082343574,0,0.642439477131054,0.54092897438631,0,0,1.18336845151736
4,309.574281642644,NaN,394,13,NaN,0.403099987431474,0.0895427082343574,0,0.642318037684331,0.540926468931038,0,0,1.18324450661537
4.1,309.813125394104,NaN,394,13,NaN,0.403099987431474,0.0895427082343574,0,0.64219661095736,0.540923957932728,0,0,1.18312056889009
4.2,310.051944127536,NaN,394,13,NaN,0.403099987431474,0.0895427082343574,0,0.642075196949404,0.54092144138423,0,0,1.18299663833363
4.3,310.290737844385,NaN,394,13,NaN,0.403099987431474,0.0895427082343574,0,0.641953795659729,0.540918919278391,0,0,1.18287271493812
4.4,310.529506546096,NaN,394,13,NaN,0.403099987431474,0.0895427082343574,0,0.641832407087599,0.540916391608056,0,0,1.18274879869566
4.5,310.768250234113,NaN,394,13,NaN,0.403099987431474,0.0895427082343574,0,0.641711031232281,0.540913858366072,0,0,1.18262488959835
4.6,311.006968909877,NaN,394,13,NaN,0.403099987431474,0.0895427082343574,0,0.641589668093041,0.54091131954528,0,0,1.18250098763832
4.7,311.245662574829,NaN,394,13,NaN,0.403099987431474,0.0895427082343574,0,0.641468317669149,0.540908775138523,0,0,1.18237709280767
4.8,311.484331230406,NaN,394,13,NaN,0.403099987431474,0.0895427082343574,0,0.641346979959872,0.54090622513864,0,0,1.18225320509851
4.9,311.722974878045,NaN,394,13,NaN,0.403099987431474,0.0895427082343574,0,0.64122565496448,0.54090366953847,0,0,1.18212932450295
5,311.961593519183,NaN,394,13,NaN,0.403099987431474,0.0895427082343574,0,0.641104342682244,0.540901108330848,0,0,1.18200545101309
5.1,312.200187155251,NaN,394,13,NaN,0.403099987431474,0.0895427082343574,0,0.640983043112434,0.540898541508612,0,0,1.18188158462105
5.2,312.438755787683,NaN,394,13,NaN,0.403099987431474,0.0895427082343574,0,0.640861756254322,0.540895969064593,0,0,1.18175772531892
5.3,312.677299417909,NaN,394,13,NaN,0.403099987431474,0.0895427082343574,0,0.640740482107182,0.540893390991626,0,0,1.18163387309881
5.4,312.915818047358,NaN,394,13,NaN,0.403099987431474,0.0895427082343574,0,0.640619220670287,0.540890807282539,0,0,1.18151002795283
5.5,313.154311677456,NaN,394,13,NaN,0.403099987431474,0.0895427082343574,0,0.640497971942911,0.540888217930162,0,0,1.18138618987307
5.6,313.39278030963,NaN,394,13,NaN,0.403099987431474,0.0895427082343574,0,0.640376735924329,0.540885622927323,0,0,1.18126235885165
5.7,313.631223945304,NaN,394,13,NaN,0.403099987431474,0.0895427082343574,0,0.640255512613818,0.540883022266848,0,0,1.18113853488067
5.8,313.8696425859,NaN,394,13,NaN,0.403099987431474,0.0895427082343574,0,0.640134302010654,0.540880415941561,0,0,1.18101471795221
5.9,314.108036232838,NaN,394,13,NaN,0.403099987431474,0.0895427082343574,0,0.640013104114115,0.540877803944285,0,0,1.1808909080584
6,314.346404887539,NaN,394,13,NaN,0.403099987431474,0.0895427082343574,0,0.63989191892348,0.540875186267842,0,0,1.18076710519132
6.1,314.584748551419,NaN,394,13,NaN,0.403099987431474,0.0895427082343574,0,0.639770746438027,0.540872562905053,0,0,1.18064330934308
6.2,314.823067225896,NaN,394,13,NaN,0.403099987431474,0.0895427082343574,0,0.639649586657037,0.540869933848734,0,0,1.18051952050577
6.3,315.061360912382,NaN,394,13,NaN,0.403099987431474,0.0895427082343574,0,0.639528439579791,0.540867299091705,0,0,1.1803957386715
6.4,315.299629612292,NaN,394,13,NaN,0.403099987431474,0.0895427082343574,0,0.63940730520557,0.540864658626779,0,0,1.18027196383235
6.5,315.537873327037,NaN,394,13,NaN,0.403099987431474,0.0895427082343574,0,0.639286183533657,0.540862012446772,0,0,1.18014819598043
6.6,315.776092058025,NaN,394,13,NaN,0.403099987431474,0.0895427082343574,0,0.639165074563336,0.540859360544495,0,0,1.18002443510783
6.7,316.014285806665,NaN,394,13,NaN,0.403099987431474,0.0895427082343574,0,0.639043978293889,0.540856702912761,0,0,1.17990068120665
6.8,316.252454574365,NaN,394,13,NaN,0.403099987431474,0.0895427082343574,0,0.638922894724604,0.540854039544379,0,0,1.17977693426898
6.9,316.490598362527,NaN,394,13,NaN,0.403099987431474,0.0895427082343574,0,0.638801823854764,0.540851370432157,0,0,1.17965319428692
7,316.728717172557,NaN,394,13,NaN,0.403099987431474,0.0895427082343574,0,0.638680765683657,0.540848695568902,0,0,1.17952946125256
7.1,316.966811005855,NaN,394,13,NaN,0.403099987431474,0.0895427082343574,0,0.63855972021057,0.54084601494742,0,0,1.17940573515799
7.2,317.204879863821,NaN,394,13,NaN,0.403099987431474,0.0895427082343574,0,0.638438687434791,0.540843328560514,0,0,1.17928201599531
7.3,317.442923747855,NaN,394,13,NaN,0.403099987431474,0.0895427082343574,0,0.63831766735561,0.540840636400987,0,0,1.1791583037566
7.4,317.680942659352,NaN,394,13,NaN,0.403099987431474,0.0895427082343574,0,0.638196659972317,0.54083793846164,0,0,1.17903459843396
7.5,317.918936599708,NaN,394,13,NaN,0.403099987431474,0.0895427082343574,0,0.6380756652842,0.540835234735273,0,0,1.17891090001947
7.6,318.156905570318,NaN,394,13,NaN,0.403099987431474,0.0895427082343574,0,0.637954683290554,0.540832525214684,0,0,1.17878720850524
7.7,318.394849572572,NaN,394,13,NaN,0.403099987431474,0.0895427082343574,0,0.637833713990668,0.540829809892669,0,0,1.17866352388334
7.8,318.632768607861,NaN,394,13,NaN,0.403099987431474,0.0895427082343574,0,0.637712757383838,0.540827088762026,0,0,1.17853984614586
7.9,318.870662677575,NaN,394,13,NaN,0.403099987431474,0.0895427082343574,0,0.637591813469356,0.540824361815546,0,0,1.1784161752849
8,319.108531783101,NaN,394,13,NaN,0.403099987431474,0.0895427082343574,0,0.637470882246517,0.540821629046024,0,0,1.17829251129254
8.1,319.346375925824,NaN,394,13,NaN,0.403099987431474,0.0895427082343574,0,0.637349963714617,0.540818890446251,0,0,1.17816885416087
8.2,319.584195107128,NaN,394,13,NaN,0.403099987431474,0.0895427082343574,0,0.637229057872952,0.540816146009016,0,0,1.17804520388197
8.3,319.821989328396,NaN,394,13,NaN,0.403099987431474,0.0895427082343574,0,0.63710816472082,0.540813395727108,0,0,1.17792156044793
8.4,320.059758591009,NaN,394,13,NaN,0.403099987431474,0.0895427082343574,0,0.636987284257517,0.540810639593314,0,0,1.17779792385083
8.5,320.297502896346,NaN,394,13,NaN,0.403099987431474,0.0895427082343574,0,0.636866416482344,0.540807877600419,0,0,1.17767429408276
8.6,320.535222245785,NaN,394,13,NaN,0.403099987431474,0.0895427082343574,0,0.636745561394599,0.54080510974121,0,0,1.17755067113581
8.7,320.772916640701,NaN,394,13,NaN,0.403099987431474,0.0895427082343574,0,0.636624718993583,0.540802336008468,0,0,1.17742705500205
8.8,321.01058608247,NaN,394,13,NaN,0.403099987431474,0.0895427082343574,0,0.636503889278598,0.540799556394975,0,0,1.17730344567357
8.9,321.248230572465,NaN,394,13,NaN,0.403099987431474,0.0895427082343574,0,0.636383072248944,0.540796770893511,0,0,1.17717984314246
9,321.485850112056,NaN,394,13,NaN,0.403099987431474,0.0895427082343574,0,0.636262267903926,0.540793979496857,0,0,1.17705624740078
9.1,321.723444702613,NaN,394,13,NaN,0.403099987431474,0.0895427082343574,0,0.636141476242846,0.540791182197788,0,0,1.17693265844063
9.2,321.961014345505,NaN,394,13,NaN,0.403099987431474,0.0895427082343574,0,0.63602069726501,0.540788378989083,0,0,1.17680907625409
9.3,322.198559042097,NaN,394,13,NaN,0.403099987431474,0.0895427082343574,0,0.635899930969722,0.540785569863515,0,0,1.17668550083324
9.4,322.436078793756,NaN,394,13,NaN,0.403099987431474,0.0895427082343574,0,0.635779177356288,0.540782754813859,0,0,1.17656193217015
9.5,322.673573601844,NaN,394,13,NaN,0.403099987431474,0.0895427082343574,0,0.635658436424016,0.540779933832888,0,0,1.1764383702569
9.6,322.911043467722,NaN,394,13,NaN,0.403099987431474,0.0895427082343574,0,0.635537708172213,0.540777106913371,0,0,1.17631481508558
9.7,323.148488392752,NaN,394,13,NaN,0.403099987431474,0.0895427082343574,0,0.635416992600187,0.54077427404808,0,0,1.17619126664827
9.8,323.385908378291,NaN,394,13,NaN,0.403099987431474,0.0895427082343574,0,0.635296289707249,0.540771435229782,0,0,1.17606772493703
9.9,323.623303425697,NaN,394,13,NaN,0.403099987431474,0.0895427082343574,0,0.635175599492707,0.540768590451245,0,0,1.17594418994395
10,323.860673536325,NaN,394,13,NaN,0.403099987431474,0.0895427082343574,0,0.635054921955874,0.540765739705235,0,0,1.17582066166111
10.1,324.098018711528,NaN,394,13,NaN,0.403099987431474,0.0895427082343574,0,0.63493425709606,0.540762882984516,0,0,1.17569714008058
10.2,324.335338952659,NaN,394,13,NaN,0.403099987431474,0.0895427082343574,0,0.634813604912579,0.540760020281852,0,0,1.17557362519443
10.3,324.572634261069,NaN,394,13,NaN,0.403099987431474,0.0895427082343574,0,0.634692965404744,0.540757151590006,0,0,1.17545011699475
10.4,324.809904638105,NaN,394,13,NaN,0.403099987431474,0.0895427082343574,0,0.634572338571869,0.540754276901737,0,0,1.17532661547361
10.5,325.047150085116,NaN,394,13,NaN,0.403099987431474,0.0895427082343574,0,0.634451724413268,0.540751396209806,0,0,1.17520312062307
10.6,325.284370603447,NaN,394,13,NaN,0.403099987431474,0.0895427082343574,0,0.634331122928259,0.540748509506971,0,0,1.17507963243523
10.7,325.521566194443,NaN,394,13,NaN,0.403099987431474,0.0895427082343574,0,0.634210534116157,0.540745616785989,0,0,1.17495615090215
10.8,325.758736859445,NaN,394,13,NaN,0.403099987431474,0.0895427082343574,0,0.63408995797628,0.540742718039616,0,0,1.1748326760159
10.9,325.995882599796,NaN,394,13,NaN,0.403099987431474,0.0895427082343574,0,0.633969394507946,0.540739813260607,0,0,1.17470920776855
11,326.233003416834,NaN,394,13,NaN,0.403099987431474,0.0895427082343574,0,0.633848843710475,0.540736902441714,0,0,1.17458574615219
11.1,326.470099311897,NaN,394,13,NaN,0.403099987431474,0.0895427082343574,0,0.633728305583186,0.540733985575691,0,0,1.17446229115888
11.2,326.70717028632,NaN,394,13,NaN,0.403099987431474,0.0895427082343574,0,0.6336077801254,0.540731062655287,0,0,1.17433884278069
11.3,326.94421634144,NaN,394,13,NaN,0.403099987431474,0.0895427082343574,0,0.633487267336438,0.540728133673254,0,0,1.17421540100969
11.4,327.181237478589,NaN,394,13,NaN,0.403099987431474,0.0895427082343574,0,0.633366767215623,0.540725198622339,0,0,1.17409196583796
11.5,327.418233699097,NaN,394,13,NaN,0.403099987431474,0.0895427082343574,0,0.633246279762278,0.540722257495289,0,0,1.17396853725757
11.6,327.655205004295,NaN,394,13,NaN,0.403099987431474,0.0895427082343574,0,0.633125804975726,0.540719310284852,0,0,1.17384511526058
11.7,327.892151395512,NaN,394,13,NaN,0.403099987431474,0.0895427082343574,0,0.633005342855294,0.540716356983771,0,0,1.17372169983906
11.8,328.129072874072,NaN,394,13,NaN,0.403099987431474,0.0895427082343574,0,0.632884893400306,0.54071339758479,0,0,1.1735982909851
11.9,328.365969441303,NaN,394,13,NaN,0.403099987431474,0.0895427082343574,0,0.632764456610088,0.540710432080653,0,0,1.17347488869074
12,328.602841098526,NaN,394,13,NaN,0.403099987431474,0.0895427082343574,0,0.632644032483968,0.5407074604641,0,0,1.17335149294807
12.1,328.839687847064,NaN,394,13,NaN,0.403099987431474,0.0895427082343574,0,0.632523621021273,0.540704482727871,0,0,1.17322810374914
12.2,329.076509688237,NaN,394,13,NaN,0.403099987431474,0.0895427082343574,0,0.632403222221334,0.540701498864706,0,0,1.17310472108604
12.3,329.313306623363,NaN,394,13,NaN,0.403099987431474,0.0895427082343574,0,0.632282836083479,0.540698508867342,0,0,1.17298134495082
12.4,329.550078653759,NaN,394,13,NaN,0.403099987431474,0.0895427082343574,0,0.632162462607039,0.540695512728517,0,0,1.17285797533556
12.5,329.786825780742,NaN,394,13,NaN,0.403099987431474,0.0895427082343574,0,0.632042101791344,0.540692510440965,0,0,1.17273461223231
12.6,330.023548005623,NaN,394,13,NaN,0.403099987431474,0.0895427082343574,0,0.631921753635728,0.540689501997421,0,0,1.17261125563315
12.7,330.260245329717,NaN,394,13,NaN,0.403099987431474,0.0895427082343574,0,0.631801418139523,0.540686487390619,0,0,1.17248790553014
12.8,330.496917754333,NaN,394,13,NaN,0.403099987431474,0.0895427082343574,0,0.631681095302063,0.540683466613289,0,0,1.17236456191535
12.9,330.73356528078,NaN,394,13,NaN,0.403099987431474,0.0895427082343574,0,0.631560785122681,0.540680439658164,0,0,1.17224122478085
13,330.970187910366,NaN,394,13,NaN,0.403099987431474,0.0895427082343574,0,0.631440487600715,0.540677406517974,0,0,1.17211789411869
13.1,331.206785644397,NaN,394,13,NaN,0.403099987431474,0.0895427082343574,0,0.631320202735499,0.540674367185446,0,0,1.17199456992094
13.2,331.443358484176,NaN,394,13,NaN,0.403099987431474,0.0895427082343574,0,0.63119993052637,0.540671321653309,0,0,1.17187125217968
13.3,331.679906431006,NaN,394,13,NaN,0.403099987431474,0.0895427082343574,0,0.631079670972667,0.540668269914289,0,0,1.17174794088696
13.4,331.916429486189,NaN,394,13,NaN,0.403099987431474,0.0895427082343574,0,0.630959424073728,0.540665211961111,0,0,1.17162463603484
13.5,332.152927651023,NaN,394,13,NaN,0.403099987431474,0.0895427082343574,0,0.630839189828893,0.5406621477865,0,0,1.17150133761539
13.6,332.389400926807,NaN,394,13,NaN,0.403099987431474,0.0895427082343574,0,0.630718968237501,0.540659077383179,0,0,1.17137804562068
13.7,332.625849314837,NaN,394,13,NaN,0.403099987431474,0.0895427082343574,0,0.630598759298894,0.540656000743869,0,0,1.17125476004276
13.8,332.862272816407,NaN,394,13,NaN,0.403099987431474,0.0895427082343574,0,0.630478563012413,0.540652917861293,0,0,1.17113148087371
13.9,333.09867143281,NaN,394,13,NaN,0.403099987431474,0.0895427082343574,0,0.630358379377401,0.54064982872817,0,0,1.17100820810557
14,333.335045165338,NaN,394,13,NaN,0.403099987431474,0.0895427082343574,0,0.630238208393202,0.540646733337218,0,0,1.17088494173042
14.1,333.571394015281,NaN,394,13,NaN,0.403099987431474,0.0895427082343574,0,0.63011805005916,0.540643631681156,0,0,1.17076168174032
14.2,333.807717983926,NaN,394,13,NaN,0.403099987431474,0.0895427082343574,0,0.629997904374619,0.540640523752701,0,0,1.17063842812732
14.3,334.044017072561,NaN,394,13,NaN,0.403099987431474,0.0895427082343574,0,0.629877771338927,0.540637409544567,0,0,1.17051518088349
14.4,334.28029128247,NaN,394,13,NaN,0.403099987431474,0.0895427082343574,0,0.629757650951429,0.540634289049469,0,0,1.1703919400009
14.5,334.516540614937,NaN,394,13,NaN,0.403099987431474,0.0895427082343574,0,0.629637543211472,0.540631162260122,0,0,1.17026870547159
14.6,334.752765071244,NaN,394,13,NaN,0.403099987431474,0.0895427082343574,0,0.629517448118407,0.540628029169237,0,0,1.17014547728764
14.7,334.98896465267,NaN,394,13,NaN,0.403099987431474,0.0895427082343574,0,0.62939736567158,0.540624889769527,0,0,1.17002225544111
14.8,335.225139360495,NaN,394,13,NaN,0.403099987431474,0.0895427082343574,0,0.629277295870343,0.540621744053701,0,0,1.16989903992404
14.9,335.461289195995,NaN,394,13,NaN,0.403099987431474,0.0895427082343574,0,0.629157238714047,0.540618592014468,0,0,1.16977583072851
15,335.697414160447,NaN,394,13,NaN,0.403099987431474,0.0895427082343574,0,0.629037194202042,0.540615433644538,0,0,1.16965262784658
15.1,335.933514255123,NaN,394,13,NaN,0.403099987431474,0.0895427082343574,0,0.628917162333681,0.540612268936618,0,0,1.1695294312703
15.2,336.169589481296,NaN,394,13,NaN,0.403099987431474,0.0895427082343574,0,0.628797143108317,0.540609097883413,0,0,1.16940624099173
15.3,336.405639840237,NaN,394,13,NaN,0.403099987431474,0.0895427082343574,0,0.628677136525305,0.54060592047763,0,0,1.16928305700293
15.4,336.641665333215,NaN,394,13,NaN,0.403099987431474,0.0895427082343574,0,0.628557142584,0.540602736711972,0,0,1.16915987929597
15.5,336.877665961497,NaN,394,13,NaN,0.403099987431474,0.0895427082343574,0,0.628437161283755,0.540599546579143,0,0,1.1690367078629
15.6,337.113641726348,NaN,394,13,NaN,0.403099987431474,0.0895427082343574,0,0.62831719262393,0.540596350071845,0,0,1.16891354269578
15.7,337.349592629167,NaN,394,13,NaN,0.403099987431474,0.0895427082343574,0,0.628197236603812,0.540593147182778,0,0,1.16879038378659
15.8,337.585518671343,NaN,394,13,NaN,0.403099987431474,0.0895427082343574,0,0.628077293222696,0.540589937904641,0,0,1.16866723112734
15.9,337.821419854133,NaN,394,13,NaN,0.403099987431474,0.0895427082343574,0,0.627957362479942,0.540586722230132,0,0,1.16854408471007
16,338.057296178792,NaN,394,13,NaN,0.403099987431474,0.0895427082343574,0,0.627837444374913,0.540583500151951,0,0,1.16842094452686
16.1,338.293147646572,NaN,394,13,NaN,0.403099987431474,0.0895427082343574,0,0.62771753890697,0.540580271662794,0,0,1.16829781056977
16.2,338.528974258725,NaN,394,13,NaN,0.403099987431474,0.0895427082343574,0,0.62759764607548,0.540577036755359,0,0,1.16817468283084
16.3,338.764776016501,NaN,394,13,NaN,0.403099987431474,0.0895427082343574,0,0.627477765879805,0.540573795422341,0,0,1.16805156130215
16.4,339.000552921147,NaN,394,13,NaN,0.403099987431474,0.0895427082343574,0,0.627357898319312,0.540570547656434,0,0,1.16792844597575
16.5,339.236304973911,NaN,394,13,NaN,0.403099987431474,0.0895427082343574,0,0.627238043393367,0.540567293450332,0,0,1.1678053368437
16.6,339.472032176038,NaN,394,13,NaN,0.403099987431474,0.0895427082343574,0,0.627118201101336,0.540564032796728,0,0,1.16768223389806
16.7,339.707734528771,NaN,394,13,NaN,0.403099987431474,0.0895427082343574,0,0.626998371442587,0.540560765688313,0,0,1.1675591371309
16.8,339.943412033351,NaN,394,13,NaN,0.403099987431474,0.0895427082343574,0,0.62687855441649,0.54055749211778,0,0,1.16743604653427
16.9,340.17906469102,NaN,394,13,NaN,0.403099987431474,0.0895427082343574,0,0.626758750022413,0.540554212077816,0,0,1.16731296210023
17,340.414692503017,NaN,394,13,NaN,0.403099987431474,0.0895427082343574,0,0.626638958259726,0.540550925561112,0,0,1.16718988382084
17.1,340.650295470577,NaN,394,13,NaN,0.403099987431474,0.0895427082343574,0,0.626519179127802,0.540547632560356,0,0,1.16706681168816
17.2,340.885873594938,NaN,394,13,NaN,0.403099987431474,0.0895427082343574,0,0.626399412626011,0.540544333068234,0,0,1.16694374569425
17.3,341.121426877332,NaN,394,13,NaN,0.403099987431474,0.0895427082343574,0,0.626279658753725,0.540541027077434,0,0,1.16682068583116
17.4,341.356955318993,NaN,394,13,NaN,0.403099987431474,0.0895427082343574,0,0.62615991751032,0.540537714580639,0,0,1.16669763209096
17.5,341.592458921152,NaN,394,13,NaN,0.403099987431474,0.0895427082343574,0,0.626040188895168,0.540534395570536,0,0,1.1665745844657
17.6,341.827937685037,NaN,394,13,NaN,0.403099987431474,0.0895427082343574,0,0.625920472907645,0.540531070039807,0,0,1.16645154294745
17.7,342.063391611877,NaN,394,13,NaN,0.403099987431474,0.0895427082343574,0,0.625800769547127,0.540527737981135,0,0,1.16632850752826
17.8,342.298820702898,NaN,394,13,NaN,0.403099987431474,0.0895427082343574,0,0.625681078812989,0.540524399387202,0,0,1.16620547820019
17.9,342.534224959324,NaN,394,13,NaN,0.403099987431474,0.0895427082343574,0,0.625561400704611,0.540521054250689,0,0,1.1660824549553
18,342.769604382379,NaN,394,13,NaN,0.403099987431474,0.0895427082343574,0,0.625441735221368,0.540517702564276,0,0,1.16595943778564
18.1,343.004958973283,NaN,394,13,NaN,0.403099987431474,0.0895427082343574,0,0.625322082362642,0.540514344320642,0,0,1.16583642668328
18.2,343.240288733258,NaN,394,13,NaN,0.403099987431474,0.0895427082343574,0,0.625202442127811,0.540510979512466,0,0,1.16571342164028
18.3,343.47559366352,NaN,394,13,NaN,0.403099987431474,0.0895427082343574,0,0.625082814516257,0.540507608132425,0,0,1.16559042264868
18.4,343.710873765288,NaN,394,13,NaN,0.403099987431474,0.0895427082343574,0,0.62496319952736,0.540504230173195,0,0,1.16546742970055
18.5,343.946129039776,NaN,394,13,NaN,0.403099987431474,0.0895427082343574,0,0.624843597160502,0.540500845627453,0,0,1.16534444278795
18.6,344.181359488197,NaN,394,13,NaN,0.403099987431474,0.0895427082343574,0,0.624724007415068,0.540497454487873,0,0,1.16522146190294
18.7,344.416565111765,NaN,394,13,NaN,0.403099987431474,0.0895427082343574,0,0.62460443029044,0.540494056747129,0,0,1.16509848703757
18.8,344.651745911688,NaN,394,13,NaN,0.403099987431474,0.0895427082343574,0,0.624484865786003,0.540490652397895,0,0,1.1649755181839
18.9,344.886901889177,NaN,394,13,NaN,0.403099987431474,0.0895427082343574,0,0.624365313901143,0.540487241432844,0,0,1.16485255533399
19,345.122033045439,NaN,394,13,NaN,0.403099987431474,0.0895427082343574,0,0.624245774635246,0.540483823844646,0,0,1.16472959847989
19.1,345.357139381679,NaN,394,13,NaN,0.403099987431474,0.0895427082343574,0,0.624126247987698,0.540480399625973,0,0,1.16460664761367
19.2,345.592220899101,NaN,394,13,NaN,0.403099987431474,0.0895427082343574,0,0.624006733957888,0.540476968769495,0,0,1.16448370272738
19.3,345.827277598909,NaN,394,13,NaN,0.403099987431474,0.0895427082343574,0,0.623887232545204,0.540473531267881,0,0,1.16436076381308
19.4,346.062309482303,NaN,394,13,NaN,0.403099987431474,0.0895427082343574,0,0.623767743749035,0.540470087113799,0,0,1.16423783086283
19.5,346.297316550482,NaN,394,13,NaN,0.403099987431474,0.0895427082343574,0,0.623648267568773,0.540466636299917,0,0,1.16411490386869
19.6,346.532298804645,NaN,394,13,NaN,0.403099987431474,0.0895427082343574,0,0.623528804003807,0.540463178818901,0,0,1.16399198282271
19.7,346.767256245988,NaN,394,13,NaN,0.403099987431474,0.0895427082343574,0,0.62340935305353,0.540459714663419,0,0,1.16386906771695
19.8,347.002188875705,NaN,394,13,NaN,0.403099987431474,0.0895427082343574,0,0.623289914717333,0.540456243826134,0,0,1.16374615854347
19.9,347.237096694991,NaN,394,13,NaN,0.403099987431474,0.0895427082343574,0,0.623170488994611,0.540452766299713,0,0,1.16362325529432
20,347.471979705035,NaN,394,13,NaN,0.403099987431474,0.0895427082343574,0,0.623051075884758,0.540449282076817,0,0,1.16350035796158
20.1,347.70683790703,NaN,394,13,NaN,0.403099987431474,0.0895427082343574,0,0.622931675387169,0.54044579115011,0,0,1.16337746653728
20.2,347.941671302162,NaN,394,13,NaN,0.403099987431474,0.0895427082343574,0,0.622812287501239,0.540442293512255,0,0,1.16325458101349
20.3,348.176479891619,NaN,394,13,NaN,0.403099987431474,0.0895427082343574,0,0.622692912226366,0.540438789155913,0,0,1.16313170138228
20.4,348.411263676586,NaN,394,13,NaN,0.403099987431474,0.0895427082343574,0,0.622573549561945,0.540435278073744,0,0,1.16300882763569
20.5,348.646022658247,NaN,394,13,NaN,0.403099987431474,0.0895427082343574,0,0.622454199507377,0.540431760258408,0,0,1.16288595976579
20.6,348.880756837784,NaN,394,13,NaN,0.403099987431474,0.0895427082343574,0,0.622334862062059,0.540428235702566,0,0,1.16276309776462
20.7,349.115466216378,NaN,394,13,NaN,0.403099987431474,0.0895427082343574,0,0.622215537225391,0.540424704398874,0,0,1.16264024162427
20.8,349.350150795207,NaN,394,13,NaN,0.403099987431474,0.0895427082343574,0,0.622096224996775,0.540421166339991,0,0,1.16251739133677
20.9,349.58481057545,NaN,394,13,NaN,0.403099987431474,0.0895427082343574,0,0.621976925375611,0.540417621518574,0,0,1.16239454689418
21,349.819445558282,NaN,394,13,NaN,0.403099987431474,0.0895427082343574,0,0.621857638361302,0.540414069927279,0,0,1.16227170828858
21.1,350.054055744877,NaN,394,13,NaN,0.403099987431474,0.0895427082343574,0,0.62173836395325,0.540410511558762,0,0,1.16214887551201
21.2,350.288641136408,NaN,394,13,NaN,0.403099987431474,0.0895427082343574,0,0.621619102150859,0.540406946405677,0,0,1.16202604855654
21.3,350.523201734047,NaN,394,13,NaN,0.403099987431474,0.0895427082343574,0,0.621499852953535,0.540403374460679,0,0,1.16190322741421
21.4,350.757737538962,NaN,394,13,NaN,0.403099987431474,0.0895427082343574,0,0.621380616360681,0.540399795716421,0,0,1.1617804120771
21.5,350.992248552323,NaN,394,13,NaN,0.403099987431474,0.0895427082343574,0,0.621261392371706,0.540396210165556,0,0,1.16165760253726
21.6,351.226734775294,NaN,394,13,NaN,0.403099987431474,0.0895427082343574,0,0.621142180986015,0.540392617800736,0,0,1.16153479878675
21.7,351.461196209042,NaN,394,13,NaN,0.403099987431474,0.0895427082343574,0,0.621022982203016,0.540389018614612,0,0,1.16141200081763
21.8,351.69563285473,NaN,394,13,NaN,0.403099987431474,0.0895427082343574,0,0.620903796022118,0.540385412599836,0,0,1.16128920862195
21.9,351.930044713518,NaN,394,13,NaN,0.403099987431474,0.0895427082343574,0,0.62078462244273,0.540381799749056,0,0,1.16116642219179
22,352.164431786569,NaN,394,13,NaN,0.403099987431474,0.0895427082343574,0,0.620665461464263,0.540378180054923,0,0,1.16104364151919
22.1,352.398794075039,NaN,394,13,NaN,0.403099987431474,0.0895427082343574,0,0.620546313086127,0.540374553510085,0,0,1.16092086659621
22.2,352.633131580086,NaN,394,13,NaN,0.403099987431474,0.0895427082343574,0,0.620427177307734,0.540370920107191,0,0,1.16079809741493
22.3,352.867444302866,NaN,394,13,NaN,0.403099987431474,0.0895427082343574,0,0.620308054128497,0.540367279838887,0,0,1.16067533396738
22.4,353.101732244532,NaN,394,13,NaN,0.403099987431474,0.0895427082343574,0,0.62018894354783,0.54036363269782,0,0,1.16055257624565
22.5,353.335995406237,NaN,394,13,NaN,0.403099987431474,0.0895427082343574,0,0.620069845565145,0.540359978676637,0,0,1.16042982424178
22.6,353.570233789132,NaN,394,13,NaN,0.403099987431474,0.0895427082343574,0,0.619950760179859,0.540356317767983,0,0,1.16030707794784
22.7,353.804447394364,NaN,394,13,NaN,0.403099987431474,0.0895427082343574,0,0.619831687391387,0.540352649964502,0,0,1.16018433735589
22.8,354.038636223083,NaN,394,13,NaN,0.403099987431474,0.0895427082343574,0,0.619712627199146,0.540348975258839,0,0,1.16006160245798
22.9,354.272800276435,NaN,394,13,NaN,0.403099987431474,0.0895427082343574,0,0.619593579602552,0.540345293643637,0,0,1.15993887324619
23,354.506939555562,NaN,394,13,NaN,0.403099987431474,0.0895427082343574,0,0.619474544601025,0.54034160511154,0,0,1.15981614971257
23.1,354.74105406161,NaN,394,13,NaN,0.403099987431474,0.0895427082343574,0,0.619355522193983,0.54033790965519,0,0,1.15969343184917
23.2,354.975143795718,NaN,394,13,NaN,0.403099987431474,0.0895427082343574,0,0.619236512380846,0.540334207267227,0,0,1.15957071964807
23.3,355.209208759026,NaN,394,13,NaN,0.403099987431474,0.0895427082343574,0,0.619117515161034,0.540330497940295,0,0,1.15944801310133
23.4,355.443248952673,NaN,394,13,NaN,0.403099987431474,0.0895427082343574,0,0.61899853053397,0.540326781667032,0,0,1.159325312201
23.5,355.677264377796,NaN,394,13,NaN,0.403099987431474,0.0895427082343574,0,0.618879558499074,0.540323058440079,0,0,1.15920261693915
23.6,355.911255035528,NaN,394,13,NaN,0.403099987431474,0.0895427082343574,0,0.618760599055771,0.540319328252075,0,0,1.15907992730785
23.7,356.145220927004,NaN,394,13,NaN,0.403099987431474,0.0895427082343574,0,0.618641652203483,0.540315591095659,0,0,1.15895724329914
23.8,356.379162053356,NaN,394,13,NaN,0.403099987431474,0.0895427082343574,0,0.618522717941635,0.54031184696347,0,0,1.1588345649051
23.9,356.613078415714,NaN,394,13,NaN,0.403099987431474,0.0895427082343574,0,0.618403796269653,0.540308095848143,0,0,1.1587118921178
24,356.846970015206,NaN,394,13,NaN,0.403099987431474,0.0895427082343574,0,0.618284887186964,0.540304337742318,0,0,1.15858922492928
24.1,357.080836852959,NaN,394,13,NaN,0.403099987431474,0.0895427082343574,0,0.618165990692993,0.540300572638629,0,0,1.15846656333162
24.2,357.3146789301,NaN,394,13,NaN,0.403099987431474,0.0895427082343574,0,0.618047106787168,0.540296800529714,0,0,1.15834390731688
24.3,357.548496247752,NaN,394,13,NaN,0.403099987431474,0.0895427082343574,0,0.617928235468919,0.540293021408206,0,0,1.15822125687713
24.4,357.782288807038,NaN,394,13,NaN,0.403099987431474,0.0895427082343574,0,0.617809376737675,0.540289235266742,0,0,1.15809861200442
24.5,358.016056609078,NaN,394,13,NaN,0.403099987431474,0.0895427082343574,0,0.617690530592865,0.540285442097955,0,0,1.15797597269082
24.6,358.249799654993,NaN,394,13,NaN,0.403099987431474,0.0895427082343574,0,0.617571697033921,0.540281641894479,0,0,1.1578533389284
24.7,358.483517945898,NaN,394,13,NaN,0.403099987431474,0.0895427082343574,0,0.617452876060274,0.540277834648947,0,0,1.15773071070922
24.8,358.717211482911,NaN,394,13,NaN,0.403099987431474,0.0895427082343574,0,0.617334067671358,0.540274020353991,0,0,1.15760808802535
24.9,358.950880267147,NaN,394,13,NaN,0.403099987431474,0.0895427082343574,0,0.617215271866604,0.540270199002244,0,0,1.15748547086885
25,359.184524299717,NaN,394,13,NaN,0.403099987431474,0.0895427082343574,0,0.617096488645449,0.540266370586337,0,0,1.15736285923179
25.1,359.418143581735,NaN,394,13,NaN,0.403099987431474,0.0895427082343574,0,0.616977718007326,0.540262535098902,0,0,1.15724025310623
25.2,359.651738114308,NaN,394,13,NaN,0.403099987431474,0.0895427082343574,0,0.616858959951671,0.540258692532569,0,0,1.15711765248424
25.3,359.885307898547,NaN,394,13,NaN,0.403099987431474,0.0895427082343574,0,0.616740214477921,0.540254842879967,0,0,1.15699505735789
25.4,360.118852935557,NaN,394,13,NaN,0.403099987431474,0.0895427082343574,0,0.616621481585513,0.540250986133727,0,0,1.15687246771924
25.5,360.352373226443,NaN,394,13,NaN,0.403099987431474,0.0895427082343574,0,0.616502761273885,0.540247122286477,0,0,1.15674988356036
25.6,360.58586877231,NaN,394,13,NaN,0.403099987431474,0.0895427082343574,0,0.616384053542477,0.540243251330846,0,0,1.15662730487332
25.7,360.819339574258,NaN,394,13,NaN,0.403099987431474,0.0895427082343574,0,0.616265358390728,0.540239373259463,0,0,1.15650473165019
25.8,361.052785633389,NaN,394,13,NaN,0.403099987431474,0.0895427082343574,0,0.616146675818078,0.540235488064953,0,0,1.15638216388303
25.9,361.286206950802,NaN,394,13,NaN,0.403099987431474,0.0895427082343574,0,0.61602800582397,0.540231595739946,0,0,1.15625960156392
26,361.519603527593,NaN,394,13,NaN,0.403099987431474,0.0895427082343574,0,0.615909348407844,0.540227696277066,0,0,1.15613704468491
26.1,361.752975364859,NaN,394,13,NaN,0.403099987431474,0.0895427082343574,0,0.615790703569145,0.540223789668941,0,0,1.15601449323809
26.2,361.986322463693,NaN,394,13,NaN,0.403099987431474,0.0895427082343574,0,0.615672071307315,0.540219875908196,0,0,1.15589194721551
26.3,362.219644825188,NaN,394,13,NaN,0.403099987431474,0.0895427082343574,0,0.6155534516218,0.540215954987456,0,0,1.15576940660926
26.4,362.452942450435,NaN,394,13,NaN,0.403099987431474,0.0895427082343574,0,0.615434844512045,0.540212026899346,0,0,1.15564687141139
26.5,362.686215340523,NaN,394,13,NaN,0.403099987431474,0.0895427082343574,0,0.615316249977495,0.540208091636491,0,0,1.15552434161399
26.6,362.91946349654,NaN,394,13,NaN,0.403099987431474,0.0895427082343574,0,0.615197668017598,0.540204149191514,0,0,1.15540181720911
26.7,363.152686919573,NaN,394,13,NaN,0.403099987431474,0.0895427082343574,0,0.615079098631802,0.540200199557038,0,0,1.15527929818884
26.8,363.385885610707,NaN,394,13,NaN,0.403099987431474,0.0895427082343574,0,0.614960541819556,0.540196242725687,0,0,1.15515678454524
26.9,363.619059571023,NaN,394,13,NaN,0.403099987431474,0.0895427082343574,0,0.614841997580307,0.540192278690083,0,0,1.15503427627039
27,363.852208801604,NaN,394,13,NaN,0.403099987431474,0.0895427082343574,0,0.614723465913507,0.540188307442848,0,0,1.15491177335636
27.1,364.08533330353,NaN,394,13,NaN,0.403099987431474,0.0895427082343574,0,0.614604946818607,0.540184328976605,0,0,1.15478927579521
27.2,364.31843307788,NaN,394,13,NaN,0.403099987431474,0.0895427082343574,0,0.614486440295058,0.540180343283973,0,0,1.15466678357903
27.3,364.551508125729,NaN,394,13,NaN,0.403099987431474,0.0895427082343574,0,0.614367946342313,0.540176350357575,0,0,1.15454429669989
27.4,364.784558448154,NaN,394,13,NaN,0.403099987431474,0.0895427082343574,0,0.614249464959826,0.540172350190031,0,0,1.15442181514986
27.5,365.017584046227,NaN,394,13,NaN,0.403099987431474,0.0895427082343574,0,0.614130996147049,0.540168342773961,0,0,1.15429933892101
27.6,365.250584921022,NaN,394,13,NaN,0.403099987431474,0.0895427082343574,0,0.614012539903439,0.540164328101984,0,0,1.15417686800542
27.7,365.483561073608,NaN,394,13,NaN,0.403099987431474,0.0895427082343574,0,0.613894096228451,0.54016030616672,0,0,1.15405440239517
27.8,365.716512505055,NaN,394,13,NaN,0.403099987431474,0.0895427082343574,0,0.613775665121542,0.540156276960787,0,0,1.15393194208233
27.9,365.94943921643,NaN,394,13,NaN,0.403099987431474,0.0895427082343574,0,0.613657246582169,0.540152240476805,0,0,1.15380948705897
28,366.182341208799,NaN,394,13,NaN,0.403099987431474,0.0895427082343574,0,0.61353884060979,0.540148196707391,0,0,1.15368703731718
28.1,366.415218483225,NaN,394,13,NaN,0.403099987431474,0.0895427082343574,0,0.613420447203863,0.540144145645164,0,0,1.15356459284903
28.2,366.648071040773,NaN,394,13,NaN,0.403099987431474,0.0895427082343574,0,0.61330206636385,0.54014008728274,0,0,1.15344215364659
28.3,366.880898882502,NaN,394,13,NaN,0.403099987431474,0.0895427082343574,0,0.61318369808921,0.540136021612737,0,0,1.15331971970195
28.4,367.113702009473,NaN,394,13,NaN,0.403099987431474,0.0895427082343574,0,0.613065342379405,0.540131948627771,0,0,1.15319729100718
28.5,367.346480422743,NaN,394,13,NaN,0.403099987431474,0.0895427082343574,0,0.612946999233896,0.540127868320459,0,0,1.15307486755435
28.6,367.579234123368,NaN,394,13,NaN,0.403099987431474,0.0895427082343574,0,0.612828668652147,0.540123780683417,0,0,1.15295244933556
28.7,367.811963112404,NaN,394,13,NaN,0.403099987431474,0.0895427082343574,0,0.612710350633622,0.54011968570926,0,0,1.15283003634288
28.8,368.044667390904,NaN,394,13,NaN,0.403099987431474,0.0895427082343574,0,0.612592045177785,0.540115583390604,0,0,1.15270762856839
28.9,368.27734695992,NaN,394,13,NaN,0.403099987431474,0.0895427082343574,0,0.612473752284101,0.540111473720063,0,0,1.15258522600416
29,368.510001820501,NaN,394,13,NaN,0.403099987431474,0.0895427082343574,0,0.612355471952036,0.540107356690253,0,0,1.15246282864229
29.1,368.742631973695,NaN,394,13,NaN,0.403099987431474,0.0895427082343574,0,0.612237204181058,0.540103232293788,0,0,1.15234043647485
29.2,368.975237420551,NaN,394,13,NaN,0.403099987431474,0.0895427082343574,0,0.612118948970635,0.540099100523282,0,0,1.15221804949392
29.3,369.207818162114,NaN,394,13,NaN,0.403099987431474,0.0895427082343574,0,0.612000706320234,0.540094961371348,0,0,1.15209566769158
29.4,369.440374199426,NaN,394,13,NaN,0.403099987431474,0.0895427082343574,0,0.611882476229325,0.5400908148306,0,0,1.15197329105992
29.5,369.672905533531,NaN,394,13,NaN,0.403099987431474,0.0895427082343574,0,0.611764258697378,0.54008666089365,0,0,1.15185091959103
29.6,369.905412165469,NaN,394,13,NaN,0.403099987431474,0.0895427082343574,0,0.611646053723864,0.540082499553113,0,0,1.15172855327698
29.7,370.137894096279,NaN,394,13,NaN,0.403099987431474,0.0895427082343574,0,0.611527861308255,0.5400783308016,0,0,1.15160619210985
29.8,370.370351326999,NaN,394,13,NaN,0.403099987431474,0.0895427082343574,0,0.611409681450024,0.540074154631723,0,0,1.15148383608175
29.9,370.602783858664,NaN,394,13,NaN,0.403099987431474,0.0895427082343574,0,0.611291514148643,0.540069971036095,0,0,1.15136148518474
30,370.83519169231,NaN,394,13,NaN,0.403099987431474,0.0895427082343574,0,0.611173359403587,0.540065780007326,0,0,1.15123913941091
30.1,371.067574828968,NaN,394,13,NaN,0.403099987431474,0.0895427082343574,0,0.611055217214331,0.540061581538029,0,0,1.15111679875236
30.2,371.299933269671,NaN,394,13,NaN,0.403099987431474,0.0895427082343574,0,0.61093708758035,0.540057375620815,0,0,1.15099446320117
30.3,371.532267015447,NaN,394,13,NaN,0.403099987431474,0.0895427082343574,0,0.610818970501121,0.540053162248294,0,0,1.15087213274942
30.4,371.764576067324,NaN,394,13,NaN,0.403099987431474,0.0895427082343574,0,0.610700865976122,0.540048941413077,0,0,1.1507498073892
30.5,371.996860426331,NaN,394,13,NaN,0.403099987431474,0.0895427082343574,0,0.61058277400483,0.540044713107774,0,0,1.1506274871126
30.6,372.22912009349,NaN,394,13,NaN,0.403099987431474,0.0895427082343574,0,0.610464694586725,0.540040477324995,0,0,1.15050517191172
30.7,372.461355069826,NaN,394,13,NaN,0.403099987431474,0.0895427082343574,0,0.610346627721286,0.54003623405735,0,0,1.15038286177864
30.8,372.69356535636,NaN,394,13,NaN,0.403099987431474,0.0895427082343574,0,0.610228573407993,0.54003198329745,0,0,1.15026055670544
30.9,372.925750954113,NaN,394,13,NaN,0.403099987431474,0.0895427082343574,0,0.610110531646329,0.540027725037902,0,0,1.15013825668423
31,373.157911864103,NaN,394,13,NaN,0.403099987431474,0.0895427082343574,0,0.609992502435774,0.540023459271316,0,0,1.15001596170709
31.1,373.390048087348,NaN,394,13,NaN,0.403099987431474,0.0895427082343574,0,0.609874485775813,0.540019185990301,0,0,1.14989367176611
31.2,373.622159624862,NaN,394,13,NaN,0.403099987431474,0.0895427082343574,0,0.609756481665928,0.540014905187466,0,0,1.14977138685339
31.3,373.854246477661,NaN,394,13,NaN,0.403099987431474,0.0895427082343574,0,0.609638490105605,0.540010616855419,0,0,1.14964910696102
31.4,374.086308646755,NaN,394,13,NaN,0.403099987431474,0.0895427082343574,0,0.609520511094328,0.540006320986768,0,0,1.1495268320811
31.5,374.318346133156,NaN,394,13,NaN,0.403099987431474,0.0895427082343574,0,0.609402544631584,0.540002017574121,0,0,1.1494045622057
31.6,374.550358937874,NaN,394,13,NaN,0.403099987431474,0.0895427082343574,0,0.609284590716859,0.539997706610087,0,0,1.14928229732695
31.7,374.782347061915,NaN,394,13,NaN,0.403099987431474,0.0895427082343574,0,0.609166649349642,0.539993388087272,0,0,1.14916003743691
31.8,375.014310506286,NaN,394,13,NaN,0.403099987431474,0.0895427082343574,0,0.609048720529421,0.539989061998285,0,0,1.14903778252771
31.9,375.246249271991,NaN,394,13,NaN,0.403099987431474,0.0895427082343574,0,0.608930804255685,0.539984728335732,0,0,1.14891553259142
32,375.478163360034,NaN,394,13,NaN,0.403099987431474,0.0895427082343574,0,0.608812900527925,0.53998038709222,0,0,1.14879328762014
32.1,375.710052771415,NaN,394,13,NaN,0.403099987431474,0.0895427082343574,0,0.60869500934563,0.539976038260356,0,0,1.14867104760599
32.2,375.941917507135,NaN,394,13,NaN,0.403099987431474,0.0895427082343574,0,0.608577130708294,0.539971681832748,0,0,1.14854881254104
32.3,376.173757568192,NaN,394,13,NaN,0.403099987431474,0.0895427082343574,0,0.608459264615408,0.539967317802001,0,0,1.14842658241741
32.4,376.405572955581,NaN,394,13,NaN,0.403099987431474,0.0895427082343574,0,0.608341411066466,0.539962946160722,0,0,1.14830435722719
32.5,376.637363670299,NaN,394,13,NaN,0.403099987431474,0.0895427082343574,0,0.608223570060962,0.539958566901516,0,0,1.14818213696248
32.6,376.869129713339,NaN,394,13,NaN,0.403099987431474,0.0895427082343574,0,0.60810574159839,0.539954180016991,0,0,1.14805992161538
32.7,377.100871085692,NaN,394,13,NaN,0.403099987431474,0.0895427082343574,0,0.607987925678248,0.539949785499752,0,0,1.147937711178
32.8,377.33258778835,NaN,394,13,NaN,0.403099987431474,0.0895427082343574,0,0.60787012230003,0.539945383342404,0,0,1.14781550564243
32.9,377.5642798223,NaN,394,13,NaN,0.403099987431474,0.0895427082343574,0,0.607752331463234,0.539940973537554,0,0,1.14769330500079
33,377.795947188531,NaN,394,13,NaN,0.403099987431474,0.0895427082343574,0,0.607634553167359,0.539936556077806,0,0,1.14757110924517
33.1,378.027589888027,NaN,394,13,NaN,0.403099987431474,0.0895427082343574,0,0.607516787411904,0.539932130955766,0,0,1.14744891836767
33.2,378.259207921773,NaN,394,13,NaN,0.403099987431474,0.0895427082343574,0,0.607399034196368,0.53992769816404,0,0,1.14732673236041
33.3,378.490801290751,NaN,394,13,NaN,0.403099987431474,0.0895427082343574,0,0.607281293520251,0.539923257695231,0,0,1.14720455121548
33.4,378.722369995942,NaN,394,13,NaN,0.403099987431474,0.0895427082343574,0,0.607163565383055,0.539918809541946,0,0,1.147082374925
33.5,378.953914038326,NaN,394,13,NaN,0.403099987431474,0.0895427082343574,0,0.607045849784282,0.539914353696789,0,0,1.14696020348107
33.6,379.18543341888,NaN,394,13,NaN,0.403099987431474,0.0895427082343574,0,0.606928146723435,0.539909890152364,0,0,1.1468380368758
33.7,379.416928138581,NaN,394,13,NaN,0.403099987431474,0.0895427082343574,0,0.606810456200018,0.539905418901277,0,0,1.14671587510129
33.8,379.648398198402,NaN,394,13,NaN,0.403099987431474,0.0895427082343574,0,0.606692778213535,0.539900939936132,0,0,1.14659371814967
33.9,379.879843599318,NaN,394,13,NaN,0.403099987431474,0.0895427082343574,0,0.606575112763491,0.539896453249533,0,0,1.14647156601302
34,380.111264342299,NaN,394,13,NaN,0.403099987431474,0.0895427082343574,0,0.606457459849393,0.539891958834084,0,0,1.14634941868348
34.1,380.342660428316,NaN,394,13,NaN,0.403099987431474,0.0895427082343574,0,0.606339819470748,0.53988745668239,0,0,1.14622727615314
34.2,380.574031858337,NaN,394,13,NaN,0.403099987431474,0.0895427082343574,0,0.606222191627062,0.539882946787056,0,0,1.14610513841412
34.3,380.805378633328,NaN,394,13,NaN,0.403099987431474,0.0895427082343574,0,0.606104576317845,0.539878429140684,0,0,1.14598300545853
34.4,381.036700754255,NaN,394,13,NaN,0.403099987431474,0.0895427082343574,0,0.605986973542607,0.53987390373588,0,0,1.14586087727849
34.5,381.267998222081,NaN,394,13,NaN,0.403099987431474,0.0895427082343574,0,0.605869383300856,0.539869370565246,0,0,1.1457387538661
34.6,381.499271037769,NaN,394,13,NaN,0.403099987431474,0.0895427082343574,0,0.605751805592105,0.539864829621388,0,0,1.14561663521349
34.7,381.730519202279,NaN,394,13,NaN,0.403099987431474,0.0895427082343574,0,0.605634240415864,0.539860280896908,0,0,1.14549452131277
34.8,381.961742716569,NaN,394,13,NaN,0.403099987431474,0.0895427082343574,0,0.605516687771646,0.539855724384411,0,0,1.14537241215606
34.9,382.192941581598,NaN,394,13,NaN,0.403099987431474,0.0895427082343574,0,0.605399147658965,0.5398511600765,0,0,1.14525030773546
35,382.424115798321,NaN,394,13,NaN,0.403099987431474,0.0895427082343574,0,0.605281620077334,0.539846587965778,0,0,1.14512820804311
35.1,382.655265367691,NaN,394,13,NaN,0.403099987431474,0.0895427082343574,0,0.605164105026269,0.539842008044851,0,0,1.14500611307112
35.2,382.886390290663,NaN,394,13,NaN,0.403099987431474,0.0895427082343574,0,0.605046602505285,0.53983742030632,0,0,1.1448840228116
35.3,383.117490568186,NaN,394,13,NaN,0.403099987431474,0.0895427082343574,0,0.604929112513899,0.53983282474279,0,0,1.14476193725669
35.4,383.34856620121,NaN,394,13,NaN,0.403099987431474,0.0895427082343574,0,0.604811635051627,0.539828221346865,0,0,1.14463985639849
35.5,383.579617190684,NaN,394,13,NaN,0.403099987431474,0.0895427082343574,0,0.604694170117989,0.539823610111147,0,0,1.14451778022914
35.6,383.810643537552,NaN,394,13,NaN,0.403099987431474,0.0895427082343574,0,0.604576717712503,0.53981899102824,0,0,1.14439570874074
35.7,384.041645242761,NaN,394,13,NaN,0.403099987431474,0.0895427082343574,0,0.604459277834689,0.539814364090748,0,0,1.14427364192544
35.8,384.272622307254,NaN,394,13,NaN,0.403099987431474,0.0895427082343574,0,0.604341850484066,0.539809729291275,0,0,1.14415157977534
35.9,384.503574731971,NaN,394,13,NaN,0.403099987431474,0.0895427082343574,0,0.604224435660157,0.539805086622423,0,0,1.14402952228258
36,384.734502517853,NaN,394,13,NaN,0.403099987431474,0.0895427082343574,0,0.604107033362484,0.539800436076797,0,0,1.14390746943928
36.1,384.965405665839,NaN,394,13,NaN,0.403099987431474,0.0895427082343574,0,0.603989643590569,0.539795777646999,0,0,1.14378542123757
36.2,385.196284176865,NaN,394,13,NaN,0.403099987431474,0.0895427082343574,0,0.603872266343937,0.539791111325633,0,0,1.14366337766957
36.3,385.427138051866,NaN,394,13,NaN,0.403099987431474,0.0895427082343574,0,0.603754901622111,0.539786437105303,0,0,1.14354133872741
36.4,385.657967291777,NaN,394,13,NaN,0.403099987431474,0.0895427082343574,0,0.603637549424617,0.539781754978613,0,0,1.14341930440323
36.5,385.88877189753,NaN,394,13,NaN,0.403099987431474,0.0895427082343574,0,0.603520209750981,0.539777064938165,0,0,1.14329727468915
36.6,386.119551870054,NaN,394,13,NaN,0.403099987431474,0.0895427082343574,0,0.603402882600729,0.539772366976564,0,0,1.14317524957729
36.7,386.35030721028,NaN,394,13,NaN,0.403099987431474,0.0895427082343574,0,0.603285567973391,0.539767661086413,0,0,1.1430532290598
36.8,386.581037919134,NaN,394,13,NaN,0.403099987431474,0.0895427082343574,0,0.603168265868494,0.539762947260316,0,0,1.14293121312881
36.9,386.811743997543,NaN,394,13,NaN,0.403099987431474,0.0895427082343574,0,0.603050976285567,0.539758225490876,0,0,1.14280920177644
37,387.042425446431,NaN,394,13,NaN,0.403099987431474,0.0895427082343574,0,0.60293369922414,0.539753495770698,0,0,1.14268719499484
37.1,387.27308226672,NaN,394,13,NaN,0.403099987431474,0.0895427082343574,0,0.602816434683745,0.539748758092384,0,0,1.14256519277613
37.2,387.503714459332,NaN,394,13,NaN,0.403099987431474,0.0895427082343574,0,0.602699182663913,0.53974401244854,0,0,1.14244319511245
37.3,387.734322025186,NaN,394,13,NaN,0.403099987431474,0.0895427082343574,0,0.602581943164176,0.539739258831769,0,0,1.14232120199594
37.4,387.9649049652,NaN,394,13,NaN,0.403099987431474,0.0895427082343574,0,0.602464716184068,0.539734497234674,0,0,1.14219921341874
37.5,388.195463280291,NaN,394,13,NaN,0.403099987431474,0.0895427082343574,0,0.602347501723123,0.539729727649861,0,0,1.14207722937298
37.6,388.425996971374,NaN,394,13,NaN,0.403099987431474,0.0895427082343574,0,0.602230299780876,0.539724950069932,0,0,1.14195524985081
37.7,388.656506039362,NaN,394,13,NaN,0.403099987431474,0.0895427082343574,0,0.602113110356863,0.539720164487493,0,0,1.14183327484436
37.8,388.886990485166,NaN,394,13,NaN,0.403099987431474,0.0895427082343574,0,0.601995933450619,0.539715370895148,0,0,1.14171130434577
37.9,389.117450309697,NaN,394,13,NaN,0.403099987431474,0.0895427082343574,0,0.601878769061683,0.539710569285501,0,0,1.14158933834718
38,389.347885513864,NaN,394,13,NaN,0.403099987431474,0.0895427082343574,0,0.601761617189592,0.539705759651156,0,0,1.14146737684075
38.1,389.578296098573,NaN,394,13,NaN,0.403099987431474,0.0895427082343574,0,0.601644477833885,0.539700941984719,0,0,1.1413454198186
38.2,389.808682064729,NaN,394,13,NaN,0.403099987431474,0.0895427082343574,0,0.601527350994102,0.539696116278794,0,0,1.1412234672729
38.3,390.039043413238,NaN,394,13,NaN,0.403099987431474,0.0895427082343574,0,0.601410236669783,0.539691282525985,0,0,1.14110151919577
38.4,390.269380145,NaN,394,13,NaN,0.403099987431474,0.0895427082343574,0,0.60129313486047,0.539686440718898,0,0,1.14097957557937
38.5,390.499692260917,NaN,394,13,NaN,0.403099987431474,0.0895427082343574,0,0.601176045565704,0.539681590850138,0,0,1.14085763641584
38.6,390.729979761889,NaN,394,13,NaN,0.403099987431474,0.0895427082343574,0,0.60105896878503,0.53967673291231,0,0,1.14073570169734
38.7,390.960242648811,NaN,394,13,NaN,0.403099987431474,0.0895427082343574,0,0.600941904517989,0.539671866898019,0,0,1.14061377141601
38.8,391.190480922581,NaN,394,13,NaN,0.403099987431474,0.0895427082343574,0,0.600824852764128,0.539666992799871,0,0,1.140491845564
38.9,391.420694584093,NaN,394,13,NaN,0.403099987431474,0.0895427082343574,0,0.60070781352299,0.539662110610471,0,0,1.14036992413346
39,391.650883634239,NaN,394,13,NaN,0.403099987431474,0.0895427082343574,0,0.600590786794122,0.539657220322425,0,0,1.14024800711655
39.1,391.881048073912,NaN,394,13,NaN,0.403099987431474,0.0895427082343574,0,0.600473772577072,0.539652321928339,0,0,1.14012609450541
39.2,392.111187904,NaN,394,13,NaN,0.403099987431474,0.0895427082343574,0,0.600356770871386,0.539647415420818,0,0,1.1400041862922
39.3,392.341303125392,NaN,394,13,NaN,0.403099987431474,0.0895427082343574,0,0.600239781676613,0.539642500792469,0,0,1.13988228246908
39.4,392.571393738975,NaN,394,13,NaN,0.403099987431474,0.0895427082343574,0,0.600122804992303,0.539637578035899,0,0,1.1397603830282
39.5,392.801459745633,NaN,394,13,NaN,0.403099987431474,0.0895427082343574,0,0.600005840818005,0.539632647143713,0,0,1.13963848796172
39.6,393.03150114625,NaN,394,13,NaN,0.403099987431474,0.0895427082343574,0,0.59988888915327,0.539627708108519,0,0,1.13951659726179
39.7,393.261517941707,NaN,394,13,NaN,0.403099987431474,0.0895427082343574,0,0.59977194999765,0.539622760922923,0,0,1.13939471092057
39.8,393.491510132886,NaN,394,13,NaN,0.403099987431474,0.0895427082343574,0,0.599655023350698,0.539617805579532,0,0,1.13927282893023
39.9,393.721477720664,NaN,394,13,NaN,0.403099987431474,0.0895427082343574,0,0.599538109211967,0.539612842070954,0,0,1.13915095128292
40,393.95142070592,NaN,394,13,NaN,0.403099987431474,0.0895427082343574,0,0.59942120758101,0.539607870389795,0,0,1.13902907797081
40.1,394.181339089527,NaN,394,13,NaN,0.403099987431474,0.0895427082343574,0,0.599304318457384,0.539602890528664,0,0,1.13890720898605
40.2,394.411232872361,NaN,394,13,NaN,0.403099987431474,0.0895427082343574,0,0.599187441840642,0.539597902480167,0,0,1.13878534432081
40.3,394.641102055294,NaN,394,13,NaN,0.403099987431474,0.0895427082343574,0,0.599070577730342,0.539592906236914,0,0,1.13866348396726
40.4,394.870946639197,NaN,394,13,NaN,0.403099987431474,0.0895427082343574,0,0.598953726126042,0.539587901791511,0,0,1.13854162791755
40.5,395.100766624938,NaN,394,13,NaN,0.403099987431474,0.0895427082343574,0,0.598836887027299,0.539582889136569,0,0,1.13841977616387
40.6,395.330562013386,NaN,394,13,NaN,0.403099987431474,0.0895427082343574,0,0.598720060433671,0.539577868264694,0,0,1.13829792869836
40.7,395.560332805407,NaN,394,13,NaN,0.403099987431474,0.0895427082343574,0,0.598603246344719,0.539572839168496,0,0,1.13817608551322
40.8,395.790079001866,NaN,394,13,NaN,0.403099987431474,0.0895427082343574,0,0.598486444760004,0.539567801840584,0,0,1.13805424660059
40.9,396.019800603624,NaN,394,13,NaN,0.403099987431474,0.0895427082343574,0,0.598369655679086,0.539562756273568,0,0,1.13793241195265
41,396.249497611544,NaN,394,13,NaN,0.403099987431474,0.0895427082343574,0,0.598252879101527,0.539557702460055,0,0,1.13781058156158
41.1,396.479170026486,NaN,394,13,NaN,0.403099987431474,0.0895427082343574,0,0.598136115026891,0.539552640392658,0,0,1.13768875541955
41.2,396.708817849308,NaN,394,13,NaN,0.403099987431474,0.0895427082343574,0,0.59801936345474,0.539547570063984,0,0,1.13756693351872
41.3,396.938441080866,NaN,394,13,NaN,0.403099987431474,0.0895427082343574,0,0.597902624384641,0.539542491466645,0,0,1.13744511585129
41.4,397.168039722016,NaN,394,13,NaN,0.403099987431474,0.0895427082343574,0,0.597785897816157,0.539537404593251,0,0,1.13732330240941
41.5,397.397613773611,NaN,394,13,NaN,0.403099987431474,0.0895427082343574,0,0.597669183748854,0.539532309436413,0,0,1.13720149318527
41.6,397.627163236503,NaN,394,13,NaN,0.403099987431474,0.0895427082343574,0,0.597552482182301,0.539527205988741,0,0,1.13707968817104
41.7,397.856688111543,NaN,394,13,NaN,0.403099987431474,0.0895427082343574,0,0.597435793116063,0.539522094242847,0,0,1.13695788735891
41.8,398.08618839958,NaN,394,13,NaN,0.403099987431474,0.0895427082343574,0,0.597319116549711,0.539516974191342,0,0,1.13683609074105
41.9,398.31566410146,NaN,394,13,NaN,0.403099987431474,0.0895427082343574,0,0.597202452482812,0.539511845826839,0,0,1.13671429830965
42,398.545115218029,NaN,394,13,NaN,0.403099987431474,0.0895427082343574,0,0.597085800914938,0.539506709141948,0,0,1.13659251005689
42.1,398.774541750132,NaN,394,13,NaN,0.403099987431474,0.0895427082343574,0,0.596969161845658,0.539501564129283,0,0,1.13647072597494
42.2,399.003943698611,NaN,394,13,NaN,0.403099987431474,0.0895427082343574,0,0.596852535274545,0.539496410781456,0,0,1.136348946056
42.3,399.233321064306,NaN,394,13,NaN,0.403099987431474,0.0895427082343574,0,0.596735921201172,0.53949124909108,0,0,1.13622717029225
42.4,399.462673848059,NaN,394,13,NaN,0.403099987431474,0.0895427082343574,0,0.59661931962511,0.539486079050768,0,0,1.13610539867588
42.5,399.692002050705,NaN,394,13,NaN,0.403099987431474,0.0895427082343574,0,0.596502730545935,0.539480900653134,0,0,1.13598363119907
42.6,399.921305673082,NaN,394,13,NaN,0.403099987431474,0.0895427082343574,0,0.596386153963221,0.539475713890792,0,0,1.13586186785401
42.7,400.150584716024,NaN,394,13,NaN,0.403099987431474,0.0895427082343574,0,0.596269589876544,0.539470518756355,0,0,1.1357401086329
42.8,400.379839180365,NaN,394,13,NaN,0.403099987431474,0.0895427082343574,0,0.59615303828548,0.539465315242437,0,0,1.13561835352792
42.9,400.609069066935,NaN,394,13,NaN,0.403099987431474,0.0895427082343574,0,0.596036499189607,0.539460103341655,0,0,1.13549660253126
43,400.838274376565,NaN,394,13,NaN,0.403099987431474,0.0895427082343574,0,0.595919972588502,0.539454883046622,0,0,1.13537485563512
43.1,401.067455110083,NaN,394,13,NaN,0.403099987431474,0.0895427082343574,0,0.595803458481745,0.539449654349955,0,0,1.1352531128317
43.2,401.296611268316,NaN,394,13,NaN,0.403099987431474,0.0895427082343574,0,0.595686956868915,0.539444417244268,0,0,1.13513137411318
43.3,401.52574285209,NaN,394,13,NaN,0.403099987431474,0.0895427082343574,0,0.595570467749592,0.539439171722179,0,0,1.13500963947177
43.4,401.754849862227,NaN,394,13,NaN,0.403099987431474,0.0895427082343574,0,0.595453991123359,0.539433917776302,0,0,1.13488790889966
43.5,401.98393229955,NaN,394,13,NaN,0.403099987431474,0.0895427082343574,0,0.595337526989796,0.539428655399256,0,0,1.13476618238905
43.6,402.21299016488,NaN,394,13,NaN,0.403099987431474,0.0895427082343574,0,0.595221075348487,0.539423384583657,0,0,1.13464445993214
43.7,402.442023459035,NaN,394,13,NaN,0.403099987431474,0.0895427082343574,0,0.595104636199015,0.539418105322123,0,0,1.13452274152114
43.8,402.671032182833,NaN,394,13,NaN,0.403099987431474,0.0895427082343574,0,0.594988209540965,0.539412817607271,0,0,1.13440102714824
43.9,402.90001633709,NaN,394,13,NaN,0.403099987431474,0.0895427082343574,0,0.594871795373922,0.539407521431719,0,0,1.13427931680564
44,403.12897592262,NaN,394,13,NaN,0.403099987431474,0.0895427082343574,0,0.594755393697472,0.539402216788087,0,0,1.13415761048556
44.1,403.357910940236,NaN,394,13,NaN,0.403099987431474,0.0895427082343574,0,0.594639004511203,0.539396903668992,0,0,1.13403590818019
44.2,403.586821390748,NaN,394,13,NaN,0.403099987431474,0.0895427082343574,0,0.5945226278147,0.539391582067055,0,0,1.13391420988176
44.3,403.815707274966,NaN,394,13,NaN,0.403099987431474,0.0895427082343574,0,0.594406263607554,0.539386251974895,0,0,1.13379251558245
44.4,404.044568593699,NaN,394,13,NaN,0.403099987431474,0.0895427082343574,0,0.594289911889353,0.539380913385132,0,0,1.13367082527448
44.5,404.273405347752,NaN,394,13,NaN,0.403099987431474,0.0895427082343574,0,0.594173572659688,0.539375566290386,0,0,1.13354913895007
44.6,404.502217537931,NaN,394,13,NaN,0.403099987431474,0.0895427082343574,0,0.594057245918148,0.539370210683278,0,0,1.13342745660143
44.7,404.731005165038,NaN,394,13,NaN,0.403099987431474,0.0895427082343574,0,0.593940931664326,0.53936484655643,0,0,1.13330577822076
44.8,404.959768229875,NaN,394,13,NaN,0.403099987431474,0.0895427082343574,0,0.593824629897815,0.539359473902462,0,0,1.13318410380028
44.9,405.188506733243,NaN,394,13,NaN,0.403099987431474,0.0895427082343574,0,0.593708340618207,0.539354092713998,0,0,1.13306243333221
45,405.417220675939,NaN,394,13,NaN,0.403099987431474,0.0895427082343574,0,0.593592063825096,0.539348702983659,0,0,1.13294076680876
45.1,405.645910058762,NaN,394,13,NaN,0.403099987431474,0.0895427082343574,0,0.593475799518078,0.539343304704069,0,0,1.13281910422215
45.2,405.874574882505,NaN,394,13,NaN,0.403099987431474,0.0895427082343574,0,0.593359547696748,0.53933789786785,0,0,1.1326974455646
45.3,406.103215147964,NaN,394,13,NaN,0.403099987431474,0.0895427082343574,0,0.593243308360702,0.539332482467627,0,0,1.13257579082833
45.4,406.331830855929,NaN,394,13,NaN,0.403099987431474,0.0895427082343574,0,0.593127081509538,0.539327058496023,0,0,1.13245414000556
45.5,406.560422007193,NaN,394,13,NaN,0.403099987431474,0.0895427082343574,0,0.593010867142854,0.539321625945663,0,0,1.13233249308852
45.6,406.788988602544,NaN,394,13,NaN,0.403099987431474,0.0895427082343574,0,0.592894665260248,0.539316184809172,0,0,1.13221085006942
45.7,407.017530642769,NaN,394,13,NaN,0.403099987431474,0.0895427082343574,0,0.59277847586132,0.539310735079176,0,0,1.1320892109405
45.8,407.246048128654,NaN,394,13,NaN,0.403099987431474,0.0895427082343574,0,0.592662298945671,0.5393052767483,0,0,1.13196757569397
45.9,407.474541060984,NaN,394,13,NaN,0.403099987431474,0.0895427082343574,0,0.592546134512902,0.53929980980917,0,0,1.13184594432207
46,407.703009440542,NaN,394,13,NaN,0.403099987431474,0.0895427082343574,0,0.592429982562615,0.539294334254415,0,0,1.13172431681703
46.1,407.931453268109,NaN,394,13,NaN,0.403099987431474,0.0895427082343574,0,0.592313843094412,0.53928885007666,0,0,1.13160269317107
46.2,408.159872544464,NaN,394,13,NaN,0.403099987431474,0.0895427082343574,0,0.592197716107898,0.539283357268533,0,0,1.13148107337643
46.3,408.388267270385,NaN,394,13,NaN,0.403099987431474,0.0895427082343574,0,0.592081601602676,0.539277855822663,0,0,1.13135945742534
46.4,408.61663744665,NaN,394,13,NaN,0.403099987431474,0.0895427082343574,0,0.591965499578352,0.539272345731679,0,0,1.13123784531003
46.5,408.844983074032,NaN,394,13,NaN,0.403099987431474,0.0895427082343574,0,0.591849410034532,0.539266826988208,0,0,1.13111623702274
46.6,409.073304153306,NaN,394,13,NaN,0.403099987431474,0.0895427082343574,0,0.591733332970824,0.539261299584883,0,0,1.13099463255571
46.7,409.301600685243,NaN,394,13,NaN,0.403099987431474,0.0895427082343574,0,0.591617268386833,0.539255763514331,0,0,1.13087303190116
46.8,409.529872670613,NaN,394,13,NaN,0.403099987431474,0.0895427082343574,0,0.59150121628217,0.539250218769184,0,0,1.13075143505135
46.9,409.758120110185,NaN,394,13,NaN,0.403099987431474,0.0895427082343574,0,0.591385176656443,0.539244665342073,0,0,1.13062984199852
47,409.986343004726,NaN,394,13,NaN,0.403099987431474,0.0895427082343574,0,0.591269149509262,0.53923910322563,0,0,1.13050825273489
47.1,410.214541355002,NaN,394,13,NaN,0.403099987431474,0.0895427082343574,0,0.591153134840237,0.539233532412486,0,0,1.13038666725272
47.2,410.442715161776,NaN,394,13,NaN,0.403099987431474,0.0895427082343574,0,0.591037132648982,0.539227952895274,0,0,1.13026508554426
47.3,410.670864425811,NaN,394,13,NaN,0.403099987431474,0.0895427082343574,0,0.590921142935107,0.539222364666628,0,0,1.13014350760174
47.4,410.898989147867,NaN,394,13,NaN,0.403099987431474,0.0895427082343574,0,0.590805165698227,0.539216767719181,0,0,1.13002193341741
47.5,411.127089328704,NaN,394,13,NaN,0.403099987431474,0.0895427082343574,0,0.590689200937955,0.539211162045567,0,0,1.12990036298352
47.6,411.35516496908,NaN,394,13,NaN,0.403099987431474,0.0895427082343574,0,0.590573248653906,0.539205547638421,0,0,1.12977879629233
47.7,411.58321606975,NaN,394,13,NaN,0.403099987431474,0.0895427082343574,0,0.590457308845696,0.539199924490378,0,0,1.12965723333607
47.8,411.811242631469,NaN,394,13,NaN,0.403099987431474,0.0895427082343574,0,0.590341381512941,0.539194292594074,0,0,1.12953567410702
47.9,412.03924465499,NaN,394,13,NaN,0.403099987431474,0.0895427082343574,0,0.590225466655258,0.539188651942145,0,0,1.1294141185974
48,412.267222141064,NaN,394,13,NaN,0.403099987431474,0.0895427082343574,0,0.590109564272266,0.539183002527229,0,0,1.12929256679949
48.1,412.495175090441,NaN,394,13,NaN,0.403099987431474,0.0895427082343574,0,0.589993674363583,0.539177344341961,0,0,1.12917101870554
48.2,412.723103503869,NaN,394,13,NaN,0.403099987431474,0.0895427082343574,0,0.589877796928829,0.539171677378981,0,0,1.12904947430781
48.3,412.951007382095,NaN,394,13,NaN,0.403099987431474,0.0895427082343574,0,0.589761931967624,0.539166001630926,0,0,1.12892793359855
48.4,413.178886725864,NaN,394,13,NaN,0.403099987431474,0.0895427082343574,0,0.589646079479589,0.539160317090437,0,0,1.12880639657003
48.5,413.40674153592,NaN,394,13,NaN,0.403099987431474,0.0895427082343574,0,0.589530239464347,0.539154623750152,0,0,1.1286848632145
48.6,413.634571813004,NaN,394,13,NaN,0.403099987431474,0.0895427082343574,0,0.58941441192152,0.539148921602712,0,0,1.12856333352423
48.7,413.862377557856,NaN,394,13,NaN,0.403099987431474,0.0895427082343574,0,0.589298596850733,0.539143210640757,0,0,1.12844180749149
48.8,414.090158771216,NaN,394,13,NaN,0.403099987431474,0.0895427082343574,0,0.589182794251608,0.539137490856929,0,0,1.12832028510854
48.9,414.31791545382,NaN,394,13,NaN,0.403099987431474,0.0895427082343574,0,0.589067004123772,0.53913176224387,0,0,1.12819876636764
49,414.545647606405,NaN,394,13,NaN,0.403099987431474,0.0895427082343574,0,0.588951226466851,0.539126024794222,0,0,1.12807725126107
49.1,414.773355229703,NaN,394,13,NaN,0.403099987431474,0.0895427082343574,0,0.58883546128047,0.539120278500629,0,0,1.1279557397811
49.2,415.001038324449,NaN,394,13,NaN,0.403099987431474,0.0895427082343574,0,0.588719708564259,0.539114523355734,0,0,1.12783423191999
49.3,415.228696891372,NaN,394,13,NaN,0.403099987431474,0.0895427082343574,0,0.588603968317846,0.539108759352181,0,0,1.12771272767003
49.4,415.456330931202,NaN,394,13,NaN,0.403099987431474,0.0895427082343574,0,0.588488240540859,0.539102986482615,0,0,1.12759122702347
49.5,415.683940444667,NaN,394,13,NaN,0.403099987431474,0.0895427082343574,0,0.588372525232928,0.539097204739683,0,0,1.12746972997261
49.6,415.911525432493,NaN,394,13,NaN,0.403099987431474,0.0895427082343574,0,0.588256822393685,0.539091414116029,0,0,1.12734823650971
49.7,416.139085895404,NaN,394,13,NaN,0.403099987431474,0.0895427082343574,0,0.588141132022761,0.539085614604301,0,0,1.12722674662706
49.8,416.366621834124,NaN,394,13,NaN,0.403099987431474,0.0895427082343574,0,0.588025454119788,0.539079806197147,0,0,1.12710526031694
49.9,416.594133249374,NaN,394,13,NaN,0.403099987431474,0.0895427082343574,0,0.5879097886844,0.539073988887214,0,0,1.12698377757161
50,416.821620141874,NaN,394,13,NaN,0.403099987431474,0.0895427082343574,0,0.587794135716231,0.53906816266715,0,0,1.12686229838338
50.1,417.049082512342,NaN,394,13,NaN,0.403099987431474,0.0895427082343574,0,0.587678495214915,0.539062327529606,0,0,1.12674082274452
50.2,417.276520361495,NaN,394,13,NaN,0.403099987431474,0.0895427082343574,0,0.587562867180088,0.53905648346723,0,0,1.12661935064732
50.3,417.503933690049,NaN,394,13,NaN,0.403099987431474,0.0895427082343574,0,0.587447251611387,0.539050630472675,0,0,1.12649788208406
50.4,417.731322498716,NaN,394,13,NaN,0.403099987431474,0.0895427082343574,0,0.587331648508449,0.53904476853859,0,0,1.12637641704704
50.5,417.958686788209,NaN,394,13,NaN,0.403099987431474,0.0895427082343574,0,0.587216057870911,0.539038897657627,0,0,1.12625495552854
50.6,418.186026559238,NaN,394,13,NaN,0.403099987431474,0.0895427082343574,0,0.587100479698412,0.53903301782244,0,0,1.12613349752085
50.7,418.413341812513,NaN,394,13,NaN,0.403099987431474,0.0895427082343574,0,0.586984913990593,0.539027129025681,0,0,1.12601204301627
50.8,418.64063254874,NaN,394,13,NaN,0.403099987431474,0.0895427082343574,0,0.586869360747093,0.539021231260005,0,0,1.1258905920071
50.9,418.867898768626,NaN,394,13,NaN,0.403099987431474,0.0895427082343574,0,0.586753819967554,0.539015324518065,0,0,1.12576914448562
51,419.095140472874,NaN,394,13,NaN,0.403099987431474,0.0895427082343574,0,0.586638291651618,0.539009408792517,0,0,1.12564770044413
51.1,419.322357662186,NaN,394,13,NaN,0.403099987431474,0.0895427082343574,0,0.586522775798927,0.539003484076017,0,0,1.12552625987494
51.2,419.549550337266,NaN,394,13,NaN,0.403099987431474,0.0895427082343574,0,0.586407272409125,0.538997550361221,0,0,1.12540482277035
51.3,419.77671849881,NaN,394,13,NaN,0.403099987431474,0.0895427082343574,0,0.586291781481857,0.538991607640787,0,0,1.12528338912264
51.4,420.003862147518,NaN,394,13,NaN,0.403099987431474,0.0895427082343574,0,0.586176303016767,0.538985655907372,0,0,1.12516195892414
51.5,420.230981284086,NaN,394,13,NaN,0.403099987431474,0.0895427082343574,0,0.586060837013503,0.538979695153636,0,0,1.12504053216714
51.6,420.458075909208,NaN,394,13,NaN,0.403099987431474,0.0895427082343574,0,0.585945383471709,0.538973725372237,0,0,1.12491910884395
51.7,420.685146023578,NaN,394,13,NaN,0.403099987431474,0.0895427082343574,0,0.585829942391035,0.538967746555835,0,0,1.12479768894687
51.8,420.912191627887,NaN,394,13,NaN,0.403099987431474,0.0895427082343574,0,0.585714513771128,0.538961758697092,0,0,1.12467627246822
51.9,421.139212722826,NaN,394,13,NaN,0.403099987431474,0.0895427082343574,0,0.585599097611638,0.538955761788669,0,0,1.12455485940031
52,421.366209309082,NaN,394,13,NaN,0.403099987431474,0.0895427082343574,0,0.585483693912215,0.538949755823227,0,0,1.12443344973544
52.1,421.593181387342,NaN,394,13,NaN,0.403099987431474,0.0895427082343574,0,0.585368302672509,0.538943740793431,0,0,1.12431204346594
52.2,421.820128958293,NaN,394,13,NaN,0.403099987431474,0.0895427082343574,0,0.585252923892172,0.538937716691943,0,0,1.12419064058411
52.3,422.047052022617,NaN,394,13,NaN,0.403099987431474,0.0895427082343574,0,0.585137557570857,0.538931683511428,0,0,1.12406924108228
52.4,422.273950580997,NaN,394,13,NaN,0.403099987431474,0.0895427082343574,0,0.585022203708216,0.53892564124455,0,0,1.12394784495277
52.5,422.500824634114,NaN,394,13,NaN,0.403099987431474,0.0895427082343574,0,0.584906862303904,0.538919589883977,0,0,1.12382645218788
52.6,422.727674182646,NaN,394,13,NaN,0.403099987431474,0.0895427082343574,0,0.584791533357575,0.538913529422374,0,0,1.12370506277995
52.7,422.95449922727,NaN,394,13,NaN,0.403099987431474,0.0895427082343574,0,0.584676216868886,0.538907459852408,0,0,1.12358367672129
52.8,423.181299768664,NaN,394,13,NaN,0.403099987431474,0.0895427082343574,0,0.584560912837492,0.538901381166749,0,0,1.12346229400424
52.9,423.4080758075,NaN,394,13,NaN,0.403099987431474,0.0895427082343574,0,0.58444562126305,0.538895293358063,0,0,1.12334091462111
53,423.634827344452,NaN,394,13,NaN,0.403099987431474,0.0895427082343574,0,0.58433034214522,0.538889196419022,0,0,1.12321953856424
53.1,423.861554380192,NaN,394,13,NaN,0.403099987431474,0.0895427082343574,0,0.584215075483658,0.538883090342296,0,0,1.12309816582595
53.2,424.088256915387,NaN,394,13,NaN,0.403099987431474,0.0895427082343574,0,0.584099821278026,0.538876975120555,0,0,1.12297679639858
53.3,424.314934950707,NaN,394,13,NaN,0.403099987431474,0.0895427082343574,0,0.583984579527983,0.538870850746472,0,0,1.12285543027445
53.4,424.541588486818,NaN,394,13,NaN,0.403099987431474,0.0895427082343574,0,0.58386935023319,0.538864717212719,0,0,1.12273406744591
53.5,424.768217524385,NaN,394,13,NaN,0.403099987431474,0.0895427082343574,0,0.58375413339331,0.538858574511971,0,0,1.12261270790528
53.6,424.994822064071,NaN,394,13,NaN,0.403099987431474,0.0895427082343574,0,0.583638929008005,0.538852422636899,0,0,1.1224913516449
53.7,425.221402106538,NaN,394,13,NaN,0.403099987431474,0.0895427082343574,0,0.58352373707694,0.538846261580181,0,0,1.12236999865712
53.8,425.447957652445,NaN,394,13,NaN,0.403099987431474,0.0895427082343574,0,0.583408557599777,0.538840091334492,0,0,1.12224864893427
53.9,425.674488702453,NaN,394,13,NaN,0.403099987431474,0.0895427082343574,0,0.583293390576183,0.538833911892509,0,0,1.12212730246869
54,425.900995257216,NaN,394,13,NaN,0.403099987431474,0.0895427082343574,0,0.583178236005824,0.538827723246908,0,0,1.12200595925273
54.1,426.127477317392,NaN,394,13,NaN,0.403099987431474,0.0895427082343574,0,0.583063093888366,0.538821525390369,0,0,1.12188461927873
54.2,426.353934883634,NaN,394,13,NaN,0.403099987431474,0.0895427082343574,0,0.582947964223476,0.53881531831557,0,0,1.12176328253905
54.3,426.580367956593,NaN,394,13,NaN,0.403099987431474,0.0895427082343574,0,0.582832847010824,0.538809102015191,0,0,1.12164194902602
54.4,426.806776536922,NaN,394,13,NaN,0.403099987431474,0.0895427082343574,0,0.582717742250079,0.538802876481913,0,0,1.12152061873199
54.5,427.033160625268,NaN,394,13,NaN,0.403099987431474,0.0895427082343574,0,0.582602649940909,0.538796641708418,0,0,1.12139929164933
54.6,427.259520222281,NaN,394,13,NaN,0.403099987431474,0.0895427082343574,0,0.582487570082987,0.538790397687387,0,0,1.12127796777037
54.7,427.485855328604,NaN,394,13,NaN,0.403099987431474,0.0895427082343574,0,0.582372502675984,0.538784144411504,0,0,1.12115664708749
54.8,427.712165944884,NaN,394,13,NaN,0.403099987431474,0.0895427082343574,0,0.582257447719571,0.538777881873453,0,0,1.12103532959302
54.9,427.938452071762,NaN,394,13,NaN,0.403099987431474,0.0895427082343574,0,0.582142405213423,0.53877161006592,0,0,1.12091401527934
55,428.16471370988,NaN,394,13,NaN,0.403099987431474,0.0895427082343574,0,0.582027375157213,0.538765328981588,0,0,1.1207927041388
55.1,428.390950859879,NaN,394,13,NaN,0.403099987431474,0.0895427082343574,0,0.581912357550617,0.538759038613146,0,0,1.12067139616376
55.2,428.617163522395,NaN,394,13,NaN,0.403099987431474,0.0895427082343574,0,0.581797352393309,0.538752738953281,0,0,1.12055009134659
55.3,428.843351698066,NaN,394,13,NaN,0.403099987431474,0.0895427082343574,0,0.581682359684966,0.53874642999468,0,0,1.12042878967965
55.4,429.069515387526,NaN,394,13,NaN,0.403099987431474,0.0895427082343574,0,0.581567379425265,0.538740111730033,0,0,1.1203074911553
55.5,429.295654591409,NaN,394,13,NaN,0.403099987431474,0.0895427082343574,0,0.581452411613884,0.538733784152031,0,0,1.12018619576591
55.6,429.521769310347,NaN,394,13,NaN,0.403099987431474,0.0895427082343574,0,0.581337456250502,0.538727447253363,0,0,1.12006490350387
55.7,429.74785954497,NaN,394,13,NaN,0.403099987431474,0.0895427082343574,0,0.581222513334799,0.538721101026722,0,0,1.11994361436152
55.8,429.973925295906,NaN,394,13,NaN,0.403099987431474,0.0895427082343574,0,0.581107582866454,0.5387147454648,0,0,1.11982232833125
55.9,430.199966563784,NaN,394,13,NaN,0.403099987431474,0.0895427082343574,0,0.58099266484515,0.538708380560291,0,0,1.11970104540544
56,430.425983349228,NaN,394,13,NaN,0.403099987431474,0.0895427082343574,0,0.580877759270568,0.53870200630589,0,0,1.11957976557646
56.1,430.651975652862,NaN,394,13,NaN,0.403099987431474,0.0895427082343574,0,0.58076286614239,0.538695622694291,0,0,1.11945848883668
56.2,430.877943475309,NaN,394,13,NaN,0.403099987431474,0.0895427082343574,0,0.580647985460301,0.538689229718191,0,0,1.11933721517849
56.3,431.10388681719,NaN,394,13,NaN,0.403099987431474,0.0895427082343574,0,0.580533117223984,0.538682827370287,0,0,1.11921594459427
56.4,431.329805679123,NaN,394,13,NaN,0.403099987431474,0.0895427082343574,0,0.580418261433125,0.538676415643276,0,0,1.1190946770764
56.5,431.555700061728,NaN,394,13,NaN,0.403099987431474,0.0895427082343574,0,0.580303418087411,0.538669994529859,0,0,1.11897341261727
56.6,431.781569965619,NaN,394,13,NaN,0.403099987431474,0.0895427082343574,0,0.580188587186527,0.538663564022734,0,0,1.11885215120926
56.7,432.007415391411,NaN,394,13,NaN,0.403099987431474,0.0895427082343574,0,0.580073768730161,0.538657124114603,0,0,1.11873089284476
56.8,432.233236339717,NaN,394,13,NaN,0.403099987431474,0.0895427082343574,0,0.579958962718001,0.538650674798167,0,0,1.11860963751617
56.9,432.45903281115,NaN,394,13,NaN,0.403099987431474,0.0895427082343574,0,0.579844169149737,0.538644216066128,0,0,1.11848838521587
57,432.684804806317,NaN,394,13,NaN,0.403099987431474,0.0895427082343574,0,0.579729388025059,0.538637747911191,0,0,1.11836713593625
57.1,432.910552325829,NaN,394,13,NaN,0.403099987431474,0.0895427082343574,0,0.579614619343658,0.53863127032606,0,0,1.11824588966972
57.2,433.13627537029,NaN,394,13,NaN,0.403099987431474,0.0895427082343574,0,0.579499863105224,0.53862478330344,0,0,1.11812464640866
57.3,433.361973940308,NaN,394,13,NaN,0.403099987431474,0.0895427082343574,0,0.579385119309451,0.538618286836038,0,0,1.11800340614549
57.4,433.587648036484,NaN,394,13,NaN,0.403099987431474,0.0895427082343574,0,0.579270387956032,0.53861178091656,0,0,1.11788216887259
57.5,433.813297659422,NaN,394,13,NaN,0.403099987431474,0.0895427082343574,0,0.57915566904466,0.538605265537715,0,0,1.11776093458238
57.6,434.038922809721,NaN,394,13,NaN,0.403099987431474,0.0895427082343574,0,0.57904096257503,0.538598740692213,0,0,1.11763970326724
57.7,434.26452348798,NaN,394,13,NaN,0.403099987431474,0.0895427082343574,0,0.578926268546838,0.538592206372764,0,0,1.1175184749196
57.8,434.490099694797,NaN,394,13,NaN,0.403099987431474,0.0895427082343574,0,0.57881158695978,0.538585662572078,0,0,1.11739724953186
57.9,434.715651430767,NaN,394,13,NaN,0.403099987431474,0.0895427082343574,0,0.578696917813553,0.538579109282867,0,0,1.11727602709642
58,434.941178696485,NaN,394,13,NaN,0.403099987431474,0.0895427082343574,0,0.578582261107856,0.538572546497846,0,0,1.1171548076057
58.1,435.166681492542,NaN,394,13,NaN,0.403099987431474,0.0895427082343574,0,0.578467616842387,0.538565974209727,0,0,1.11703359105211
58.2,435.39215981953,NaN,394,13,NaN,0.403099987431474,0.0895427082343574,0,0.578352985016846,0.538559392411227,0,0,1.11691237742807
58.3,435.617613678039,NaN,394,13,NaN,0.403099987431474,0.0895427082343574,0,0.578238365630932,0.538552801095061,0,0,1.11679116672599
58.4,435.843043068655,NaN,394,13,NaN,0.403099987431474,0.0895427082343574,0,0.578123758684348,0.538546200253945,0,0,1.11666995893829
58.5,436.068447991966,NaN,394,13,NaN,0.403099987431474,0.0895427082343574,0,0.578009164176794,0.538539589880599,0,0,1.11654875405739
58.6,436.293828448556,NaN,394,13,NaN,0.403099987431474,0.0895427082343574,0,0.577894582107975,0.538532969967741,0,0,1.11642755207572
58.7,436.519184439007,NaN,394,13,NaN,0.403099987431474,0.0895427082343574,0,0.577780012477593,0.53852634050809,0,0,1.11630635298568
58.8,436.744515963903,NaN,394,13,NaN,0.403099987431474,0.0895427082343574,0,0.577665455285353,0.538519701494369,0,0,1.11618515677972
58.9,436.969823023822,NaN,394,13,NaN,0.403099987431474,0.0895427082343574,0,0.577550910530959,0.538513052919299,0,0,1.11606396345026
59,437.195105619342,NaN,394,13,NaN,0.403099987431474,0.0895427082343574,0,0.577436378214119,0.538506394775603,0,0,1.11594277298972
59.1,437.420363751042,NaN,394,13,NaN,0.403099987431474,0.0895427082343574,0,0.577321858334538,0.538499727056006,0,0,1.11582158539054
59.2,437.645597419496,NaN,394,13,NaN,0.403099987431474,0.0895427082343574,0,0.577207350891924,0.538493049753232,0,0,1.11570040064516
59.3,437.870806625277,NaN,394,13,NaN,0.403099987431474,0.0895427082343574,0,0.577092855885986,0.538486362860007,0,0,1.11557921874599
59.4,438.095991368958,NaN,394,13,NaN,0.403099987431474,0.0895427082343574,0,0.576978373316432,0.538479666369059,0,0,1.11545803968549
59.5,438.321151651109,NaN,394,13,NaN,0.403099987431474,0.0895427082343574,0,0.576863903182973,0.538472960273116,0,0,1.11533686345609
59.6,438.5462874723,NaN,394,13,NaN,0.403099987431474,0.0895427082343574,0,0.576749445485319,0.538466244564907,0,0,1.11521569005023
59.7,438.771398833097,NaN,394,13,NaN,0.403099987431474,0.0895427082343574,0,0.576635000223183,0.538459519237162,0,0,1.11509451946034
59.8,438.996485734066,NaN,394,13,NaN,0.403099987431474,0.0895427082343574,0,0.576520567396275,0.538452784282613,0,0,1.11497335167889
59.9,439.221548175772,NaN,394,13,NaN,0.403099987431474,0.0895427082343574,0,0.57640614700431,0.538446039693992,0,0,1.1148521866983
60,439.446586158778,NaN,394,13,NaN,0.403099987431474,0.0895427082343574,0,0.576291739047002,0.538439285464032,0,0,1.11473102451103
60.1,439.671599683644,NaN,394,13,NaN,0.403099987431474,0.0895427082343574,0,0.576177343524064,0.538432521585468,0,0,1.11460986510953
60.2,439.89658875093,NaN,394,13,NaN,0.403099987431474,0.0895427082343574,0,0.576062960435213,0.538425748051036,0,0,1.11448870848625
60.3,440.121553361193,NaN,394,13,NaN,0.403099987431474,0.0895427082343574,0,0.575948589780165,0.538418964853472,0,0,1.11436755463364
60.4,440.346493514991,NaN,394,13,NaN,0.403099987431474,0.0895427082343574,0,0.575834231558637,0.538412171985514,0,0,1.11424640354415
60.5,440.571409212878,NaN,394,13,NaN,0.403099987431474,0.0895427082343574,0,0.575719885770348,0.5384053694399,0,0,1.11412525521025
60.6,440.796300455407,NaN,394,13,NaN,0.403099987431474,0.0895427082343574,0,0.575605552415015,0.538398557209371,0,0,1.11400410962439
60.7,441.02116724313,NaN,394,13,NaN,0.403099987431474,0.0895427082343574,0,0.575491231492358,0.538391735286668,0,0,1.11388296677903
60.8,441.246009576597,NaN,394,13,NaN,0.403099987431474,0.0895427082343574,0,0.575376923002098,0.538384903664532,0,0,1.11376182666663
60.9,441.470827456357,NaN,394,13,NaN,0.403099987431474,0.0895427082343574,0,0.575262626943956,0.538378062335706,0,0,1.11364068927966
61,441.695620882956,NaN,394,13,NaN,0.403099987431474,0.0895427082343574,0,0.575148343317654,0.538371211292936,0,0,1.11351955461059
61.1,441.920389856939,NaN,394,13,NaN,0.403099987431474,0.0895427082343574,0,0.575034072122914,0.538364350528965,0,0,1.11339842265188
61.2,442.145134378852,NaN,394,13,NaN,0.403099987431474,0.0895427082343574,0,0.574919813359461,0.538357480036542,0,0,1.113277293396
61.3,442.369854449235,NaN,394,13,NaN,0.403099987431474,0.0895427082343574,0,0.574805567027017,0.538350599808412,0,0,1.11315616683543
61.4,442.59455006863,NaN,394,13,NaN,0.403099987431474,0.0895427082343574,0,0.57469133312531,0.538343709837326,0,0,1.11303504296264
61.5,442.819221237575,NaN,394,13,NaN,0.403099987431474,0.0895427082343574,0,0.574577111654063,0.538336810116032,0,0,1.11291392177009
61.6,443.043867956608,NaN,394,13,NaN,0.403099987431474,0.0895427082343574,0,0.574462902613005,0.538329900637281,0,0,1.11279280325029
61.7,443.268490226265,NaN,394,13,NaN,0.403099987431474,0.0895427082343574,0,0.574348706001863,0.538322981393826,0,0,1.11267168739569
61.8,443.493088047081,NaN,394,13,NaN,0.403099987431474,0.0895427082343574,0,0.574234521820365,0.53831605237842,0,0,1.11255057419879
61.9,443.717661419588,NaN,394,13,NaN,0.403099987431474,0.0895427082343574,0,0.57412035006824,0.538309113583817,0,0,1.11242946365206
62,443.942210344316,NaN,394,13,NaN,0.403099987431474,0.0895427082343574,0,0.574006190745218,0.538302165002773,0,0,1.11230835574799
62.1,444.166734821798,NaN,394,13,NaN,0.403099987431474,0.0895427082343574,0,0.57389204385103,0.538295206628043,0,0,1.11218725047907
62.2,444.391234852559,NaN,394,13,NaN,0.403099987431474,0.0895427082343574,0,0.573777909385408,0.538288238452387,0,0,1.11206614783779
62.3,444.615710437126,NaN,394,13,NaN,0.403099987431474,0.0895427082343574,0,0.573663787348083,0.538281260468562,0,0,1.11194504781665
62.4,444.840161576025,NaN,394,13,NaN,0.403099987431474,0.0895427082343574,0,0.573549677738789,0.538274272669329,0,0,1.11182395040812
62.5,445.064588269779,NaN,394,13,NaN,0.403099987431474,0.0895427082343574,0,0.57343558055726,0.53826727504745,0,0,1.11170285560471
62.6,445.288990518909,NaN,394,13,NaN,0.403099987431474,0.0895427082343574,0,0.57332149580323,0.538260267595685,0,0,1.11158176339892
62.7,445.513368323937,NaN,394,13,NaN,0.403099987431474,0.0895427082343574,0,0.573207423476436,0.538253250306799,0,0,1.11146067378324
62.8,445.737721685379,NaN,394,13,NaN,0.403099987431474,0.0895427082343574,0,0.573093363576613,0.538246223173557,0,0,1.11133958675017
62.9,445.962050603754,NaN,394,13,NaN,0.403099987431474,0.0895427082343574,0,0.572979316103498,0.538239186188725,0,0,1.11121850229222
63,446.186355079577,NaN,394,13,NaN,0.403099987431474,0.0895427082343574,0,0.57286528105683,0.538232139345069,0,0,1.1110974204019
63.1,446.410635113362,NaN,394,13,NaN,0.403099987431474,0.0895427082343574,0,0.572751258436347,0.538225082635358,0,0,1.11097634107171
63.2,446.634890705622,NaN,394,13,NaN,0.403099987431474,0.0895427082343574,0,0.572637248241789,0.538218016052362,0,0,1.11085526429415
63.3,446.859121856866,NaN,394,13,NaN,0.403099987431474,0.0895427082343574,0,0.572523250472896,0.53821093958885,0,0,1.11073419006175
63.4,447.083328567604,NaN,394,13,NaN,0.403099987431474,0.0895427082343574,0,0.572409265129409,0.538203853237595,0,0,1.110613118367
63.5,447.307510838345,NaN,394,13,NaN,0.403099987431474,0.0895427082343574,0,0.57229529221107,0.53819675699137,0,0,1.11049204920244
63.6,447.531668669593,NaN,394,13,NaN,0.403099987431474,0.0895427082343574,0,0.572181331717622,0.538189650842949,0,0,1.11037098256057
63.7,447.755802061854,NaN,394,13,NaN,0.403099987431474,0.0895427082343574,0,0.572067383648808,0.538182534785108,0,0,1.11024991843392
63.8,447.97991101563,NaN,394,13,NaN,0.403099987431474,0.0895427082343574,0,0.571953448004373,0.538175408810622,0,0,1.110128856815
63.9,448.203995531422,NaN,394,13,NaN,0.403099987431474,0.0895427082343574,0,0.571839524784062,0.538168272912271,0,0,1.11000779769633
64,448.428055609731,NaN,394,13,NaN,0.403099987431474,0.0895427082343574,0,0.571725613987621,0.538161127082833,0,0,1.10988674107045
64.1,448.652091251055,NaN,394,13,NaN,0.403099987431474,0.0895427082343574,0,0.571611715614796,0.538153971315089,0,0,1.10976568692988
64.2,448.876102455889,NaN,394,13,NaN,0.403099987431474,0.0895427082343574,0,0.571497829665334,0.53814680560182,0,0,1.10964463526715
64.3,449.10008922473,NaN,394,13,NaN,0.403099987431474,0.0895427082343574,0,0.571383956138985,0.538139629935808,0,0,1.10952358607479
64.4,449.324051558071,NaN,394,13,NaN,0.403099987431474,0.0895427082343574,0,0.571270095035498,0.538132444309839,0,0,1.10940253934534
64.5,449.547989456404,NaN,394,13,NaN,0.403099987431474,0.0895427082343574,0,0.571156246354622,0.538125248716697,0,0,1.10928149507132
64.6,449.771902920218,NaN,394,13,NaN,0.403099987431474,0.0895427082343574,0,0.571042410096108,0.538118043149168,0,0,1.10916045324528
64.7,449.995791950003,NaN,394,13,NaN,0.403099987431474,0.0895427082343574,0,0.570928586259707,0.538110827600041,0,0,1.10903941385975
64.8,450.219656546246,NaN,394,13,NaN,0.403099987431474,0.0895427082343574,0,0.570814774845172,0.538103602062105,0,0,1.10891837690728
64.9,450.443496709433,NaN,394,13,NaN,0.403099987431474,0.0895427082343574,0,0.570700975852256,0.53809636652815,0,0,1.10879734238041
65,450.667312440047,NaN,394,13,NaN,0.403099987431474,0.0895427082343574,0,0.570587189280714,0.538089120990967,0,0,1.10867631027168
65.1,450.891103738572,NaN,394,13,NaN,0.403099987431474,0.0895427082343574,0,0.570473415130298,0.538081865443349,0,0,1.10855528057365
65.2,451.114870605487,NaN,394,13,NaN,0.403099987431474,0.0895427082343574,0,0.570359653400766,0.53807459987809,0,0,1.10843425327886
65.3,451.338613041272,NaN,394,13,NaN,0.403099987431474,0.0895427082343574,0,0.570245904091873,0.538067324287987,0,0,1.10831322837986
65.4,451.562331046406,NaN,394,13,NaN,0.403099987431474,0.0895427082343574,0,0.570132167203377,0.538060038665834,0,0,1.10819220586921
65.5,451.786024621364,NaN,394,13,NaN,0.403099987431474,0.0895427082343574,0,0.570018442735035,0.538052743004431,0,0,1.10807118573947
65.6,452.00969376662,NaN,394,13,NaN,0.403099987431474,0.0895427082343574,0,0.569904730686607,0.538045437296577,0,0,1.10795016798318
65.7,452.233338483086,NaN,394,13,NaN,0.403099987431474,0.0895427082343574,0,0.569791031057629,0.538038121535057,0,0,1.10782915259269
65.8,452.456958771664,NaN,394,13,NaN,0.403099987431474,0.0895427082343574,0,0.569677343847642,0.53803079571266,0,0,1.1077081395603
65.9,452.680554632814,NaN,394,13,NaN,0.403099987431474,0.0895427082343574,0,0.569563669056412,0.538023459822188,0,0,1.1075871288786
66,452.904126066994,NaN,394,13,NaN,0.403099987431474,0.0895427082343574,0,0.569450006683707,0.538016113856446,0,0,1.10746612054015
66.1,453.127673074663,NaN,394,13,NaN,0.403099987431474,0.0895427082343574,0,0.569336356729294,0.538008757808241,0,0,1.10734511453753
66.2,453.351195656276,NaN,394,13,NaN,0.403099987431474,0.0895427082343574,0,0.56922271919294,0.538001391670379,0,0,1.10722411086332
66.3,453.574693812288,NaN,394,13,NaN,0.403099987431474,0.0895427082343574,0,0.569109094074415,0.537994015435668,0,0,1.10710310951008
66.4,453.798167543152,NaN,394,13,NaN,0.403099987431474,0.0895427082343574,0,0.568995481373489,0.53798662909692,0,0,1.10698211047041
66.5,454.021616849321,NaN,394,13,NaN,0.403099987431474,0.0895427082343574,0,0.568881881089931,0.537979232646944,0,0,1.10686111373687
66.6,454.245041731244,NaN,394,13,NaN,0.403099987431474,0.0895427082343574,0,0.568768293223512,0.537971826078554,0,0,1.10674011930207
66.7,454.468442189372,NaN,394,13,NaN,0.403099987431474,0.0895427082343574,0,0.568654717774004,0.537964409384562,0,0,1.10661912715857
66.8,454.691818224152,NaN,394,13,NaN,0.403099987431474,0.0895427082343574,0,0.568541154741179,0.537956982557785,0,0,1.10649813729896
66.9,454.91516983603,NaN,394,13,NaN,0.403099987431474,0.0895427082343574,0,0.56842760412481,0.537949545591039,0,0,1.10637714971585
67,455.138497025452,NaN,394,13,NaN,0.403099987431474,0.0895427082343574,0,0.568314065924672,0.537942098477141,0,0,1.10625616440181
67.1,455.361799792862,NaN,394,13,NaN,0.403099987431474,0.0895427082343574,0,0.568200540140538,0.537934641208911,0,0,1.10613518134945
67.2,455.585078138701,NaN,394,13,NaN,0.403099987431474,0.0895427082343574,0,0.568087026772183,0.537927173779168,0,0,1.10601420055135
67.3,455.808332063411,NaN,394,13,NaN,0.403099987431474,0.0895427082343574,0,0.567973525819383,0.537919696180736,0,0,1.10589322200012
67.4,456.031561567432,NaN,394,13,NaN,0.403099987431474,0.0895427082343574,0,0.567860037281915,0.537912208406438,0,0,1.10577224568835
67.5,456.254766651202,NaN,394,13,NaN,0.403099987431474,0.0895427082343574,0,0.567746561159556,0.537904710449096,0,0,1.10565127160865
67.6,456.477947315157,NaN,394,13,NaN,0.403099987431474,0.0895427082343574,0,0.567633097452083,0.537897202301539,0,0,1.10553029975362
67.7,456.701103559734,NaN,394,13,NaN,0.403099987431474,0.0895427082343574,0,0.567519646159276,0.537889683956593,0,0,1.10540933011587
67.8,456.924235385367,NaN,394,13,NaN,0.403099987431474,0.0895427082343574,0,0.567406207280913,0.537882155407086,0,0,1.105288362688
67.9,457.147342792488,NaN,394,13,NaN,0.403099987431474,0.0895427082343574,0,0.567292780816775,0.537874616645848,0,0,1.10516739746262
68,457.370425781529,NaN,394,13,NaN,0.403099987431474,0.0895427082343574,0,0.567179366766641,0.537867067665712,0,0,1.10504643443235
68.1,457.59348435292,NaN,394,13,NaN,0.403099987431474,0.0895427082343574,0,0.567065965130294,0.53785950845951,0,0,1.1049254735898
68.2,457.81651850709,NaN,394,13,NaN,0.403099987431474,0.0895427082343574,0,0.566952575907516,0.537851939020076,0,0,1.10480451492759
68.3,458.039528244466,NaN,394,13,NaN,0.403099987431474,0.0895427082343574,0,0.566839199098088,0.537844359340245,0,0,1.10468355843833
68.4,458.262513565474,NaN,394,13,NaN,0.403099987431474,0.0895427082343574,0,0.566725834701796,0.537836769412855,0,0,1.10456260411465
68.5,458.485474470539,NaN,394,13,NaN,0.403099987431474,0.0895427082343574,0,0.566612482718421,0.537829169230744,0,0,1.10444165194917
68.6,458.708410960084,NaN,394,13,NaN,0.403099987431474,0.0895427082343574,0,0.566499143147751,0.537821558786751,0,0,1.1043207019345
68.7,458.931323034532,NaN,394,13,NaN,0.403099987431474,0.0895427082343574,0,0.566385815989569,0.537813938073719,0,0,1.10419975406329
68.8,459.154210694301,NaN,394,13,NaN,0.403099987431474,0.0895427082343574,0,0.566272501243663,0.537806307084489,0,0,1.10407880832815
68.9,459.377073939813,NaN,394,13,NaN,0.403099987431474,0.0895427082343574,0,0.566159198909818,0.537798665811905,0,0,1.10395786472172
69,459.599912771484,NaN,394,13,NaN,0.403099987431474,0.0895427082343574,0,0.566045908987823,0.537791014248813,0,0,1.10383692323664
69.1,459.822727189731,NaN,394,13,NaN,0.403099987431474,0.0895427082343574,0,0.565932631477466,0.53778335238806,0,0,1.10371598386553
69.2,460.04551719497,NaN,394,13,NaN,0.403099987431474,0.0895427082343574,0,0.565819366378536,0.537775680222494,0,0,1.10359504660103
69.3,460.268282787613,NaN,394,13,NaN,0.403099987431474,0.0895427082343574,0,0.565706113690823,0.537767997744964,0,0,1.10347411143579
69.4,460.491023968074,NaN,394,13,NaN,0.403099987431474,0.0895427082343574,0,0.565592873414117,0.537760304948322,0,0,1.10335317836244
69.5,460.713740736762,NaN,394,13,NaN,0.403099987431474,0.0895427082343574,0,0.565479645548208,0.537752601825421,0,0,1.10323224737363
69.6,460.936433094088,NaN,394,13,NaN,0.403099987431474,0.0895427082343574,0,0.565366430092889,0.537744888369113,0,0,1.103111318462
69.7,461.159101040461,NaN,394,13,NaN,0.403099987431474,0.0895427082343574,0,0.565253227047953,0.537737164572256,0,0,1.10299039162021
69.8,461.381744576286,NaN,394,13,NaN,0.403099987431474,0.0895427082343574,0,0.565140036413192,0.537729430427705,0,0,1.1028694668409
69.9,461.60436370197,NaN,394,13,NaN,0.403099987431474,0.0895427082343574,0,0.5650268581884,0.53772168592832,0,0,1.10274854411672
70,461.826958417917,NaN,394,13,NaN,0.403099987431474,0.0895427082343574,0,0.564913692373371,0.537713931066959,0,0,1.10262762344033
70.1,462.049528724528,NaN,394,13,NaN,0.403099987431474,0.0895427082343574,0,0.564800538967902,0.537706165836484,0,0,1.10250670480439
70.2,462.272074622207,NaN,394,13,NaN,0.403099987431474,0.0895427082343574,0,0.564687397971788,0.537698390229758,0,0,1.10238578820155
70.3,462.494596111353,NaN,394,13,NaN,0.403099987431474,0.0895427082343574,0,0.564574269384824,0.537690604239646,0,0,1.10226487362447
70.4,462.717093192364,NaN,394,13,NaN,0.403099987431474,0.0895427082343574,0,0.56446115320681,0.537682807859012,0,0,1.10214396106582
70.5,462.939565865638,NaN,394,13,NaN,0.403099987431474,0.0895427082343574,0,0.564348049437543,0.537675001080724,0,0,1.10202305051827
70.6,463.16201413157,NaN,394,13,NaN,0.403099987431474,0.0895427082343574,0,0.564234958076821,0.53766718389765,0,0,1.10190214197447
70.7,463.384437990557,NaN,394,13,NaN,0.403099987431474,0.0895427082343574,0,0.564121879124444,0.537659356302661,0,0,1.1017812354271
70.8,463.606837442989,NaN,394,13,NaN,0.403099987431474,0.0895427082343574,0,0.564008812580211,0.537651518288628,0,0,1.10166033086884
70.9,463.829212489261,NaN,394,13,NaN,0.403099987431474,0.0895427082343574,0,0.563895758443925,0.537643669848425,0,0,1.10153942829235
71,464.051563129761,NaN,394,13,NaN,0.403099987431474,0.0895427082343574,0,0.563782716715386,0.537635810974926,0,0,1.10141852769031
71.1,464.273889364879,NaN,394,13,NaN,0.403099987431474,0.0895427082343574,0,0.563669687394396,0.537627941661007,0,0,1.1012976290554
71.2,464.496191195004,NaN,394,13,NaN,0.403099987431474,0.0895427082343574,0,0.563556670480758,0.537620061899546,0,0,1.1011767323803
71.3,464.71846862052,NaN,394,13,NaN,0.403099987431474,0.0895427082343574,0,0.563443665974277,0.537612171683421,0,0,1.1010558376577
71.4,464.940721641814,NaN,394,13,NaN,0.403099987431474,0.0895427082343574,0,0.563330673874755,0.537604271005514,0,0,1.10093494488027
71.5,465.162950259269,NaN,394,13,NaN,0.403099987431474,0.0895427082343574,0,0.563217694181998,0.537596359858707,0,0,1.1008140540407
71.6,465.385154473267,NaN,394,13,NaN,0.403099987431474,0.0895427082343574,0,0.563104726895812,0.537588438235882,0,0,1.10069316513169
71.7,465.60733428419,NaN,394,13,NaN,0.403099987431474,0.0895427082343574,0,0.562991772016003,0.537580506129927,0,0,1.10057227814593
71.8,465.829489692416,NaN,394,13,NaN,0.403099987431474,0.0895427082343574,0,0.562878829542378,0.537572563533726,0,0,1.1004513930761
71.9,466.051620698324,NaN,394,13,NaN,0.403099987431474,0.0895427082343574,0,0.562765899474745,0.537564610440169,0,0,1.10033050991491
72,466.27372730229,NaN,394,13,NaN,0.403099987431474,0.0895427082343574,0,0.562652981812912,0.537556646842146,0,0,1.10020962865506
72.1,466.495809504691,NaN,394,13,NaN,0.403099987431474,0.0895427082343574,0,0.562540076556688,0.537548672732546,0,0,1.10008874928923
72.2,466.7178673059,NaN,394,13,NaN,0.403099987431474,0.0895427082343574,0,0.562427183705884,0.537540688104264,0,0,1.09996787181015
72.3,466.939900706291,NaN,394,13,NaN,0.403099987431474,0.0895427082343574,0,0.562314303260309,0.537532692950195,0,0,1.0998469962105
72.4,467.161909706233,NaN,394,13,NaN,0.403099987431474,0.0895427082343574,0,0.562201435219775,0.537524687263233,0,0,1.09972612248301
72.5,467.383894306098,NaN,394,13,NaN,0.403099987431474,0.0895427082343574,0,0.562088579584093,0.537516671036276,0,0,1.09960525062037
72.6,467.605854506254,NaN,394,13,NaN,0.403099987431474,0.0895427082343574,0,0.561975736353077,0.537508644262224,0,0,1.0994843806153
72.7,467.827790307069,NaN,394,13,NaN,0.403099987431474,0.0895427082343574,0,0.56186290552654,0.537500606933976,0,0,1.09936351246052
72.8,468.049701708907,NaN,394,13,NaN,0.403099987431474,0.0895427082343574,0,0.561750087104295,0.537492559044436,0,0,1.09924264614873
72.9,468.271588712135,NaN,394,13,NaN,0.403099987431474,0.0895427082343574,0,0.561637281086157,0.537484500586508,0,0,1.09912178167267
73,468.493451317114,NaN,394,13,NaN,0.403099987431474,0.0895427082343574,0,0.561524487471942,0.537476431553096,0,0,1.09900091902504
73.1,468.715289524207,NaN,394,13,NaN,0.403099987431474,0.0895427082343574,0,0.561411706261466,0.537468351937107,0,0,1.09888005819857
73.2,468.937103333774,NaN,394,13,NaN,0.403099987431474,0.0895427082343574,0,0.561298937454545,0.53746026173145,0,0,1.09875919918599
73.3,469.158892746174,NaN,394,13,NaN,0.403099987431474,0.0895427082343574,0,0.561186181050997,0.537452160929035,0,0,1.09863834198003
73.4,469.380657761765,NaN,394,13,NaN,0.403099987431474,0.0895427082343574,0,0.56107343705064,0.537444049522774,0,0,1.09851748657341
73.5,469.602398380903,NaN,394,13,NaN,0.403099987431474,0.0895427082343574,0,0.560960705453293,0.53743592750558,0,0,1.09839663295887
73.6,469.824114603943,NaN,394,13,NaN,0.403099987431474,0.0895427082343574,0,0.560847986258775,0.537427794870368,0,0,1.09827578112914
73.7,470.04580643124,NaN,394,13,NaN,0.403099987431474,0.0895427082343574,0,0.560735279466907,0.537419651610054,0,0,1.09815493107696
73.8,470.267473863144,NaN,394,13,NaN,0.403099987431474,0.0895427082343574,0,0.56062258507751,0.537411497717557,0,0,1.09803408279507
73.9,470.489116900007,NaN,394,13,NaN,0.403099987431474,0.0895427082343574,0,0.560509903090404,0.537403333185797,0,0,1.0979132362762
74,470.710735542179,NaN,394,13,NaN,0.403099987431474,0.0895427082343574,0,0.560397233505414,0.537395158007694,0,0,1.09779239151311
74.1,470.932329790007,NaN,394,13,NaN,0.403099987431474,0.0895427082343574,0,0.560284576322361,0.537386972176171,0,0,1.09767154849853
74.2,471.153899643838,NaN,394,13,NaN,0.403099987431474,0.0895427082343574,0,0.560171931541069,0.537378775684153,0,0,1.09755070722522
74.3,471.375445104018,NaN,394,13,NaN,0.403099987431474,0.0895427082343574,0,0.560059299161362,0.537370568524567,0,0,1.09742986768593
74.4,471.596966170891,NaN,394,13,NaN,0.403099987431474,0.0895427082343574,0,0.559946679183067,0.53736235069034,0,0,1.09730902987341
74.5,471.818462844799,NaN,394,13,NaN,0.403099987431474,0.0895427082343574,0,0.559834071606008,0.537354122174402,0,0,1.09718819378041
74.6,472.039935126084,NaN,394,13,NaN,0.403099987431474,0.0895427082343574,0,0.559721476430012,0.537345882969683,0,0,1.09706735939969
74.7,472.261383015086,NaN,394,13,NaN,0.403099987431474,0.0895427082343574,0,0.559608893654906,0.537337633069117,0,0,1.09694652672402
74.8,472.482806512143,NaN,394,13,NaN,0.403099987431474,0.0895427082343574,0,0.559496323280518,0.537329372465637,0,0,1.09682569574615
74.9,472.704205617592,NaN,394,13,NaN,0.403099987431474,0.0895427082343574,0,0.559383765306676,0.53732110115218,0,0,1.09670486645886
75,472.925580331769,NaN,394,13,NaN,0.403099987431474,0.0895427082343574,0,0.559271219733211,0.537312819121684,0,0,1.0965840388549
75.1,473.14693065501,NaN,394,13,NaN,0.403099987431474,0.0895427082343574,0,0.559158686559951,0.537304526367088,0,0,1.09646321292704
75.2,473.368256587646,NaN,394,13,NaN,0.403099987431474,0.0895427082343574,0,0.559046165786728,0.537296222881332,0,0,1.09634238866806
75.3,473.58955813001,NaN,394,13,NaN,0.403099987431474,0.0895427082343574,0,0.558933657413373,0.53728790865736,0,0,1.09622156607073
75.4,473.810835282431,NaN,394,13,NaN,0.403099987431474,0.0895427082343574,0,0.558821161439718,0.537279583688115,0,0,1.09610074512783
75.5,474.03208804524,NaN,394,13,NaN,0.403099987431474,0.0895427082343574,0,0.558708677865595,0.537271247966545,0,0,1.09597992583214
75.6,474.253316418763,NaN,394,13,NaN,0.403099987431474,0.0895427082343574,0,0.558596206690838,0.537262901485596,0,0,1.09585910817643
75.7,474.474520403327,NaN,394,13,NaN,0.403099987431474,0.0895427082343574,0,0.558483747915282,0.537254544238218,0,0,1.0957382921535
75.8,474.695699999257,NaN,394,13,NaN,0.403099987431474,0.0895427082343574,0,0.55837130153876,0.537246176217361,0,0,1.09561747775612
75.9,474.916855206877,NaN,394,13,NaN,0.403099987431474,0.0895427082343574,0,0.558258867561109,0.53723779741598,0,0,1.09549666497709
76,475.137986026508,NaN,394,13,NaN,0.403099987431474,0.0895427082343574,0,0.558146445982164,0.537229407827027,0,0,1.09537585380919
76.1,475.359092458471,NaN,394,13,NaN,0.403099987431474,0.0895427082343574,0,0.558034036801763,0.537221007443459,0,0,1.09525504424522
76.2,475.580174503086,NaN,394,13,NaN,0.403099987431474,0.0895427082343574,0,0.557921640019744,0.537212596258235,0,0,1.09513423627798
76.3,475.801232160671,NaN,394,13,NaN,0.403099987431474,0.0895427082343574,0,0.557809255635943,0.537204174264312,0,0,1.09501342990026
76.4,476.022265431542,NaN,394,13,NaN,0.403099987431474,0.0895427082343574,0,0.557696883650202,0.537195741454654,0,0,1.09489262510486
76.5,476.243274316015,NaN,394,13,NaN,0.403099987431474,0.0895427082343574,0,0.557584524062358,0.537187297822222,0,0,1.09477182188458
76.6,476.464258814404,NaN,394,13,NaN,0.403099987431474,0.0895427082343574,0,0.557472176872253,0.537178843359981,0,0,1.09465102023223
76.7,476.685218927022,NaN,394,13,NaN,0.403099987431474,0.0895427082343574,0,0.557359842079727,0.537170378060898,0,0,1.09453022014063
76.8,476.90615465418,NaN,394,13,NaN,0.403099987431474,0.0895427082343574,0,0.557247519684623,0.53716190191794,0,0,1.09440942160256
76.9,477.127065996187,NaN,394,13,NaN,0.403099987431474,0.0895427082343574,0,0.557135209686783,0.537153414924078,0,0,1.09428862461086
77,477.347952953352,NaN,394,13,NaN,0.403099987431474,0.0895427082343574,0,0.557022912086049,0.537144917072283,0,0,1.09416782915833
77.1,477.568815525982,NaN,394,13,NaN,0.403099987431474,0.0895427082343574,0,0.556910626882267,0.537136408355529,0,0,1.0940470352378
77.2,477.789653714384,NaN,394,13,NaN,0.403099987431474,0.0895427082343574,0,0.556798354075279,0.537127888766789,0,0,1.09392624284207
77.3,478.010467518861,NaN,394,13,NaN,0.403099987431474,0.0895427082343574,0,0.556686093664933,0.537119358299042,0,0,1.09380545196397
77.4,478.231256939717,NaN,394,13,NaN,0.403099987431474,0.0895427082343574,0,0.556573845651073,0.537110816945265,0,0,1.09368466259634
77.5,478.452021977253,NaN,394,13,NaN,0.403099987431474,0.0895427082343574,0,0.556461610033546,0.537102264698438,0,0,1.09356387473198
77.6,478.672762631769,NaN,394,13,NaN,0.403099987431474,0.0895427082343574,0,0.556349386812199,0.537093701551545,0,0,1.09344308836374
77.7,478.893478903565,NaN,394,13,NaN,0.403099987431474,0.0895427082343574,0,0.556237175986881,0.537085127497568,0,0,1.09332230348445
77.8,479.114170792938,NaN,394,13,NaN,0.403099987431474,0.0895427082343574,0,0.55612497755744,0.537076542529493,0,0,1.09320152008693
77.9,479.334838300184,NaN,394,13,NaN,0.403099987431474,0.0895427082343574,0,0.556012791523726,0.537067946640307,0,0,1.09308073816403
78,479.555481425599,NaN,394,13,NaN,0.403099987431474,0.0895427082343574,0,0.555900617885588,0.537059339822999,0,0,1.09295995770859
78.1,479.776100169475,NaN,394,13,NaN,0.403099987431474,0.0895427082343574,0,0.555788456642878,0.537050722070561,0,0,1.09283917871344
78.2,479.996694532104,NaN,394,13,NaN,0.403099987431474,0.0895427082343574,0,0.555676307795447,0.537042093375984,0,0,1.09271840117143
78.3,480.217264513779,NaN,394,13,NaN,0.403099987431474,0.0895427082343574,0,0.555564171343147,0.537033453732263,0,0,1.09259762507541
78.4,480.437810114787,NaN,394,13,NaN,0.403099987431474,0.0895427082343574,0,0.555452047285831,0.537024803132395,0,0,1.09247685041823
78.5,480.658331335417,NaN,394,13,NaN,0.403099987431474,0.0895427082343574,0,0.555339935623353,0.537016141569376,0,0,1.09235607719273
78.6,480.878828175956,NaN,394,13,NaN,0.403099987431474,0.0895427082343574,0,0.555227836355566,0.537007469036207,0,0,1.09223530539177
78.7,481.099300636688,NaN,394,13,NaN,0.403099987431474,0.0895427082343574,0,0.555115749482327,0.53699878552589,0,0,1.09211453500822
78.8,481.319748717898,NaN,394,13,NaN,0.403099987431474,0.0895427082343574,0,0.55500367500349,0.536990091031427,0,0,1.09199376603492
78.9,481.540172419869,NaN,394,13,NaN,0.403099987431474,0.0895427082343574,0,0.554891612918912,0.536981385545824,0,0,1.09187299846474
79,481.760571742881,NaN,394,13,NaN,0.403099987431474,0.0895427082343574,0,0.554779563228449,0.536972669062088,0,0,1.09175223229054
79.1,481.980946687214,NaN,394,13,NaN,0.403099987431474,0.0895427082343574,0,0.554667525931961,0.536963941573227,0,0,1.09163146750519
79.2,482.201297253148,NaN,394,13,NaN,0.403099987431474,0.0895427082343574,0,0.554555501029304,0.536955203072252,0,0,1.09151070410156
79.3,482.421623440958,NaN,394,13,NaN,0.403099987431474,0.0895427082343574,0,0.554443488520339,0.536946453552175,0,0,1.09138994207251
79.4,482.641925250921,NaN,394,13,NaN,0.403099987431474,0.0895427082343574,0,0.554331488404924,0.536937693006011,0,0,1.09126918141094
79.5,482.86220268331,NaN,394,13,NaN,0.403099987431474,0.0895427082343574,0,0.554219500682921,0.536928921426775,0,0,1.0911484221097
79.6,483.0824557384,NaN,394,13,NaN,0.403099987431474,0.0895427082343574,0,0.554107525354191,0.536920138807485,0,0,1.09102766416168
79.7,483.302684416461,NaN,394,13,NaN,0.403099987431474,0.0895427082343574,0,0.553995562418596,0.536911345141162,0,0,1.09090690755976
79.8,483.522888717764,NaN,394,13,NaN,0.403099987431474,0.0895427082343574,0,0.553883611875998,0.536902540420825,0,0,1.09078615229682
79.9,483.743068642578,NaN,394,13,NaN,0.403099987431474,0.0895427082343574,0,0.55377167372626,0.5368937246395,0,0,1.09066539836576
80,483.96322419117,NaN,394,13,NaN,0.403099987431474,0.0895427082343574,0,0.553659747969247,0.53688489779021,0,0,1.09054464575946
80.1,484.183355363806,NaN,394,13,NaN,0.403099987431474,0.0895427082343574,0,0.553547834604823,0.536876059865984,0,0,1.09042389447081
80.2,484.403462160752,NaN,394,13,NaN,0.403099987431474,0.0895427082343574,0,0.553435933632854,0.536867210859849,0,0,1.0903031444927
80.3,484.62354458227,NaN,394,13,NaN,0.403099987431474,0.0895427082343574,0,0.553324045053205,0.536858350764837,0,0,1.09018239581804
80.4,484.843602628623,NaN,394,13,NaN,0.403099987431474,0.0895427082343574,0,0.553212168865744,0.53684947957398,0,0,1.09006164843972
80.5,485.063636300072,NaN,394,13,NaN,0.403099987431474,0.0895427082343574,0,0.553100305070338,0.536840597280312,0,0,1.08994090235065
80.6,485.283645596875,NaN,394,13,NaN,0.403099987431474,0.0895427082343574,0,0.552988453666855,0.536831703876871,0,0,1.08982015754373
80.7,485.503630519291,NaN,394,13,NaN,0.403099987431474,0.0895427082343574,0,0.552876614655164,0.536822799356693,0,0,1.08969941401186
80.8,485.723591067576,NaN,394,13,NaN,0.403099987431474,0.0895427082343574,0,0.552764788035134,0.53681388371282,0,0,1.08957867174795
80.9,485.943527241985,NaN,394,13,NaN,0.403099987431474,0.0895427082343574,0,0.552652973806636,0.536804956938293,0,0,1.08945793074493
81,486.163439042773,NaN,394,13,NaN,0.403099987431474,0.0895427082343574,0,0.552541171969541,0.536796019026155,0,0,1.0893371909957
81.1,486.383326470192,NaN,394,13,NaN,0.403099987431474,0.0895427082343574,0,0.55242938252372,0.536787069969453,0,0,1.08921645249317
81.2,486.603189524493,NaN,394,13,NaN,0.403099987431474,0.0895427082343574,0,0.552317605469046,0.536778109761235,0,0,1.08909571523028
81.3,486.823028205925,NaN,394,13,NaN,0.403099987431474,0.0895427082343574,0,0.552205840805391,0.536769138394548,0,0,1.08897497919994
81.4,487.042842514738,NaN,394,13,NaN,0.403099987431474,0.0895427082343574,0,0.552094088532629,0.536760155862446,0,0,1.08885424439508
81.5,487.262632451178,NaN,394,13,NaN,0.403099987431474,0.0895427082343574,0,0.551982348650636,0.536751162157981,0,0,1.08873351080862
81.6,487.482398015491,NaN,394,13,NaN,0.403099987431474,0.0895427082343574,0,0.551870621159285,0.536742157274209,0,0,1.08861277843349
81.7,487.702139207921,NaN,394,13,NaN,0.403099987431474,0.0895427082343574,0,0.551758906058453,0.536733141204186,0,0,1.08849204726264
81.8,487.921856028711,NaN,394,13,NaN,0.403099987431474,0.0895427082343574,0,0.551647203348017,0.536724113940972,0,0,1.08837131728899
81.9,488.141548478103,NaN,394,13,NaN,0.403099987431474,0.0895427082343574,0,0.551535513027852,0.536715075477627,0,0,1.08825058850548
82,488.361216556336,NaN,394,13,NaN,0.403099987431474,0.0895427082343574,0,0.551423835097838,0.536706025807214,0,0,1.08812986090505
82.1,488.58086026365,NaN,394,13,NaN,0.403099987431474,0.0895427082343574,0,0.551312169557852,0.536696964922798,0,0,1.08800913448065
82.2,488.800479600283,NaN,394,13,NaN,0.403099987431474,0.0895427082343574,0,0.551200516407775,0.536687892817446,0,0,1.08788840922522
82.3,489.02007456647,NaN,394,13,NaN,0.403099987431474,0.0895427082343574,0,0.551088875647486,0.536678809484226,0,0,1.08776768513171
82.4,489.239645162445,NaN,394,13,NaN,0.403099987431474,0.0895427082343574,0,0.550977247276865,0.536669714916209,0,0,1.08764696219307
82.5,489.459191388443,NaN,394,13,NaN,0.403099987431474,0.0895427082343574,0,0.550865631295795,0.536660609106467,0,0,1.08752624040226
82.6,489.678713244696,NaN,394,13,NaN,0.403099987431474,0.0895427082343574,0,0.550754027704157,0.536651492048075,0,0,1.08740551975223
82.7,489.898210731433,NaN,394,13,NaN,0.403099987431474,0.0895427082343574,0,0.550642436501833,0.536642363734109,0,0,1.08728480023594
82.8,490.117683848885,NaN,394,13,NaN,0.403099987431474,0.0895427082343574,0,0.550530857688708,0.536633224157647,0,0,1.08716408184636
82.9,490.337132597279,NaN,394,13,NaN,0.403099987431474,0.0895427082343574,0,0.550419291264666,0.53662407331177,0,0,1.08704336457644
83,490.556556976841,NaN,394,13,NaN,0.403099987431474,0.0895427082343574,0,0.55030773722959,0.536614911189559,0,0,1.08692264841915
83.1,490.775956987798,NaN,394,13,NaN,0.403099987431474,0.0895427082343574,0,0.550196195583368,0.536605737784099,0,0,1.08680193336747
83.2,490.995332630372,NaN,394,13,NaN,0.403099987431474,0.0895427082343574,0,0.550084666325884,0.536596553088477,0,0,1.08668121941436
83.3,491.214683904786,NaN,394,13,NaN,0.403099987431474,0.0895427082343574,0,0.549973149457026,0.536587357095779,0,0,1.08656050655281
83.4,491.434010811262,NaN,394,13,NaN,0.403099987431474,0.0895427082343574,0,0.549861644976682,0.536578149799097,0,0,1.08643979477578
83.5,491.653313350018,NaN,394,13,NaN,0.403099987431474,0.0895427082343574,0,0.54975015288474,0.536568931191522,0,0,1.08631908407626
83.6,491.872591521274,NaN,394,13,NaN,0.403099987431474,0.0895427082343574,0,0.549638673181089,0.536559701266148,0,0,1.08619837444724
83.7,492.091845325246,NaN,394,13,NaN,0.403099987431474,0.0895427082343574,0,0.549527205865618,0.536550460016072,0,0,1.08607766588169
83.8,492.31107476215,NaN,394,13,NaN,0.403099987431474,0.0895427082343574,0,0.549415750938218,0.536541207434391,0,0,1.08595695837261
83.9,492.5302798322,NaN,394,13,NaN,0.403099987431474,0.0895427082343574,0,0.54930430839878,0.536531943514205,0,0,1.08583625191298
84,492.749460535608,NaN,394,13,NaN,0.403099987431474,0.0895427082343574,0,0.549192878247196,0.536522668248616,0,0,1.08571554649581
84.1,492.968616872588,NaN,394,13,NaN,0.403099987431474,0.0895427082343574,0,0.549081460483358,0.536513381630728,0,0,1.08559484211409
84.2,493.187748843348,NaN,394,13,NaN,0.403099987431474,0.0895427082343574,0,0.54897005510716,0.536504083653648,0,0,1.08547413876081
84.3,493.406856448097,NaN,394,13,NaN,0.403099987431474,0.0895427082343574,0,0.548858662118495,0.536494774310482,0,0,1.08535343642898
84.4,493.625939687043,NaN,394,13,NaN,0.403099987431474,0.0895427082343574,0,0.548747281517257,0.536485453594342,0,0,1.0852327351116
84.5,493.844998560392,NaN,394,13,NaN,0.403099987431474,0.0895427082343574,0,0.548635913303343,0.536476121498338,0,0,1.08511203480168
84.6,494.064033068348,NaN,394,13,NaN,0.403099987431474,0.0895427082343574,0,0.548524557476648,0.536466778015585,0,0,1.08499133549223
84.7,494.283043211115,NaN,394,13,NaN,0.403099987431474,0.0895427082343574,0,0.548413214037069,0.5364574231392,0,0,1.08487063717627
84.8,494.502028988895,NaN,394,13,NaN,0.403099987431474,0.0895427082343574,0,0.548301882984502,0.536448056862299,0,0,1.0847499398468
84.9,494.720990401889,NaN,394,13,NaN,0.403099987431474,0.0895427082343574,0,0.548190564318846,0.536438679178004,0,0,1.08462924349685
85,494.939927450294,NaN,394,13,NaN,0.403099987431474,0.0895427082343574,0,0.54807925804,0.536429290079436,0,0,1.08450854811944
85.1,495.158840134311,NaN,394,13,NaN,0.403099987431474,0.0895427082343574,0,0.547967964147864,0.536419889559719,0,0,1.08438785370758
85.2,495.377728454134,NaN,394,13,NaN,0.403099987431474,0.0895427082343574,0,0.547856682642336,0.53641047761198,0,0,1.08426716025432
85.3,495.596592409959,NaN,394,13,NaN,0.403099987431474,0.0895427082343574,0,0.547745413523319,0.536401054229346,0,0,1.08414646775266
85.4,495.81543200198,NaN,394,13,NaN,0.403099987431474,0.0895427082343574,0,0.547634156790713,0.536391619404948,0,0,1.08402577619566
85.5,496.034247230389,NaN,394,13,NaN,0.403099987431474,0.0895427082343574,0,0.547522912444421,0.536382173131918,0,0,1.08390508557634
85.6,496.253038095377,NaN,394,13,NaN,0.403099987431474,0.0895427082343574,0,0.547411680484346,0.536372715403391,0,0,1.08378439588774
85.7,496.471804597134,NaN,394,13,NaN,0.403099987431474,0.0895427082343574,0,0.547300460910391,0.536363246212503,0,0,1.08366370712289
85.8,496.690546735848,NaN,394,13,NaN,0.403099987431474,0.0895427082343574,0,0.54718925372246,0.536353765552392,0,0,1.08354301927485
85.9,496.909264511706,NaN,394,13,NaN,0.403099987431474,0.0895427082343574,0,0.547078058920459,0.5363442734162,0,0,1.08342233233666
86,497.127957924894,NaN,394,13,NaN,0.403099987431474,0.0895427082343574,0,0.546966876504293,0.536334769797067,0,0,1.08330164630136
86.1,497.346626975595,NaN,394,13,NaN,0.403099987431474,0.0895427082343574,0,0.546855706473869,0.53632525468814,0,0,1.08318096116201
86.2,497.565271663993,NaN,394,13,NaN,0.403099987431474,0.0895427082343574,0,0.546744548829093,0.536315728082565,0,0,1.08306027691166
86.3,497.783891990269,NaN,394,13,NaN,0.403099987431474,0.0895427082343574,0,0.546633403569874,0.53630618997349,0,0,1.08293959354336
86.4,498.002487954603,NaN,394,13,NaN,0.403099987431474,0.0895427082343574,0,0.546522270696119,0.536296640354067,0,0,1.08281891105019
86.5,498.221059557173,NaN,394,13,NaN,0.403099987431474,0.0895427082343574,0,0.546411150207738,0.536287079217448,0,0,1.08269822942519
86.6,498.439606798158,NaN,394,13,NaN,0.403099987431474,0.0895427082343574,0,0.546300042104641,0.536277506556789,0,0,1.08257754866143
86.7,498.658129677733,NaN,394,13,NaN,0.403099987431474,0.0895427082343574,0,0.546188946386738,0.536267922365247,0,0,1.08245686875199
86.8,498.876628196073,NaN,394,13,NaN,0.403099987431474,0.0895427082343574,0,0.546077863053941,0.53625832663598,0,0,1.08233618968992
86.9,499.09510235335,NaN,394,13,NaN,0.403099987431474,0.0895427082343574,0,0.545966792106161,0.536248719362151,0,0,1.08221551146831
87,499.313552149738,NaN,394,13,NaN,0.403099987431474,0.0895427082343574,0,0.545855733543312,0.536239100536923,0,0,1.08209483408023
87.1,499.531977585406,NaN,394,13,NaN,0.403099987431474,0.0895427082343574,0,0.545744687365305,0.536229470153461,0,0,1.08197415751877
87.2,499.750378660523,NaN,394,13,NaN,0.403099987431474,0.0895427082343574,0,0.545633653572056,0.536219828204933,0,0,1.08185348177699
87.3,499.968755375258,NaN,394,13,NaN,0.403099987431474,0.0895427082343574,0,0.545522632163479,0.536210174684509,0,0,1.08173280684799
87.4,500.187107729777,NaN,394,13,NaN,0.403099987431474,0.0895427082343574,0,0.545411623139489,0.536200509585361,0,0,1.08161213272485
87.5,500.405435724245,NaN,394,13,NaN,0.403099987431474,0.0895427082343574,0,0.545300626500003,0.536190832900662,0,0,1.08149145940067
87.6,500.623739358825,NaN,394,13,NaN,0.403099987431474,0.0895427082343574,0,0.545189642244938,0.536181144623588,0,0,1.08137078686853
87.7,500.842018633679,NaN,394,13,NaN,0.403099987431474,0.0895427082343574,0,0.54507867037421,0.536171444747319,0,0,1.08125011512153
87.8,501.06027354897,NaN,394,13,NaN,0.403099987431474,0.0895427082343574,0,0.544967710887738,0.536161733265035,0,0,1.08112944415277
87.9,501.278504104856,NaN,394,13,NaN,0.403099987431474,0.0895427082343574,0,0.544856763785441,0.536152010169917,0,0,1.08100877395536
88,501.496710301496,NaN,394,13,NaN,0.403099987431474,0.0895427082343574,0,0.544745829067238,0.536142275455151,0,0,1.08088810452239
88.1,501.714892139046,NaN,394,13,NaN,0.403099987431474,0.0895427082343574,0,0.544634906733049,0.536132529113924,0,0,1.08076743584697
88.2,501.933049617662,NaN,394,13,NaN,0.403099987431474,0.0895427082343574,0,0.544523996782797,0.536122771139424,0,0,1.08064676792222
88.3,502.151182737498,NaN,394,13,NaN,0.403099987431474,0.0895427082343574,0,0.544413099216402,0.536113001524842,0,0,1.08052610074124
88.4,502.369291498707,NaN,394,13,NaN,0.403099987431474,0.0895427082343574,0,0.544302214033786,0.536103220263372,0,0,1.08040543429716
88.5,502.587375901441,NaN,394,13,NaN,0.403099987431474,0.0895427082343574,0,0.544191341234873,0.53609342734821,0,0,1.08028476858308
88.6,502.805435945848,NaN,394,13,NaN,0.403099987431474,0.0895427082343574,0,0.544080480819586,0.536083622772552,0,0,1.08016410359214
88.7,503.023471632079,NaN,394,13,NaN,0.403099987431474,0.0895427082343574,0,0.54396963278785,0.536073806529599,0,0,1.08004343931745
88.8,503.241482960279,NaN,394,13,NaN,0.403099987431474,0.0895427082343574,0,0.543858797139589,0.536063978612552,0,0,1.07992277575214
88.9,503.459469930596,NaN,394,13,NaN,0.403099987431474,0.0895427082343574,0,0.543747973874731,0.536054139014616,0,0,1.07980211288935
89,503.677432543174,NaN,394,13,NaN,0.403099987431474,0.0895427082343574,0,0.5436371629932,0.536044287728996,0,0,1.0796814507222
89.1,503.895370798155,NaN,394,13,NaN,0.403099987431474,0.0895427082343574,0,0.543526364494925,0.536034424748902,0,0,1.07956078924383
89.2,504.113284695682,NaN,394,13,NaN,0.403099987431474,0.0895427082343574,0,0.543415578379834,0.536024550067544,0,0,1.07944012844738
89.3,504.331174235896,NaN,394,13,NaN,0.403099987431474,0.0895427082343574,0,0.543304804647854,0.536014663678134,0,0,1.07931946832599
89.4,504.549039418935,NaN,394,13,NaN,0.403099987431474,0.0895427082343574,0,0.543194043298915,0.536004765573889,0,0,1.0791988088728
89.5,504.766880244936,NaN,394,13,NaN,0.403099987431474,0.0895427082343574,0,0.543083294332947,0.535994855748024,0,0,1.07907815008097
89.6,504.984696714037,NaN,394,13,NaN,0.403099987431474,0.0895427082343574,0,0.542972557749882,0.535984934193759,0,0,1.07895749194364
89.7,505.202488826373,NaN,394,13,NaN,0.403099987431474,0.0895427082343574,0,0.542861833549649,0.535975000904316,0,0,1.07883683445396
89.8,505.420256582076,NaN,394,13,NaN,0.403099987431474,0.0895427082343574,0,0.542751121732182,0.535965055872919,0,0,1.0787161776051
89.9,505.63799998128,NaN,394,13,NaN,0.403099987431474,0.0895427082343574,0,0.542640422297412,0.535955099092793,0,0,1.07859552139021
90,505.855719024115,NaN,394,13,NaN,0.403099987431474,0.0895427082343574,0,0.542529735245274,0.535945130557168,0,0,1.07847486580244
90.1,506.07341371071,NaN,394,13,NaN,0.403099987431474,0.0895427082343574,0,0.542419060575702,0.535935150259272,0,0,1.07835421083497
90.2,506.291084041195,NaN,394,13,NaN,0.403099987431474,0.0895427082343574,0,0.54230839828863,0.53592515819234,0,0,1.07823355648097
90.3,506.508730015695,NaN,394,13,NaN,0.403099987431474,0.0895427082343574,0,0.542197748383994,0.535915154349605,0,0,1.0781129027336
90.4,506.726351634337,NaN,394,13,NaN,0.403099987431474,0.0895427082343574,0,0.54208711086173,0.535905138724305,0,0,1.07799224958604
90.5,506.943948897243,NaN,394,13,NaN,0.403099987431474,0.0895427082343574,0,0.541976485721775,0.53589511130968,0,0,1.07787159703146
90.6,507.161521804537,NaN,394,13,NaN,0.403099987431474,0.0895427082343574,0,0.541865872964068,0.53588507209897,0,0,1.07775094506304
90.7,507.379070356341,NaN,394,13,NaN,0.403099987431474,0.0895427082343574,0,0.541755272588545,0.53587502108542,0,0,1.07763029367397
90.8,507.596594552774,NaN,394,13,NaN,0.403099987431474,0.0895427082343574,0,0.541644684595146,0.535864958262276,0,0,1.07750964285742
90.9,507.814094393954,NaN,394,13,NaN,0.403099987431474,0.0895427082343574,0,0.541534108983811,0.535854883622786,0,0,1.0773889926066
91,508.03156988,NaN,394,13,NaN,0.403099987431474,0.0895427082343574,0,0.54142354575448,0.5358447971602,0,0,1.07726834291468
91.1,508.249021011027,NaN,394,13,NaN,0.403099987431474,0.0895427082343574,0,0.541312994907095,0.535834698867771,0,0,1.07714769377487
91.2,508.466447787148,NaN,394,13,NaN,0.403099987431474,0.0895427082343574,0,0.541202456441596,0.535824588738754,0,0,1.07702704518035
91.3,508.683850208479,NaN,394,13,NaN,0.403099987431474,0.0895427082343574,0,0.541091930357927,0.535814466766407,0,0,1.07690639712433
91.4,508.90122827513,NaN,394,13,NaN,0.403099987431474,0.0895427082343574,0,0.540981416656031,0.535804332943989,0,0,1.07678574960002
91.5,509.118581987211,NaN,394,13,NaN,0.403099987431474,0.0895427082343574,0,0.540870915335851,0.535794187264762,0,0,1.07666510260061
91.6,509.335911344832,NaN,394,13,NaN,0.403099987431474,0.0895427082343574,0,0.540760426397332,0.53578402972199,0,0,1.07654445611932
91.7,509.553216348101,NaN,394,13,NaN,0.403099987431474,0.0895427082343574,0,0.54064994984042,0.535773860308939,0,0,1.07642381014936
91.8,509.770496997123,NaN,394,13,NaN,0.403099987431474,0.0895427082343574,0,0.54053948566506,0.535763679018879,0,0,1.07630316468394
91.9,509.987753292004,NaN,394,13,NaN,0.403099987431474,0.0895427082343574,0,0.540429033871199,0.535753485845079,0,0,1.07618251971628
92,510.204985232847,NaN,394,13,NaN,0.403099987431474,0.0895427082343574,0,0.540318594458785,0.535743280780813,0,0,1.0760618752396
92.1,510.422192819755,NaN,394,13,NaN,0.403099987431474,0.0895427082343574,0,0.540208167427765,0.535733063819357,0,0,1.07594123124712
92.2,510.639376052828,NaN,394,13,NaN,0.403099987431474,0.0895427082343574,0,0.540097752778088,0.535722834953989,0,0,1.07582058773208
92.3,510.856534932165,NaN,394,13,NaN,0.403099987431474,0.0895427082343574,0,0.539987350509703,0.535712594177987,0,0,1.07569994468769
92.4,511.073669457866,NaN,394,13,NaN,0.403099987431474,0.0895427082343574,0,0.539876960622561,0.535702341484636,0,0,1.0755793021072
92.5,511.290779630026,NaN,394,13,NaN,0.403099987431474,0.0895427082343574,0,0.539766583116613,0.535692076867219,0,0,1.07545865998383
92.6,511.507865448741,NaN,394,13,NaN,0.403099987431474,0.0895427082343574,0,0.53965621799181,0.535681800319024,0,0,1.07533801831083
92.7,511.724926914105,NaN,394,13,NaN,0.403099987431474,0.0895427082343574,0,0.539545865248104,0.535671511833339,0,0,1.07521737708144
92.8,511.941964026211,NaN,394,13,NaN,0.403099987431474,0.0895427082343574,0,0.539435524885448,0.535661211403457,0,0,1.0750967362889
92.9,512.15897678515,NaN,394,13,NaN,0.403099987431474,0.0895427082343574,0,0.539325196903795,0.535650899022671,0,0,1.07497609592647
93,512.375965191011,NaN,394,13,NaN,0.403099987431474,0.0895427082343574,0,0.539214881303101,0.535640574684277,0,0,1.07485545598738
93.1,512.592929243884,NaN,394,13,NaN,0.403099987431474,0.0895427082343574,0,0.53910457808332,0.535630238381574,0,0,1.07473481646489
93.2,512.809868943856,NaN,394,13,NaN,0.403099987431474,0.0895427082343574,0,0.538994287244407,0.535619890107864,0,0,1.07461417735227
93.3,513.026784291012,NaN,394,13,NaN,0.403099987431474,0.0895427082343574,0,0.538884008786319,0.535609529856448,0,0,1.07449353864277
93.4,513.243675285436,NaN,394,13,NaN,0.403099987431474,0.0895427082343574,0,0.538773742709014,0.535599157620633,0,0,1.07437290032965
93.5,513.460541927213,NaN,394,13,NaN,0.403099987431474,0.0895427082343574,0,0.538663489012448,0.535588773393727,0,0,1.07425226240617
93.6,513.677384216423,NaN,394,13,NaN,0.403099987431474,0.0895427082343574,0,0.538553247696581,0.535578377169039,0,0,1.07413162486562
93.7,513.894202153147,NaN,394,13,NaN,0.403099987431474,0.0895427082343574,0,0.538443018761371,0.535567968939883,0,0,1.07401098770125
93.8,514.110995737464,NaN,394,13,NaN,0.403099987431474,0.0895427082343574,0,0.538332802206778,0.535557548699573,0,0,1.07389035090635
93.9,514.327764969451,NaN,394,13,NaN,0.403099987431474,0.0895427082343574,0,0.538222598032764,0.535547116441426,0,0,1.07376971447419
94,514.544509849185,NaN,394,13,NaN,0.403099987431474,0.0895427082343574,0,0.538112406239288,0.535536672158763,0,0,1.07364907839805
94.1,514.761230376741,NaN,394,13,NaN,0.403099987431474,0.0895427082343574,0,0.538002226826313,0.535526215844904,0,0,1.07352844267122
94.2,514.977926552193,NaN,394,13,NaN,0.403099987431474,0.0895427082343574,0,0.537892059793802,0.535515747493175,0,0,1.07340780728698
94.3,515.194598375611,NaN,394,13,NaN,0.403099987431474,0.0895427082343574,0,0.537781905141718,0.535505267096902,0,0,1.07328717223862
94.4,515.411245847068,NaN,394,13,NaN,0.403099987431474,0.0895427082343574,0,0.537671762870025,0.535494774649415,0,0,1.07316653751944
94.5,515.627868966632,NaN,394,13,NaN,0.403099987431474,0.0895427082343574,0,0.537561632978688,0.535484270144044,0,0,1.07304590312273
94.6,515.844467734371,NaN,394,13,NaN,0.403099987431474,0.0895427082343574,0,0.537451515467672,0.535473753574123,0,0,1.07292526904179
94.7,516.061042150353,NaN,394,13,NaN,0.403099987431474,0.0895427082343574,0,0.537341410336943,0.535463224932989,0,0,1.07280463526993
94.8,516.277592214643,NaN,394,13,NaN,0.403099987431474,0.0895427082343574,0,0.537231317586468,0.53545268421398,0,0,1.07268400180045
94.9,516.494117927304,NaN,394,13,NaN,0.403099987431474,0.0895427082343574,0,0.537121237216214,0.535442131410437,0,0,1.07256336862665
95,516.710619288399,NaN,394,13,NaN,0.403099987431474,0.0895427082343574,0,0.53701116922615,0.535431566515704,0,0,1.07244273574185
95.1,516.927096297989,NaN,394,13,NaN,0.403099987431474,0.0895427082343574,0,0.536901113616245,0.535420989523126,0,0,1.07232210313937
95.2,517.143548956135,NaN,394,13,NaN,0.403099987431474,0.0895427082343574,0,0.536791070386468,0.535410400426051,0,0,1.07220147081252
95.3,517.359977262895,NaN,394,13,NaN,0.403099987431474,0.0895427082343574,0,0.536681039536789,0.535399799217831,0,0,1.07208083875462
95.4,517.576381218325,NaN,394,13,NaN,0.403099987431474,0.0895427082343574,0,0.536571021067179,0.535389185891817,0,0,1.071960206959
95.5,517.792760822481,NaN,394,13,NaN,0.403099987431474,0.0895427082343574,0,0.536461014977611,0.535378560441365,0,0,1.07183957541898
95.6,518.009116075419,NaN,394,13,NaN,0.403099987431474,0.0895427082343574,0,0.536351021268055,0.535367922859834,0,0,1.07171894412789
95.7,518.225446977191,NaN,394,13,NaN,0.403099987431474,0.0895427082343574,0,0.536241039938487,0.535357273140583,0,0,1.07159831307907
95.8,518.441753527848,NaN,394,13,NaN,0.403099987431474,0.0895427082343574,0,0.536131070988878,0.535346611276974,0,0,1.07147768226585
95.9,518.658035727441,NaN,394,13,NaN,0.403099987431474,0.0895427082343574,0,0.536021114419204,0.535335937262374,0,0,1.07135705168158
96,518.874293576019,NaN,394,13,NaN,0.403099987431474,0.0895427082343574,0,0.535911170229439,0.535325251090149,0,0,1.07123642131959
96.1,519.090527073629,NaN,394,13,NaN,0.403099987431474,0.0895427082343574,0,0.53580123841956,0.535314552753669,0,0,1.07111579117323
96.2,519.306736220318,NaN,394,13,NaN,0.403099987431474,0.0895427082343574,0,0.535691318989543,0.535303842246306,0,0,1.07099516123585
96.3,519.522921016131,NaN,394,13,NaN,0.403099987431474,0.0895427082343574,0,0.535581411939365,0.535293119561435,0,0,1.0708745315008
96.4,519.73908146111,NaN,394,13,NaN,0.403099987431474,0.0895427082343574,0,0.535471517269005,0.535282384692434,0,0,1.07075390196144
96.5,519.955217555298,NaN,394,13,NaN,0.403099987431474,0.0895427082343574,0,0.53536163497844,0.535271637632682,0,0,1.07063327261112
96.6,520.171329298736,NaN,394,13,NaN,0.403099987431474,0.0895427082343574,0,0.53525176506765,0.535260878375561,0,0,1.07051264344321
96.7,520.387416691462,NaN,394,13,NaN,0.403099987431474,0.0895427082343574,0,0.535141907536615,0.535250106914456,0,0,1.07039201445107
96.8,520.603479733516,NaN,394,13,NaN,0.403099987431474,0.0895427082343574,0,0.535032062385316,0.535239323242753,0,0,1.07027138562807
96.9,520.819518424934,NaN,394,13,NaN,0.403099987431474,0.0895427082343574,0,0.534922229613734,0.535228527353842,0,0,1.07015075696758
97,521.03553276575,NaN,394,13,NaN,0.403099987431474,0.0895427082343574,0,0.534812409221852,0.535217719241115,0,0,1.07003012846297
97.1,521.251522755999,NaN,394,13,NaN,0.403099987431474,0.0895427082343574,0,0.534702601209651,0.535206898897967,0,0,1.06990950010762
97.2,521.467488395714,NaN,394,13,NaN,0.403099987431474,0.0895427082343574,0,0.534592805577115,0.535196066317793,0,0,1.06978887189491
97.3,521.683429684925,NaN,394,13,NaN,0.403099987431474,0.0895427082343574,0,0.534483022324229,0.535185221493994,0,0,1.06966824381822
97.4,521.899346623662,NaN,394,13,NaN,0.403099987431474,0.0895427082343574,0,0.534373251450978,0.535174364419971,0,0,1.06954761587095
97.5,522.115239211954,NaN,394,13,NaN,0.403099987431474,0.0895427082343574,0,0.534263492957346,0.535163495089128,0,0,1.06942698804647
97.6,522.331107449827,NaN,394,13,NaN,0.403099987431474,0.0895427082343574,0,0.534153746843321,0.535152613494873,0,0,1.06930636033819
97.7,522.546951337309,NaN,394,13,NaN,0.403099987431474,0.0895427082343574,0,0.534044013108889,0.535141719630614,0,0,1.0691857327395
97.8,522.762770874422,NaN,394,13,NaN,0.403099987431474,0.0895427082343574,0,0.533934291754037,0.535130813489762,0,0,1.0690651052438
97.9,522.978566061189,NaN,394,13,NaN,0.403099987431474,0.0895427082343574,0,0.533824582778755,0.535119895065733,0,0,1.06894447784449
98,523.194336897633,NaN,394,13,NaN,0.403099987431474,0.0895427082343574,0,0.533714886183031,0.535108964351943,0,0,1.06882385053497
98.1,523.410083383774,NaN,394,13,NaN,0.403099987431474,0.0895427082343574,0,0.533605201966854,0.535098021341811,0,0,1.06870322330867
98.2,523.62580551963,NaN,394,13,NaN,0.403099987431474,0.0895427082343574,0,0.533495530130216,0.535087066028759,0,0,1.06858259615898
98.3,523.841503305219,NaN,394,13,NaN,0.403099987431474,0.0895427082343574,0,0.533385870673107,0.535076098406211,0,0,1.06846196907932
98.4,524.057176740557,NaN,394,13,NaN,0.403099987431474,0.0895427082343574,0,0.53327622359552,0.535065118467593,0,0,1.06834134206311
98.5,524.272825825659,NaN,394,13,NaN,0.403099987431474,0.0895427082343574,0,0.533166588897445,0.535054126206335,0,0,1.06822071510378
98.6,524.488450560538,NaN,394,13,NaN,0.403099987431474,0.0895427082343574,0,0.533056966578878,0.535043121615869,0,0,1.06810008819475
98.7,524.704050945207,NaN,394,13,NaN,0.403099987431474,0.0895427082343574,0,0.532947356639812,0.535032104689628,0,0,1.06797946132944
98.8,524.919626979676,NaN,394,13,NaN,0.403099987431474,0.0895427082343574,0,0.53283775908024,0.535021075421051,0,0,1.06785883450129
98.9,525.135178663953,NaN,394,13,NaN,0.403099987431474,0.0895427082343574,0,0.53272817390016,0.535010033803575,0,0,1.06773820770373
99,525.350705998048,NaN,394,13,NaN,0.403099987431474,0.0895427082343574,0,0.532618601099565,0.534998979830642,0,0,1.06761758093021
99.1,525.566208981967,NaN,394,13,NaN,0.403099987431474,0.0895427082343574,0,0.532509040678454,0.534987913495699,0,0,1.06749695417415
99.2,525.781687615714,NaN,394,13,NaN,0.403099987431474,0.0895427082343574,0,0.532399492636824,0.534976834792189,0,0,1.06737632742901
99.3,525.997141899295,NaN,394,13,NaN,0.403099987431474,0.0895427082343574,0,0.532289956974672,0.534965743713565,0,0,1.06725570068824
99.4,526.21257183271,NaN,394,13,NaN,0.403099987431474,0.0895427082343574,0,0.532180433691997,0.534954640253276,0,0,1.06713507394527
99.5,526.427977415962,NaN,394,13,NaN,0.403099987431474,0.0895427082343574,0,0.5320709227888,0.534943524404779,0,0,1.06701444719358
99.6,526.64335864905,NaN,394,13,NaN,0.403099987431474,0.0895427082343574,0,0.531961424265079,0.53493239616153,0,0,1.06689382042661
99.7,526.858715531973,NaN,394,13,NaN,0.403099987431474,0.0895427082343574,0,0.531851938120835,0.534921255516988,0,0,1.06677319363782
99.8,527.074048064727,NaN,394,13,NaN,0.403099987431474,0.0895427082343574,0,0.531742464356072,0.534910102464616,0,0,1.06665256682069
99.9,527.289356247308,NaN,394,13,NaN,0.403099987431474,0.0895427082343574,0,0.531633002970789,0.534898936997879,0,0,1.06653193996867
100,527.50464007971,NaN,394,13,NaN,0.403099987431474,0.0895427082343574,0,0.531523553964991,0.534887759110244,0,0,1.06641131307524
100.1,527.719899561927,NaN,394,13,NaN,0.403099987431474,0.0895427082343574,0,0.531414117338681,0.53487656879518,0,0,1.06629068613386
100.2,527.93513469395,NaN,394,13,NaN,0.403099987431474,0.0895427082343574,0,0.531304693091863,0.534865366046161,0,0,1.06617005913802
100.3,528.150345475768,NaN,394,13,NaN,0.403099987431474,0.0895427082343574,0,0.531195281224543,0.534854150856661,0,0,1.0660494320812
100.4,528.365531907372,NaN,394,13,NaN,0.403099987431474,0.0895427082343574,0,0.531085881736725,0.534842923220158,0,0,1.06592880495688
100.5,528.580693988747,NaN,394,13,NaN,0.403099987431474,0.0895427082343574,0,0.530976494628417,0.534831683130132,0,0,1.06580817775855
100.6,528.795831719881,NaN,394,13,NaN,0.403099987431474,0.0895427082343574,0,0.530867119899625,0.534820430580066,0,0,1.06568755047969
100.7,529.010945100758,NaN,394,13,NaN,0.403099987431474,0.0895427082343574,0,0.530757757550358,0.534809165563445,0,0,1.0655669231138
100.8,529.226034131361,NaN,394,13,NaN,0.403099987431474,0.0895427082343574,0,0.530648407580623,0.534797888073757,0,0,1.06544629565438
100.9,529.441098811673,NaN,394,13,NaN,0.403099987431474,0.0895427082343574,0,0.53053906999043,0.534786598104493,0,0,1.06532566809492
101,529.656139141673,NaN,394,13,NaN,0.403099987431474,0.0895427082343574,0,0.530429744779789,0.534775295649146,0,0,1.06520504042894
101.1,529.871155121342,NaN,394,13,NaN,0.403099987431474,0.0895427082343574,0,0.53032043194871,0.534763980701211,0,0,1.06508441264992
101.2,530.086146750657,NaN,394,13,NaN,0.403099987431474,0.0895427082343574,0,0.530211131497205,0.534752653254188,0,0,1.06496378475139
101.3,530.301114029594,NaN,394,13,NaN,0.403099987431474,0.0895427082343574,0,0.530101843425285,0.534741313301576,0,0,1.06484315672686
101.4,530.516056958129,NaN,394,13,NaN,0.403099987431474,0.0895427082343574,0,0.529992567732963,0.53472996083688,0,0,1.06472252856984
101.5,530.730975536236,NaN,394,13,NaN,0.403099987431474,0.0895427082343574,0,0.529883304420252,0.534718595853606,0,0,1.06460190027386
101.6,530.945869763887,NaN,394,13,NaN,0.403099987431474,0.0895427082343574,0,0.529774053487167,0.534707218345262,0,0,1.06448127183243
101.7,531.160739641052,NaN,394,13,NaN,0.403099987431474,0.0895427082343574,0,0.529664814933722,0.53469582830536,0,0,1.06436064323908
101.8,531.375585167702,NaN,394,13,NaN,0.403099987431474,0.0895427082343574,0,0.529555588759933,0.534684425727415,0,0,1.06424001448735
101.9,531.590406343805,NaN,394,13,NaN,0.403099987431474,0.0895427082343574,0,0.529446374965815,0.534673010604942,0,0,1.06411938557076
102,531.805203169328,NaN,394,13,NaN,0.403099987431474,0.0895427082343574,0,0.529337173551386,0.534661582931461,0,0,1.06399875648285
102.1,532.019975644236,NaN,394,13,NaN,0.403099987431474,0.0895427082343574,0,0.529227984516663,0.534650142700494,0,0,1.06387812721716
102.2,532.234723768495,NaN,394,13,NaN,0.403099987431474,0.0895427082343574,0,0.529118807861664,0.534638689905566,0,0,1.06375749776723
102.3,532.449447542065,NaN,394,13,NaN,0.403099987431474,0.0895427082343574,0,0.529009643586409,0.534627224540204,0,0,1.06363686812661
102.4,532.66414696491,NaN,394,13,NaN,0.403099987431474,0.0895427082343574,0,0.528900491690915,0.534615746597937,0,0,1.06351623828885
102.5,532.878822036988,NaN,394,13,NaN,0.403099987431474,0.0895427082343574,0,0.528791352175205,0.534604256072299,0,0,1.0633956082475
102.6,533.09347275826,NaN,394,13,NaN,0.403099987431474,0.0895427082343574,0,0.528682225039299,0.534592752956824,0,0,1.06327497799612
102.7,533.308099128682,NaN,394,13,NaN,0.403099987431474,0.0895427082343574,0,0.528573110283218,0.534581237245051,0,0,1.06315434752827
102.8,533.52270114821,NaN,394,13,NaN,0.403099987431474,0.0895427082343574,0,0.528464007906985,0.53456970893052,0,0,1.06303371683751
102.9,533.737278816799,NaN,394,13,NaN,0.403099987431474,0.0895427082343574,0,0.528354917910624,0.534558168006774,0,0,1.0629130859174
103,533.951832134402,NaN,394,13,NaN,0.403099987431474,0.0895427082343574,0,0.528245840294157,0.534546614467359,0,0,1.06279245476152
103.1,534.166361100972,NaN,394,13,NaN,0.403099987431474,0.0895427082343574,0,0.528136775057609,0.534535048305823,0,0,1.06267182336343
103.2,534.380865716458,NaN,394,13,NaN,0.403099987431474,0.0895427082343574,0,0.528027722201005,0.534523469515718,0,0,1.06255119171672
103.3,534.595345980809,NaN,394,13,NaN,0.403099987431474,0.0895427082343574,0,0.527918681724372,0.534511878090598,0,0,1.06243055981497
103.4,534.809801893975,NaN,394,13,NaN,0.403099987431474,0.0895427082343574,0,0.527809653627735,0.534500274024018,0,0,1.06230992765175
103.5,535.024233455901,NaN,394,13,NaN,0.403099987431474,0.0895427082343574,0,0.527700637911123,0.534488657309539,0,0,1.06218929522066
103.6,535.238640666532,NaN,394,13,NaN,0.403099987431474,0.0895427082343574,0,0.527591634574562,0.534477027940722,0,0,1.06206866251528
103.7,535.453023525812,NaN,394,13,NaN,0.403099987431474,0.0895427082343574,0,0.527482643618081,0.534465385911133,0,0,1.06194802952921
103.8,535.667382033683,NaN,394,13,NaN,0.403099987431474,0.0895427082343574,0,0.52737366504171,0.534453731214337,0,0,1.06182739625605
103.9,535.881716190086,NaN,394,13,NaN,0.403099987431474,0.0895427082343574,0,0.527264698845479,0.534442063843905,0,0,1.06170676268939
104,536.096025994961,NaN,394,13,NaN,0.403099987431474,0.0895427082343574,0,0.527155745029419,0.534430383793411,0,0,1.06158612882283
104.1,536.310311448247,NaN,394,13,NaN,0.403099987431474,0.0895427082343574,0,0.52704680359356,0.534418691056429,0,0,1.06146549464999
104.2,536.524572549879,NaN,394,13,NaN,0.403099987431474,0.0895427082343574,0,0.526937874537936,0.534406985626537,0,0,1.06134486016447
104.3,536.738809299794,NaN,394,13,NaN,0.403099987431474,0.0895427082343574,0,0.526828957862578,0.534395267497317,0,0,1.06122422535989
104.4,536.953021697926,NaN,394,13,NaN,0.403099987431474,0.0895427082343574,0,0.52672005356752,0.534383536662351,0,0,1.06110359022987
104.5,537.167209744207,NaN,394,13,NaN,0.403099987431474,0.0895427082343574,0,0.526611161652796,0.534371793115227,0,0,1.06098295476802
104.6,537.381373438569,NaN,394,13,NaN,0.403099987431474,0.0895427082343574,0,0.526502282118442,0.534360036849532,0,0,1.06086231896797
104.7,537.595512780942,NaN,394,13,NaN,0.403099987431474,0.0895427082343574,0,0.526393414964493,0.53434826785886,0,0,1.06074168282335
104.8,537.809627771255,NaN,394,13,NaN,0.403099987431474,0.0895427082343574,0,0.526284560190984,0.534336486136804,0,0,1.06062104632779
104.9,538.023718409435,NaN,394,13,NaN,0.403099987431474,0.0895427082343574,0,0.526175717797954,0.534324691676961,0,0,1.06050040947492
105,538.237784695408,NaN,394,13,NaN,0.403099987431474,0.0895427082343574,0,0.526066887785439,0.534312884472932,0,0,1.06037977225837
105.1,538.451826629098,NaN,394,13,NaN,0.403099987431474,0.0895427082343574,0,0.525958070153478,0.534301064518318,0,0,1.0602591346718
105.2,538.665844210429,NaN,394,13,NaN,0.403099987431474,0.0895427082343574,0,0.52584926490211,0.534289231806726,0,0,1.06013849670884
105.3,538.879837439323,NaN,394,13,NaN,0.403099987431474,0.0895427082343574,0,0.525740472031375,0.534277386331764,0,0,1.06001785836314
105.4,539.093806315699,NaN,394,13,NaN,0.403099987431474,0.0895427082343574,0,0.525631691541313,0.534265528087042,0,0,1.05989721962836
105.5,539.307750839478,NaN,394,13,NaN,0.403099987431474,0.0895427082343574,0,0.525522923431965,0.534253657066175,0,0,1.05977658049814
105.6,539.521671010578,NaN,394,13,NaN,0.403099987431474,0.0895427082343574,0,0.525414167703374,0.534241773262777,0,0,1.05965594096615
105.7,539.735566828913,NaN,394,13,NaN,0.403099987431474,0.0895427082343574,0,0.525305424355581,0.53422987667047,0,0,1.05953530102605
105.8,539.9494382944,NaN,394,13,NaN,0.403099987431474,0.0895427082343574,0,0.525196693388629,0.534217967282874,0,0,1.0594146606715
105.9,540.163285406952,NaN,394,13,NaN,0.403099987431474,0.0895427082343574,0,0.525087974802564,0.534206045093614,0,0,1.05929401989618
106,540.377108166481,NaN,394,13,NaN,0.403099987431474,0.0895427082343574,0,0.524979268597428,0.534194110096318,0,0,1.05917337869375
106.1,540.590906572899,NaN,394,13,NaN,0.403099987431474,0.0895427082343574,0,0.524870574773268,0.534182162284616,0,0,1.05905273705788
106.2,540.804680626114,NaN,394,13,NaN,0.403099987431474,0.0895427082343574,0,0.52476189333013,0.53417020165214,0,0,1.05893209498227
106.3,541.018430326036,NaN,394,13,NaN,0.403099987431474,0.0895427082343574,0,0.52465322426806,0.534158228192528,0,0,1.05881145246059
106.4,541.23215567257,NaN,394,13,NaN,0.403099987431474,0.0895427082343574,0,0.524544567587105,0.534146241899417,0,0,1.05869080948652
106.5,541.445856665623,NaN,394,13,NaN,0.403099987431474,0.0895427082343574,0,0.524435923287314,0.534134242766448,0,0,1.05857016605376
106.6,541.659533305099,NaN,394,13,NaN,0.403099987431474,0.0895427082343574,0,0.524327291368735,0.534122230787266,0,0,1.058449522156
106.7,541.873185590899,NaN,394,13,NaN,0.403099987431474,0.0895427082343574,0,0.524218671831418,0.534110205955518,0,0,1.05832887778694
106.8,542.086813522926,NaN,394,13,NaN,0.403099987431474,0.0895427082343574,0,0.524110064675414,0.534098168264854,0,0,1.05820823294027
106.9,542.30041710108,NaN,394,13,NaN,0.403099987431474,0.0895427082343574,0,0.524001469900772,0.534086117708925,0,0,1.0580875876097
107,542.513996325259,NaN,394,13,NaN,0.403099987431474,0.0895427082343574,0,0.523892887507544,0.534074054281387,0,0,1.05796694178893
107.1,542.72755119536,NaN,394,13,NaN,0.403099987431474,0.0895427082343574,0,0.523784317495783,0.534061977975899,0,0,1.05784629547168
107.2,542.94108171128,NaN,394,13,NaN,0.403099987431474,0.0895427082343574,0,0.523675759865541,0.534049888786122,0,0,1.05772564865166
107.3,543.154587872912,NaN,394,13,NaN,0.403099987431474,0.0895427082343574,0,0.523567214616873,0.534037786705718,0,0,1.05760500132259
107.4,543.368069680151,NaN,394,13,NaN,0.403099987431474,0.0895427082343574,0,0.523458681749831,0.534025671728356,0,0,1.05748435347819
107.5,543.581527132887,NaN,394,13,NaN,0.403099987431474,0.0895427082343574,0,0.523350161264473,0.534013543847703,0,0,1.05736370511218
107.6,543.794960231012,NaN,394,13,NaN,0.403099987431474,0.0895427082343574,0,0.523241653160852,0.534001403057433,0,0,1.05724305621828
107.7,544.008368974414,NaN,394,13,NaN,0.403099987431474,0.0895427082343574,0,0.523133157439026,0.53398924935122,0,0,1.05712240679025
107.8,544.221753362981,NaN,394,13,NaN,0.403099987431474,0.0895427082343574,0,0.523024674099052,0.533977082722742,0,0,1.05700175682179
107.9,544.4351133966,NaN,394,13,NaN,0.403099987431474,0.0895427082343574,0,0.522916203140987,0.53396490316568,0,0,1.05688110630667
108,544.648449075155,NaN,394,13,NaN,0.403099987431474,0.0895427082343574,0,0.52280774456489,0.533952710673718,0,0,1.05676045523861
108.1,544.86176039853,NaN,394,13,NaN,0.403099987431474,0.0895427082343574,0,0.52269929837082,0.533940505240541,0,0,1.05663980361136
108.2,545.075047366607,NaN,394,13,NaN,0.403099987431474,0.0895427082343574,0,0.522590864558837,0.53392828685984,0,0,1.05651915141868
108.3,545.288309979267,NaN,394,13,NaN,0.403099987431474,0.0895427082343574,0,0.522482443129001,0.533916055525306,0,0,1.05639849865431
108.4,545.50154823639,NaN,394,13,NaN,0.403099987431474,0.0895427082343574,0,0.522374034081374,0.533903811230634,0,0,1.05627784531201
108.5,545.714762137853,NaN,394,13,NaN,0.403099987431474,0.0895427082343574,0,0.522265637416018,0.533891553969522,0,0,1.05615719138554
108.6,545.927951683534,NaN,394,13,NaN,0.403099987431474,0.0895427082343574,0,0.522157253132995,0.53387928373567,0,0,1.05603653686867
108.7,546.141116873308,NaN,394,13,NaN,0.403099987431474,0.0895427082343574,0,0.522048881232369,0.533867000522782,0,0,1.05591588175515
108.8,546.354257707049,NaN,394,13,NaN,0.403099987431474,0.0895427082343574,0,0.521940521714204,0.533854704324565,0,0,1.05579522603877
108.9,546.56737418463,NaN,394,13,NaN,0.403099987431474,0.0895427082343574,0,0.521832174578564,0.533842395134727,0,0,1.05567456971329
109,546.780466305921,NaN,394,13,NaN,0.403099987431474,0.0895427082343574,0,0.521723839825515,0.533830072946981,0,0,1.0555539127725
109.1,546.993534070793,NaN,394,13,NaN,0.403099987431474,0.0895427082343574,0,0.521615517455123,0.533817737755041,0,0,1.05543325521016
109.2,547.206577479115,NaN,394,13,NaN,0.403099987431474,0.0895427082343574,0,0.521507207467455,0.533805389552626,0,0,1.05531259702008
109.3,547.419596530753,NaN,394,13,NaN,0.403099987431474,0.0895427082343574,0,0.521398909862579,0.533793028333456,0,0,1.05519193819603
109.4,547.632591225574,NaN,394,13,NaN,0.403099987431474,0.0895427082343574,0,0.521290624640562,0.533780654091255,0,0,1.05507127873182
109.5,547.845561563442,NaN,394,13,NaN,0.403099987431474,0.0895427082343574,0,0.521182351801473,0.533768266819749,0,0,1.05495061862122
109.6,548.05850754422,NaN,394,13,NaN,0.403099987431474,0.0895427082343574,0,0.521074091345382,0.533755866512667,0,0,1.05482995785805
109.7,548.271429167769,NaN,394,13,NaN,0.403099987431474,0.0895427082343574,0,0.52096584327236,0.533743453163743,0,0,1.0547092964361
109.8,548.484326433951,NaN,394,13,NaN,0.403099987431474,0.0895427082343574,0,0.520857607582477,0.53373102676671,0,0,1.05458863434919
109.9,548.697199342624,NaN,394,13,NaN,0.403099987431474,0.0895427082343574,0,0.520749384275805,0.533718587315308,0,0,1.05446797159111
110,548.910047893646,NaN,394,13,NaN,0.403099987431474,0.0895427082343574,0,0.520641173352417,0.533706134803276,0,0,1.05434730815569
110.1,549.122872086873,NaN,394,13,NaN,0.403099987431474,0.0895427082343574,0,0.520532974812384,0.53369366922436,0,0,1.05422664403674
110.2,549.33567192216,NaN,394,13,NaN,0.403099987431474,0.0895427082343574,0,0.520424788655782,0.533681190572306,0,0,1.05410597922809
110.3,549.548447399361,NaN,394,13,NaN,0.403099987431474,0.0895427082343574,0,0.520316614882685,0.533668698840862,0,0,1.05398531372355
110.4,549.761198518327,NaN,394,13,NaN,0.403099987431474,0.0895427082343574,0,0.520208453493168,0.533656194023783,0,0,1.05386464751695
110.5,549.97392527891,NaN,394,13,NaN,0.403099987431474,0.0895427082343574,0,0.520100304487306,0.533643676114824,0,0,1.05374398060213
110.6,550.186627680959,NaN,394,13,NaN,0.403099987431474,0.0895427082343574,0,0.519992167865176,0.533631145107742,0,0,1.05362331297292
110.7,550.399305724322,NaN,394,13,NaN,0.403099987431474,0.0895427082343574,0,0.519884043626856,0.5336186009963,0,0,1.05350264462316
110.8,550.611959408846,NaN,394,13,NaN,0.403099987431474,0.0895427082343574,0,0.519775931772423,0.533606043774262,0,0,1.05338197554669
110.9,550.824588734376,NaN,394,13,NaN,0.403099987431474,0.0895427082343574,0,0.519667832301957,0.533593473435395,0,0,1.05326130573735
111,551.037193700756,NaN,394,13,NaN,0.403099987431474,0.0895427082343574,0,0.519559745215535,0.533580889973468,0,0,1.053140635189
111.1,551.249774307829,NaN,394,13,NaN,0.403099987431474,0.0895427082343574,0,0.519451670513239,0.533568293382256,0,0,1.05301996389549
111.2,551.462330555436,NaN,394,13,NaN,0.403099987431474,0.0895427082343574,0,0.519343608195148,0.533555683655535,0,0,1.05289929185068
111.3,551.674862443417,NaN,394,13,NaN,0.403099987431474,0.0895427082343574,0,0.519235558261346,0.533543060787082,0,0,1.05277861904843
111.4,551.88736997161,NaN,394,13,NaN,0.403099987431474,0.0895427082343574,0,0.519127520711913,0.533530424770681,0,0,1.05265794548259
111.5,552.099853139853,NaN,394,13,NaN,0.403099987431474,0.0895427082343574,0,0.519019495546932,0.533517775600116,0,0,1.05253727114705
111.6,552.312311947981,NaN,394,13,NaN,0.403099987431474,0.0895427082343574,0,0.518911482766487,0.533505113269175,0,0,1.05241659603566
111.7,552.524746395829,NaN,394,13,NaN,0.403099987431474,0.0895427082343574,0,0.518803482370662,0.533492437771649,0,0,1.05229592014231
111.8,552.73715648323,NaN,394,13,NaN,0.403099987431474,0.0895427082343574,0,0.518695494359541,0.533479749101331,0,0,1.05217524346087
111.9,552.949542210015,NaN,394,13,NaN,0.403099987431474,0.0895427082343574,0,0.518587518733212,0.533467047252019,0,0,1.05205456598523
112,553.161903576015,NaN,394,13,NaN,0.403099987431474,0.0895427082343574,0,0.518479555491758,0.533454332217512,0,0,1.05193388770927
112.1,553.374240581059,NaN,394,13,NaN,0.403099987431474,0.0895427082343574,0,0.518371604635269,0.533441603991613,0,0,1.05181320862688
112.2,553.586553224974,NaN,394,13,NaN,0.403099987431474,0.0895427082343574,0,0.518263666163831,0.533428862568127,0,0,1.05169252873196
112.3,553.798841507587,NaN,394,13,NaN,0.403099987431474,0.0895427082343574,0,0.518155740077532,0.533416107940864,0,0,1.0515718480184
112.4,554.011105428722,NaN,394,13,NaN,0.403099987431474,0.0895427082343574,0,0.518047826376463,0.533403340103634,0,0,1.0514511664801
112.5,554.223344988203,NaN,394,13,NaN,0.403099987431474,0.0895427082343574,0,0.517939925060711,0.533390559050252,0,0,1.05133048411096
112.6,554.435560185852,NaN,394,13,NaN,0.403099987431474,0.0895427082343574,0,0.517832036130369,0.533377764774536,0,0,1.0512098009049
112.7,554.64775102149,NaN,394,13,NaN,0.403099987431474,0.0895427082343574,0,0.517724159585526,0.533364957270307,0,0,1.05108911685583
112.8,554.859917494936,NaN,394,13,NaN,0.403099987431474,0.0895427082343574,0,0.517616295426276,0.533352136531388,0,0,1.05096843195766
112.9,555.072059606008,NaN,394,13,NaN,0.403099987431474,0.0895427082343574,0,0.517508443652709,0.533339302551605,0,0,1.05084774620431
113,555.284177354523,NaN,394,13,NaN,0.403099987431474,0.0895427082343574,0,0.517400604264921,0.533326455324789,0,0,1.05072705958971
113.1,555.496270740296,NaN,394,13,NaN,0.403099987431474,0.0895427082343574,0,0.517292777263003,0.533313594844772,0,0,1.05060637210777
113.2,555.708339763142,NaN,394,13,NaN,0.403099987431474,0.0895427082343574,0,0.517184962647052,0.533300721105389,0,0,1.05048568375244
113.3,555.920384422872,NaN,394,13,NaN,0.403099987431474,0.0895427082343574,0,0.517077160417162,0.533287834100479,0,0,1.05036499451764
113.4,556.132404719297,NaN,394,13,NaN,0.403099987431474,0.0895427082343574,0,0.516969370573429,0.533274933823883,0,0,1.05024430439731
113.5,556.344400652229,NaN,394,13,NaN,0.403099987431474,0.0895427082343574,0,0.516861593115951,0.533262020269447,0,0,1.0501236133854
113.6,556.556372221474,NaN,394,13,NaN,0.403099987431474,0.0895427082343574,0,0.516753828044824,0.533249093431018,0,0,1.05000292147584
113.7,556.768319426841,NaN,394,13,NaN,0.403099987431474,0.0895427082343574,0,0.516646075360146,0.533236153302447,0,0,1.04988222866259
113.8,556.980242268134,NaN,394,13,NaN,0.403099987431474,0.0895427082343574,0,0.516538335062017,0.533223199877587,0,0,1.0497615349396
113.9,557.192140745159,NaN,394,13,NaN,0.403099987431474,0.0895427082343574,0,0.516430607150535,0.533210233150295,0,0,1.04964084030083
114,557.404014857718,NaN,394,13,NaN,0.403099987431474,0.0895427082343574,0,0.516322891625801,0.533197253114431,0,0,1.04952014474023
114.1,557.615864605613,NaN,394,13,NaN,0.403099987431474,0.0895427082343574,0,0.516215188487916,0.533184259763858,0,0,1.04939944825177
114.2,557.827689988644,NaN,394,13,NaN,0.403099987431474,0.0895427082343574,0,0.516107497736981,0.533171253092442,0,0,1.04927875082942
114.3,558.039491006611,NaN,394,13,NaN,0.403099987431474,0.0895427082343574,0,0.515999819373099,0.53315823309405,0,0,1.04915805246715
114.4,558.25126765931,NaN,394,13,NaN,0.403099987431474,0.0895427082343574,0,0.515892153396372,0.533145199762556,0,0,1.04903735315893
114.5,558.463019946537,NaN,394,13,NaN,0.403099987431474,0.0895427082343574,0,0.515784499806904,0.533132153091835,0,0,1.04891665289874
114.6,558.674747868088,NaN,394,13,NaN,0.403099987431474,0.0895427082343574,0,0.5156768586048,0.533119093075764,0,0,1.04879595168056
114.7,558.886451423756,NaN,394,13,NaN,0.403099987431474,0.0895427082343574,0,0.515569229790164,0.533106019708225,0,0,1.04867524949839
114.8,559.098130613333,NaN,394,13,NaN,0.403099987431474,0.0895427082343574,0,0.515461613363102,0.533092932983101,0,0,1.0485545463462
114.9,559.30978543661,NaN,394,13,NaN,0.403099987431474,0.0895427082343574,0,0.51535400932372,0.533079832894281,0,0,1.048433842218
115,559.521415893376,NaN,394,13,NaN,0.403099987431474,0.0895427082343574,0,0.515246417672127,0.533066719435653,0,0,1.04831313710778
115.1,559.733021983419,NaN,394,13,NaN,0.403099987431474,0.0895427082343574,0,0.515138838408428,0.533053592601113,0,0,1.04819243100954
115.2,559.944603706525,NaN,394,13,NaN,0.403099987431474,0.0895427082343574,0,0.515031271532734,0.533040452384555,0,0,1.04807172391729
115.3,560.156161062481,NaN,394,13,NaN,0.403099987431474,0.0895427082343574,0,0.514923717045153,0.53302729877988,0,0,1.04795101582503
115.4,560.367694051069,NaN,394,13,NaN,0.403099987431474,0.0895427082343574,0,0.514816174945794,0.53301413178099,0,0,1.04783030672678
115.5,560.579202672072,NaN,394,13,NaN,0.403099987431474,0.0895427082343574,0,0.51470864523477,0.533000951381791,0,0,1.04770959661656
115.6,560.790686925272,NaN,394,13,NaN,0.403099987431474,0.0895427082343574,0,0.51460112791219,0.532987757576192,0,0,1.04758888548838
115.7,561.002146811231,NaN,394,13,NaN,0.403099987431474,0.0895427082343574,0,0.514493622977768,0.532974550358055,0,0,1.04746817333582
115.8,561.213582330506,NaN,394,13,NaN,0.403099987431474,0.0895427082343574,0,0.514386130431223,0.532961329721247,0,0,1.04734746015247
115.9,561.424993482865,NaN,394,13,NaN,0.403099987431474,0.0895427082343574,0,0.514278650272671,0.532948095659686,0,0,1.04722674593236
116,561.636380268076,NaN,394,13,NaN,0.403099987431474,0.0895427082343574,0,0.51417118250223,0.532934848167293,0,0,1.04710603066952
116.1,561.847742685906,NaN,394,13,NaN,0.403099987431474,0.0895427082343574,0,0.514063727120019,0.532921587237992,0,0,1.04698531435801
116.2,562.05908073612,NaN,394,13,NaN,0.403099987431474,0.0895427082343574,0,0.513956284126158,0.532908312865712,0,0,1.04686459699187
116.3,562.270394418482,NaN,394,13,NaN,0.403099987431474,0.0895427082343574,0,0.513848853520766,0.532895025044383,0,0,1.04674387856515
116.4,562.481683732757,NaN,394,13,NaN,0.403099987431474,0.0895427082343574,0,0.513741435303964,0.532881723767937,0,0,1.0466231590719
116.5,562.692948678707,NaN,394,13,NaN,0.403099987431474,0.0895427082343574,0,0.513634029475871,0.532868409030313,0,0,1.04650243850618
116.6,562.904189256094,NaN,394,13,NaN,0.403099987431474,0.0895427082343574,0,0.513526636036609,0.53285508082545,0,0,1.04638171686206
116.7,563.115405464677,NaN,394,13,NaN,0.403099987431474,0.0895427082343574,0,0.5134192549863,0.532841739147291,0,0,1.04626099413359
116.8,563.326597304218,NaN,394,13,NaN,0.403099987431474,0.0895427082343574,0,0.513311886325066,0.532828383989781,0,0,1.04614027031485
116.9,563.537764774475,NaN,394,13,NaN,0.403099987431474,0.0895427082343574,0,0.513204530053029,0.532815015346871,0,0,1.0460195453999
117,563.748907875204,NaN,394,13,NaN,0.403099987431474,0.0895427082343574,0,0.513097186170314,0.532801633212512,0,0,1.04589881938283
117.1,563.960026606164,NaN,394,13,NaN,0.403099987431474,0.0895427082343574,0,0.512989854677043,0.53278823758066,0,0,1.0457780922577
117.2,564.171120967109,NaN,394,13,NaN,0.403099987431474,0.0895427082343574,0,0.51288253557334,0.532774828445273,0,0,1.04565736401861
117.3,564.382190957795,NaN,394,13,NaN,0.403099987431474,0.0895427082343574,0,0.512775228859331,0.532761405800313,0,0,1.04553663465964
117.4,564.593236577974,NaN,394,13,NaN,0.403099987431474,0.0895427082343574,0,0.512667934535141,0.532747969639745,0,0,1.04541590417489
117.5,564.8042578274,NaN,394,13,NaN,0.403099987431474,0.0895427082343574,0,0.512560652600896,0.532734519957536,0,0,1.04529517255843
117.6,565.015254705825,NaN,394,13,NaN,0.403099987431474,0.0895427082343574,0,0.512453383056721,0.532721056747657,0,0,1.04517443980438
117.7,565.226227212998,NaN,394,13,NaN,0.403099987431474,0.0895427082343574,0,0.512346125902743,0.532707580004083,0,0,1.04505370590683
117.8,565.437175348671,NaN,394,13,NaN,0.403099987431474,0.0895427082343574,0,0.51223888113909,0.532694089720791,0,0,1.04493297085988
117.9,565.648099112591,NaN,394,13,NaN,0.403099987431474,0.0895427082343574,0,0.51213164876589,0.532680585891761,0,0,1.04481223465765
118,565.858998504506,NaN,394,13,NaN,0.403099987431474,0.0895427082343574,0,0.51202442878327,0.532667068510977,0,0,1.04469149729425
118.1,566.069873524162,NaN,394,13,NaN,0.403099987431474,0.0895427082343574,0,0.51191722119136,0.532653537572425,0,0,1.04457075876378
118.2,566.280724171307,NaN,394,13,NaN,0.403099987431474,0.0895427082343574,0,0.511810025990288,0.532639993070095,0,0,1.04445001906038
118.3,566.491550445684,NaN,394,13,NaN,0.403099987431474,0.0895427082343574,0,0.511702843180185,0.53262643499798,0,0,1.04432927817817
118.4,566.702352347036,NaN,394,13,NaN,0.403099987431474,0.0895427082343574,0,0.511595672761181,0.532612863350077,0,0,1.04420853611126
118.5,566.913129875108,NaN,394,13,NaN,0.403099987431474,0.0895427082343574,0,0.511488514733406,0.532599278120384,0,0,1.04408779285379
118.6,567.123883029641,NaN,394,13,NaN,0.403099987431474,0.0895427082343574,0,0.511381369096992,0.532585679302904,0,0,1.0439670483999
118.7,567.334611810374,NaN,394,13,NaN,0.403099987431474,0.0895427082343574,0,0.511274235852071,0.532572066891642,0,0,1.04384630274371
118.8,567.545316217049,NaN,394,13,NaN,0.403099987431474,0.0895427082343574,0,0.511167114998775,0.532558440880608,0,0,1.04372555587938
118.9,567.755996249404,NaN,394,13,NaN,0.403099987431474,0.0895427082343574,0,0.511060006537237,0.532544801263813,0,0,1.04360480780105
119,567.966651907176,NaN,394,13,NaN,0.403099987431474,0.0895427082343574,0,0.510952910467589,0.532531148035272,0,0,1.04348405850286
119.1,568.177283190103,NaN,394,13,NaN,0.403099987431474,0.0895427082343574,0,0.510845826789967,0.532517481189003,0,0,1.04336330797897
119.2,568.387890097919,NaN,394,13,NaN,0.403099987431474,0.0895427082343574,0,0.510738755504504,0.532503800719029,0,0,1.04324255622353
119.3,568.598472630361,NaN,394,13,NaN,0.403099987431474,0.0895427082343574,0,0.510631696611335,0.532490106619373,0,0,1.04312180323071
119.4,568.809030787162,NaN,394,13,NaN,0.403099987431474,0.0895427082343574,0,0.510524650110595,0.532476398884064,0,0,1.04300104899466
119.5,569.019564568054,NaN,394,13,NaN,0.403099987431474,0.0895427082343574,0,0.510417616002421,0.532462677507131,0,0,1.04288029350955
119.6,569.23007397277,NaN,394,13,NaN,0.403099987431474,0.0895427082343574,0,0.510310594286948,0.532448942482611,0,0,1.04275953676956
119.7,569.440559001039,NaN,394,13,NaN,0.403099987431474,0.0895427082343574,0,0.510203584964314,0.532435193804539,0,0,1.04263877876885
119.8,569.651019652593,NaN,394,13,NaN,0.403099987431474,0.0895427082343574,0,0.510096588034656,0.532421431466956,0,0,1.04251801950161
119.9,569.861455927159,NaN,394,13,NaN,0.403099987431474,0.0895427082343574,0,0.509989603498111,0.532407655463907,0,0,1.04239725896202
120,570.071867824466,NaN,394,13,NaN,0.403099987431474,0.0895427082343574,0,0.509882631354818,0.532393865789438,0,0,1.04227649714426
120.1,570.282255344241,NaN,394,13,NaN,0.403099987431474,0.0895427082343574,0,0.509775671604916,0.532380062437599,0,0,1.04215573404252
120.2,570.492618486209,NaN,394,13,NaN,0.403099987431474,0.0895427082343574,0,0.509668724248545,0.532366245402444,0,0,1.04203496965099
120.3,570.702957250094,NaN,394,13,NaN,0.403099987431474,0.0895427082343574,0,0.509561789285844,0.532352414678029,0,0,1.04191420396387
120.4,570.913271635622,NaN,394,13,NaN,0.403099987431474,0.0895427082343574,0,0.509454866716954,0.532338570258414,0,0,1.04179343697537
120.5,571.123561642515,NaN,394,13,NaN,0.403099987431474,0.0895427082343574,0,0.509347956542015,0.532324712137662,0,0,1.04167266867968
120.6,571.333827270494,NaN,394,13,NaN,0.403099987431474,0.0895427082343574,0,0.509241058761169,0.532310840309839,0,0,1.04155189907101
120.7,571.544068519281,NaN,394,13,NaN,0.403099987431474,0.0895427082343574,0,0.509134173374558,0.532296954769015,0,0,1.04143112814357
120.8,571.754285388596,NaN,394,13,NaN,0.403099987431474,0.0895427082343574,0,0.509027300382324,0.532283055509262,0,0,1.04131035589159
120.9,571.964477878156,NaN,394,13,NaN,0.403099987431474,0.0895427082343574,0,0.50892043978461,0.532269142524657,0,0,1.04118958230927
121,572.174645987681,NaN,394,13,NaN,0.403099987431474,0.0895427082343574,0,0.50881359158156,0.532255215809278,0,0,1.04106880739084
121.1,572.384789716887,NaN,394,13,NaN,0.403099987431474,0.0895427082343574,0,0.508706755773317,0.532241275357207,0,0,1.04094803113052
121.2,572.594909065489,NaN,394,13,NaN,0.403099987431474,0.0895427082343574,0,0.508599932360027,0.532227321162531,0,0,1.04082725352256
121.3,572.805004033204,NaN,394,13,NaN,0.403099987431474,0.0895427082343574,0,0.508493121341833,0.532213353219338,0,0,1.04070647456117
121.4,573.015074619744,NaN,394,13,NaN,0.403099987431474,0.0895427082343574,0,0.508386322718882,0.53219937152172,0,0,1.0405856942406
121.5,573.225120824823,NaN,394,13,NaN,0.403099987431474,0.0895427082343574,0,0.508279536491319,0.532185376063773,0,0,1.04046491255509
121.6,573.435142648152,NaN,394,13,NaN,0.403099987431474,0.0895427082343574,0,0.508172762659291,0.532171366839595,0,0,1.04034412949889
121.7,573.645140089443,NaN,394,13,NaN,0.403099987431474,0.0895427082343574,0,0.508066001222945,0.532157343843288,0,0,1.04022334506623
121.8,573.855113148405,NaN,394,13,NaN,0.403099987431474,0.0895427082343574,0,0.507959252182428,0.532143307068957,0,0,1.04010255925138
121.9,574.065061824747,NaN,394,13,NaN,0.403099987431474,0.0895427082343574,0,0.507852515537888,0.53212925651071,0,0,1.0399817720486
122,574.274986118178,NaN,394,13,NaN,0.403099987431474,0.0895427082343574,0,0.507745791289474,0.532115192162659,0,0,1.03986098345213
122.1,574.484886028403,NaN,394,13,NaN,0.403099987431474,0.0895427082343574,0,0.507639079437335,0.532101114018919,0,0,1.03974019345625
122.2,574.69476155513,NaN,394,13,NaN,0.403099987431474,0.0895427082343574,0,0.50753237998162,0.532087022073608,0,0,1.03961940205523
122.3,574.904612698063,NaN,394,13,NaN,0.403099987431474,0.0895427082343574,0,0.507425692922479,0.532072916320847,0,0,1.03949860924333
122.4,575.114439456906,NaN,394,13,NaN,0.403099987431474,0.0895427082343574,0,0.507319018260063,0.532058796754761,0,0,1.03937781501482
122.5,575.324241831362,NaN,394,13,NaN,0.403099987431474,0.0895427082343574,0,0.507212355994523,0.532044663369479,0,0,1.039257019364
122.6,575.534019821132,NaN,394,13,NaN,0.403099987431474,0.0895427082343574,0,0.50710570612601,0.53203051615913,0,0,1.03913622228514
122.7,575.743773425919,NaN,394,13,NaN,0.403099987431474,0.0895427082343574,0,0.506999068654676,0.532016355117851,0,0,1.03901542377253
122.8,575.953502645422,NaN,394,13,NaN,0.403099987431474,0.0895427082343574,0,0.506892443580674,0.532002180239777,0,0,1.03889462382045
122.9,576.163207479339,NaN,394,13,NaN,0.403099987431474,0.0895427082343574,0,0.506785830904157,0.531987991519051,0,0,1.03877382242321
123,576.372887927369,NaN,394,13,NaN,0.403099987431474,0.0895427082343574,0,0.506679230625278,0.531973788949818,0,0,1.0386530195751
123.1,576.582543989209,NaN,394,13,NaN,0.403099987431474,0.0895427082343574,0,0.506572642744192,0.531959572526224,0,0,1.03853221527042
123.2,576.792175664555,NaN,394,13,NaN,0.403099987431474,0.0895427082343574,0,0.506466067261052,0.53194534224242,0,0,1.03841140950347
123.3,577.001782953101,NaN,394,13,NaN,0.403099987431474,0.0895427082343574,0,0.506359504176015,0.531931098092562,0,0,1.03829060226858
123.4,577.211365854543,NaN,394,13,NaN,0.403099987431474,0.0895427082343574,0,0.506252953489235,0.531916840070806,0,0,1.03816979356004
123.5,577.420924368572,NaN,394,13,NaN,0.403099987431474,0.0895427082343574,0,0.506146415200869,0.531902568171313,0,0,1.03804898337218
123.6,577.630458494881,NaN,394,13,NaN,0.403099987431474,0.0895427082343574,0,0.506039889311074,0.531888282388247,0,0,1.03792817169932
123.7,577.839968233161,NaN,394,13,NaN,0.403099987431474,0.0895427082343574,0,0.505933375820006,0.531873982715777,0,0,1.03780735853578
123.8,578.049453583101,NaN,394,13,NaN,0.403099987431474,0.0895427082343574,0,0.505826874727822,0.531859669148072,0,0,1.03768654387589
123.9,578.258914544392,NaN,394,13,NaN,0.403099987431474,0.0895427082343574,0,0.505720386034682,0.531845341679308,0,0,1.03756572771399
124,578.468351116721,NaN,394,13,NaN,0.403099987431474,0.0895427082343574,0,0.505613909740743,0.53183100030366,0,0,1.0374449100444
124.1,578.677763299774,NaN,394,13,NaN,0.403099987431474,0.0895427082343574,0,0.505507445846165,0.531816645015311,0,0,1.03732409086148
124.2,578.887151093239,NaN,394,13,NaN,0.403099987431474,0.0895427082343574,0,0.505400994351108,0.531802275808445,0,0,1.03720327015955
124.3,579.0965144968,NaN,394,13,NaN,0.403099987431474,0.0895427082343574,0,0.505294555255731,0.531787892677247,0,0,1.03708244793298
124.4,579.305853510141,NaN,394,13,NaN,0.403099987431474,0.0895427082343574,0,0.505188128560195,0.531773495615911,0,0,1.03696162417611
124.5,579.515168132945,NaN,394,13,NaN,0.403099987431474,0.0895427082343574,0,0.505081714264661,0.531759084618629,0,0,1.03684079888329
124.6,579.724458364895,NaN,394,13,NaN,0.403099987431474,0.0895427082343574,0,0.504975312369291,0.531744659679598,0,0,1.03671997204889
124.7,579.933724205671,NaN,394,13,NaN,0.403099987431474,0.0895427082343574,0,0.504868922874247,0.531730220793021,0,0,1.03659914366727
124.8,580.142965654953,NaN,394,13,NaN,0.403099987431474,0.0895427082343574,0,0.504762545779692,0.5317157679531,0,0,1.03647831373279
124.9,580.352182712421,NaN,394,13,NaN,0.403099987431474,0.0895427082343574,0,0.504656181085788,0.531701301154044,0,0,1.03635748223983
125,580.561375377753,NaN,394,13,NaN,0.403099987431474,0.0895427082343574,0,0.5045498287927,0.531686820390063,0,0,1.03623664918276
125.1,580.770543650625,NaN,394,13,NaN,0.403099987431474,0.0895427082343574,0,0.504443488900592,0.531672325655371,0,0,1.03611581455596
125.2,580.979687530714,NaN,394,13,NaN,0.403099987431474,0.0895427082343574,0,0.504337161409627,0.531657816944186,0,0,1.03599497835381
125.3,581.188807017695,NaN,394,13,NaN,0.403099987431474,0.0895427082343574,0,0.504230846319973,0.531643294250729,0,0,1.0358741405707
125.4,581.397902111243,NaN,394,13,NaN,0.403099987431474,0.0895427082343574,0,0.504124543631793,0.531628757569224,0,0,1.03575330120102
125.5,581.606972811029,NaN,394,13,NaN,0.403099987431474,0.0895427082343574,0,0.504018253345255,0.531614206893898,0,0,1.03563246023915
125.6,581.816019116727,NaN,394,13,NaN,0.403099987431474,0.0895427082343574,0,0.503911975460524,0.531599642218983,0,0,1.03551161767951
125.7,582.025041028007,NaN,394,13,NaN,0.403099987431474,0.0895427082343574,0,0.503805709977769,0.531585063538713,0,0,1.03539077351648
125.8,582.23403854454,NaN,394,13,NaN,0.403099987431474,0.0895427082343574,0,0.503699456897157,0.531570470847326,0,0,1.03526992774448
125.9,582.443011665994,NaN,394,13,NaN,0.403099987431474,0.0895427082343574,0,0.503593216218856,0.531555864139063,0,0,1.03514908035792
126,582.651960392039,NaN,394,13,NaN,0.403099987431474,0.0895427082343574,0,0.503486987943034,0.531541243408168,0,0,1.0350282313512
126.1,582.86088472234,NaN,394,13,NaN,0.403099987431474,0.0895427082343574,0,0.503380772069862,0.531526608648888,0,0,1.03490738071875
126.2,583.069784656565,NaN,394,13,NaN,0.403099987431474,0.0895427082343574,0,0.503274568599508,0.531511959855477,0,0,1.03478652845499
126.3,583.278660194378,NaN,394,13,NaN,0.403099987431474,0.0895427082343574,0,0.503168377532144,0.531497297022187,0,0,1.03466567455433
126.4,583.487511335443,NaN,394,13,NaN,0.403099987431474,0.0895427082343574,0,0.503062198867939,0.531482620143278,0,0,1.03454481901122
126.5,583.696338079424,NaN,394,13,NaN,0.403099987431474,0.0895427082343574,0,0.502956032607065,0.53146792921301,0,0,1.03442396182008
126.6,583.905140425983,NaN,394,13,NaN,0.403099987431474,0.0895427082343574,0,0.502849878749694,0.531453224225649,0,0,1.03430310297534
126.7,584.113918374781,NaN,394,13,NaN,0.403099987431474,0.0895427082343574,0,0.502743737295998,0.531438505175462,0,0,1.03418224247146
126.8,584.322671925479,NaN,394,13,NaN,0.403099987431474,0.0895427082343574,0,0.502637608246149,0.531423772056721,0,0,1.03406138030287
126.9,584.531401077734,NaN,394,13,NaN,0.403099987431474,0.0895427082343574,0,0.502531491600321,0.531409024863702,0,0,1.03394051646402
127,584.740105831207,NaN,394,13,NaN,0.403099987431474,0.0895427082343574,0,0.502425387358688,0.531394263590682,0,0,1.03381965094937
127.1,584.948786185553,NaN,394,13,NaN,0.403099987431474,0.0895427082343574,0,0.502319295521425,0.531379488231944,0,0,1.03369878375337
127.2,585.157442140429,NaN,394,13,NaN,0.403099987431474,0.0895427082343574,0,0.502213216088705,0.531364698781773,0,0,1.03357791487048
127.3,585.366073695491,NaN,394,13,NaN,0.403099987431474,0.0895427082343574,0,0.502107149060704,0.531349895234457,0,0,1.03345704429516
127.4,585.574680850392,NaN,394,13,NaN,0.403099987431474,0.0895427082343574,0,0.502001094437598,0.531335077584289,0,0,1.03333617202189
127.5,585.783263604785,NaN,394,13,NaN,0.403099987431474,0.0895427082343574,0,0.501895052219563,0.531320245825564,0,0,1.03321529804513
127.6,585.991821958324,NaN,394,13,NaN,0.403099987431474,0.0895427082343574,0,0.501789022406776,0.531305399952582,0,0,1.03309442235936
127.7,586.200355910659,NaN,394,13,NaN,0.403099987431474,0.0895427082343574,0,0.501683004999414,0.531290539959644,0,0,1.03297354495906
127.8,586.40886546144,NaN,394,13,NaN,0.403099987431474,0.0895427082343574,0,0.501576999997656,0.531275665841056,0,0,1.03285266583871
127.9,586.617350610317,NaN,394,13,NaN,0.403099987431474,0.0895427082343574,0,0.501471007401678,0.531260777591128,0,0,1.03273178499281
128,586.825811356938,NaN,394,13,NaN,0.403099987431474,0.0895427082343574,0,0.501365027211662,0.531245875204173,0,0,1.03261090241583
128.1,587.03424770095,NaN,394,13,NaN,0.403099987431474,0.0895427082343574,0,0.501259059427784,0.531230958674506,0,0,1.03249001810229
128.2,587.242659641999,NaN,394,13,NaN,0.403099987431474,0.0895427082343574,0,0.501153104050226,0.531216027996447,0,0,1.03236913204667
128.3,587.451047179732,NaN,394,13,NaN,0.403099987431474,0.0895427082343574,0,0.501047161079168,0.531201083164319,0,0,1.03224824424349
128.4,587.659410313791,NaN,394,13,NaN,0.403099987431474,0.0895427082343574,0,0.500941230514791,0.531186124172449,0,0,1.03212735468724
128.5,587.86774904382,NaN,394,13,NaN,0.403099987431474,0.0895427082343574,0,0.500835312357275,0.531171151015167,0,0,1.03200646337244
128.6,588.076063369463,NaN,394,13,NaN,0.403099987431474,0.0895427082343574,0,0.500729406606803,0.531156163686805,0,0,1.03188557029361
128.7,588.284353290359,NaN,394,13,NaN,0.403099987431474,0.0895427082343574,0,0.500623513263558,0.531141162181702,0,0,1.03176467544526
128.8,588.492618806149,NaN,394,13,NaN,0.403099987431474,0.0895427082343574,0,0.500517632327721,0.531126146494197,0,0,1.03164377882192
128.9,588.700859916472,NaN,394,13,NaN,0.403099987431474,0.0895427082343574,0,0.500411763799477,0.531111116618633,0,0,1.03152288041811
129,588.909076620968,NaN,394,13,NaN,0.403099987431474,0.0895427082343574,0,0.500305907679009,0.531096072549359,0,0,1.03140198022837
129.1,589.117268919272,NaN,394,13,NaN,0.403099987431474,0.0895427082343574,0,0.500200063966502,0.531081014280725,0,0,1.03128107824723
129.2,589.325436811022,NaN,394,13,NaN,0.403099987431474,0.0895427082343574,0,0.50009423266214,0.531065941807085,0,0,1.03116017446923
129.3,589.533580295853,NaN,394,13,NaN,0.403099987431474,0.0895427082343574,0,0.49998841376611,0.531050855122796,0,0,1.03103926888891
129.4,589.741699373398,NaN,394,13,NaN,0.403099987431474,0.0895427082343574,0,0.499882607278596,0.531035754222221,0,0,1.03091836150082
129.5,589.949794043293,NaN,394,13,NaN,0.403099987431474,0.0895427082343574,0,0.499776813199786,0.531020639099723,0,0,1.03079745229951
129.6,590.157864305167,NaN,394,13,NaN,0.403099987431474,0.0895427082343574,0,0.499671031529866,0.531005509749671,0,0,1.03067654127954
129.7,590.365910158654,NaN,394,13,NaN,0.403099987431474,0.0895427082343574,0,0.499565262269023,0.530990366166436,0,0,1.03055562843546
129.8,590.573931603383,NaN,394,13,NaN,0.403099987431474,0.0895427082343574,0,0.499459505417446,0.530975208344394,0,0,1.03043471376184
129.9,590.781928638985,NaN,394,13,NaN,0.403099987431474,0.0895427082343574,0,0.499353760975323,0.530960036277922,0,0,1.03031379725325
130,590.989901265086,NaN,394,13,NaN,0.403099987431474,0.0895427082343574,0,0.499248028942843,0.530944849961404,0,0,1.03019287890425
130.1,591.197849481315,NaN,394,13,NaN,0.403099987431474,0.0895427082343574,0,0.499142309320196,0.530929649389225,0,0,1.03007195870942
130.2,591.405773287297,NaN,394,13,NaN,0.403099987431474,0.0895427082343574,0,0.499036602107571,0.530914434555773,0,0,1.02995103666334
130.3,591.613672682659,NaN,394,13,NaN,0.403099987431474,0.0895427082343574,0,0.498930907305158,0.530899205455442,0,0,1.0298301127606
130.4,591.821547667025,NaN,394,13,NaN,0.403099987431474,0.0895427082343574,0,0.498825224913149,0.530883962082627,0,0,1.02970918699578
130.5,592.029398240018,NaN,394,13,NaN,0.403099987431474,0.0895427082343574,0,0.498719554931736,0.530868704431728,0,0,1.02958825936346
130.6,592.23722440126,NaN,394,13,NaN,0.403099987431474,0.0895427082343574,0,0.498613897361109,0.530853432497148,0,0,1.02946732985826
130.7,592.445026150373,NaN,394,13,NaN,0.403099987431474,0.0895427082343574,0,0.498508252201463,0.530838146273295,0,0,1.02934639847476
130.8,592.652803486977,NaN,394,13,NaN,0.403099987431474,0.0895427082343574,0,0.498402619452989,0.530822845754577,0,0,1.02922546520757
130.9,592.860556410692,NaN,394,13,NaN,0.403099987431474,0.0895427082343574,0,0.498296999115881,0.530807530935409,0,0,1.02910453005129
131,593.068284921136,NaN,394,13,NaN,0.403099987431474,0.0895427082343574,0,0.498191391190333,0.530792201810208,0,0,1.02898359300054
131.1,593.275989017926,NaN,394,13,NaN,0.403099987431474,0.0895427082343574,0,0.49808579567654,0.530776858373395,0,0,1.02886265404993
131.2,593.483668700679,NaN,394,13,NaN,0.403099987431474,0.0895427082343574,0,0.497980212574696,0.530761500619393,0,0,1.02874171319409
131.3,593.691323969011,NaN,394,13,NaN,0.403099987431474,0.0895427082343574,0,0.497874641884998,0.530746128542632,0,0,1.02862077042763
131.4,593.898954822535,NaN,394,13,NaN,0.403099987431474,0.0895427082343574,0,0.497769083607641,0.530730742137542,0,0,1.02849982574518
131.5,594.106561260866,NaN,394,13,NaN,0.403099987431474,0.0895427082343574,0,0.497663537742821,0.530715341398557,0,0,1.02837887914138
131.6,594.314143283615,NaN,394,13,NaN,0.403099987431474,0.0895427082343574,0,0.497558004290737,0.530699926320117,0,0,1.02825793061085
131.7,594.521700890395,NaN,394,13,NaN,0.403099987431474,0.0895427082343574,0,0.497452483251584,0.530684496896663,0,0,1.02813698014825
131.8,594.729234080815,NaN,394,13,NaN,0.403099987431474,0.0895427082343574,0,0.497346974625562,0.530669053122642,0,0,1.0280160277482
131.9,594.936742854485,NaN,394,13,NaN,0.403099987431474,0.0895427082343574,0,0.497241478412869,0.530653594992501,0,0,1.02789507340537
132,595.144227211014,NaN,394,13,NaN,0.403099987431474,0.0895427082343574,0,0.497135994613703,0.530638122500694,0,0,1.0277741171144
132.1,595.351687150008,NaN,394,13,NaN,0.403099987431474,0.0895427082343574,0,0.497030523228265,0.530622635641676,0,0,1.02765315886994
132.2,595.559122671076,NaN,394,13,NaN,0.403099987431474,0.0895427082343574,0,0.496925064256755,0.530607134409908,0,0,1.02753219866666
132.3,595.766533773821,NaN,394,13,NaN,0.403099987431474,0.0895427082343574,0,0.496819617699372,0.530591618799853,0,0,1.02741123649923
132.4,595.973920457848,NaN,394,13,NaN,0.403099987431474,0.0895427082343574,0,0.496714183556319,0.530576088805978,0,0,1.0272902723623
132.5,596.181282722762,NaN,394,13,NaN,0.403099987431474,0.0895427082343574,0,0.496608761827796,0.530560544422753,0,0,1.02716930625055
132.6,596.388620568164,NaN,394,13,NaN,0.403099987431474,0.0895427082343574,0,0.496503352514007,0.530544985644652,0,0,1.02704833815866
132.7,596.595933993656,NaN,394,13,NaN,0.403099987431474,0.0895427082343574,0,0.496397955615152,0.530529412466153,0,0,1.02692736808131
132.8,596.803222998838,NaN,394,13,NaN,0.403099987431474,0.0895427082343574,0,0.496292571131437,0.530513824881736,0,0,1.02680639601317
132.9,597.010487583311,NaN,394,13,NaN,0.403099987431474,0.0895427082343574,0,0.496187199063063,0.530498222885888,0,0,1.02668542194895
133,597.217727746672,NaN,394,13,NaN,0.403099987431474,0.0895427082343574,0,0.496081839410236,0.530482606473095,0,0,1.02656444588333
133.1,597.424943488519,NaN,394,13,NaN,0.403099987431474,0.0895427082343574,0,0.495976492173159,0.53046697563785,0,0,1.02644346781101
133.2,597.632134808448,NaN,394,13,NaN,0.403099987431474,0.0895427082343574,0,0.495871157352038,0.530451330374649,0,0,1.02632248772669
133.3,597.839301706056,NaN,394,13,NaN,0.403099987431474,0.0895427082343574,0,0.495765834947079,0.53043567067799,0,0,1.02620150562507
133.4,598.046444180937,NaN,394,13,NaN,0.403099987431474,0.0895427082343574,0,0.495660524958488,0.530419996542376,0,0,1.02608052150086
133.5,598.253562232683,NaN,394,13,NaN,0.403099987431474,0.0895427082343574,0,0.495555227386471,0.530404307962314,0,0,1.02595953534878
133.6,598.460655860889,NaN,394,13,NaN,0.403099987431474,0.0895427082343574,0,0.495449942231235,0.530388604932313,0,0,1.02583854716355
133.7,598.667725065144,NaN,394,13,NaN,0.403099987431474,0.0895427082343574,0,0.495344669492989,0.530372887446886,0,0,1.02571755693988
133.8,598.874769845041,NaN,394,13,NaN,0.403099987431474,0.0895427082343574,0,0.49523940917194,0.530357155500552,0,0,1.02559656467249
133.9,599.081790200168,NaN,394,13,NaN,0.403099987431474,0.0895427082343574,0,0.495134161268297,0.53034140908783,0,0,1.02547557035613
134,599.288786130114,NaN,394,13,NaN,0.403099987431474,0.0895427082343574,0,0.495028925782268,0.530325648203245,0,0,1.02535457398551
134.1,599.495757634467,NaN,394,13,NaN,0.403099987431474,0.0895427082343574,0,0.494923702714065,0.530309872841325,0,0,1.02523357555539
134.2,599.702704712813,NaN,394,13,NaN,0.403099987431474,0.0895427082343574,0,0.494818492063897,0.530294082996601,0,0,1.0251125750605
134.3,599.909627364738,NaN,394,13,NaN,0.403099987431474,0.0895427082343574,0,0.494713293831974,0.530278278663608,0,0,1.02499157249558
134.4,600.116525589827,NaN,394,13,NaN,0.403099987431474,0.0895427082343574,0,0.494608108018508,0.530262459836886,0,0,1.02487056785539
134.5,600.323399387662,NaN,394,13,NaN,0.403099987431474,0.0895427082343574,0,0.494502934623711,0.530246626510977,0,0,1.02474956113469
134.6,600.530248757827,NaN,394,13,NaN,0.403099987431474,0.0895427082343574,0,0.494397773647794,0.530230778680426,0,0,1.02462855232822
134.7,600.737073699903,NaN,394,13,NaN,0.403099987431474,0.0895427082343574,0,0.494292625090971,0.530214916339783,0,0,1.02450754143075
134.8,600.943874213471,NaN,394,13,NaN,0.403099987431474,0.0895427082343574,0,0.494187488953455,0.530199039483603,0,0,1.02438652843706
134.9,601.150650298111,NaN,394,13,NaN,0.403099987431474,0.0895427082343574,0,0.494082365235458,0.53018314810644,0,0,1.0242655133419
135,601.357401953401,NaN,394,13,NaN,0.403099987431474,0.0895427082343574,0,0.493977253937197,0.530167242202857,0,0,1.02414449614005
135.1,601.564129178918,NaN,394,13,NaN,0.403099987431474,0.0895427082343574,0,0.493872155058884,0.530151321767417,0,0,1.0240234768263
135.2,601.77083197424,NaN,394,13,NaN,0.403099987431474,0.0895427082343574,0,0.493767068600737,0.530135386794689,0,0,1.02390245539543
135.3,601.977510338942,NaN,394,13,NaN,0.403099987431474,0.0895427082343574,0,0.493661994562969,0.530119437279243,0,0,1.02378143184221
135.4,602.184164272599,NaN,394,13,NaN,0.403099987431474,0.0895427082343574,0,0.493556932945798,0.530103473215655,0,0,1.02366040616145
135.5,602.390793774784,NaN,394,13,NaN,0.403099987431474,0.0895427082343574,0,0.49345188374944,0.530087494598503,0,0,1.02353937834794
135.6,602.59739884507,NaN,394,13,NaN,0.403099987431474,0.0895427082343574,0,0.493346846974113,0.530071501422371,0,0,1.02341834839648
135.7,602.803979483029,NaN,394,13,NaN,0.403099987431474,0.0895427082343574,0,0.493241822620034,0.530055493681844,0,0,1.02329731630188
135.8,603.010535688231,NaN,394,13,NaN,0.403099987431474,0.0895427082343574,0,0.493136810687421,0.530039471371512,0,0,1.02317628205893
135.9,603.217067460246,NaN,394,13,NaN,0.403099987431474,0.0895427082343574,0,0.493031811176494,0.530023434485968,0,0,1.02305524566246
136,603.423574798643,NaN,394,13,NaN,0.403099987431474,0.0895427082343574,0,0.492926824087472,0.53000738301981,0,0,1.02293420710728
136.1,603.63005770299,NaN,394,13,NaN,0.403099987431474,0.0895427082343574,0,0.492821849420573,0.529991316967638,0,0,1.02281316638821
136.2,603.836516172852,NaN,394,13,NaN,0.403099987431474,0.0895427082343574,0,0.49271688717602,0.529975236324058,0,0,1.02269212350008
136.3,604.042950207797,NaN,394,13,NaN,0.403099987431474,0.0895427082343574,0,0.492611937354032,0.529959141083676,0,0,1.02257107843771
136.4,604.249359807387,NaN,394,13,NaN,0.403099987431474,0.0895427082343574,0,0.492506999954831,0.529943031241104,0,0,1.02245003119594
136.5,604.455744971189,NaN,394,13,NaN,0.403099987431474,0.0895427082343574,0,0.492402074978638,0.529926906790959,0,0,1.0223289817696
136.6,604.662105698763,NaN,394,13,NaN,0.403099987431474,0.0895427082343574,0,0.492297162425676,0.52991076772786,0,0,1.02220793015354
136.7,604.868441989672,NaN,394,13,NaN,0.403099987431474,0.0895427082343574,0,0.492192262296168,0.529894614046429,0,0,1.0220868763426
136.8,605.074753843476,NaN,394,13,NaN,0.403099987431474,0.0895427082343574,0,0.492087374590337,0.529878445741292,0,0,1.02196582033163
136.9,605.281041259735,NaN,394,13,NaN,0.403099987431474,0.0895427082343574,0,0.491982499308406,0.529862262807081,0,0,1.02184476211549
137,605.487304238009,NaN,394,13,NaN,0.403099987431474,0.0895427082343574,0,0.491877636450601,0.529846065238429,0,0,1.02172370168903
137.1,605.693542777854,NaN,394,13,NaN,0.403099987431474,0.0895427082343574,0,0.491772786017146,0.529829853029973,0,0,1.02160263904712
137.2,605.899756878827,NaN,394,13,NaN,0.403099987431474,0.0895427082343574,0,0.491667948008266,0.529813626176355,0,0,1.02148157418462
137.3,606.105946540485,NaN,394,13,NaN,0.403099987431474,0.0895427082343574,0,0.491563122424188,0.529797384672221,0,0,1.02136050709641
137.4,606.312111762381,NaN,394,13,NaN,0.403099987431474,0.0895427082343574,0,0.491458309265137,0.529781128512218,0,0,1.02123943777735
137.5,606.51825254407,NaN,394,13,NaN,0.403099987431474,0.0895427082343574,0,0.49135350853134,0.529764857690999,0,0,1.02111836622234
137.6,606.724368885105,NaN,394,13,NaN,0.403099987431474,0.0895427082343574,0,0.491248720223026,0.52974857220322,0,0,1.02099729242625
137.7,606.930460785036,NaN,394,13,NaN,0.403099987431474,0.0895427082343574,0,0.491143944340421,0.529732272043542,0,0,1.02087621638396
137.8,607.136528243416,NaN,394,13,NaN,0.403099987431474,0.0895427082343574,0,0.491039180883754,0.529715957206628,0,0,1.02075513809038
137.9,607.342571259794,NaN,394,13,NaN,0.403099987431474,0.0895427082343574,0,0.490934429853254,0.529699627687145,0,0,1.0206340575404
138,607.548589833718,NaN,394,13,NaN,0.403099987431474,0.0895427082343574,0,0.49082969124915,0.529683283479764,0,0,1.02051297472891
138.1,607.754583964736,NaN,394,13,NaN,0.403099987431474,0.0895427082343574,0,0.490724965071672,0.52966692457916,0,0,1.02039188965083
138.2,607.960553652396,NaN,394,13,NaN,0.403099987431474,0.0895427082343574,0,0.490620251321052,0.529650550980012,0,0,1.02027080230106
138.3,608.166498896243,NaN,394,13,NaN,0.403099987431474,0.0895427082343574,0,0.490515549997518,0.529634162677001,0,0,1.02014971267452
138.4,608.372419695821,NaN,394,13,NaN,0.403099987431474,0.0895427082343574,0,0.490410861101304,0.529617759664814,0,0,1.02002862076612
138.5,608.578316050676,NaN,394,13,NaN,0.403099987431474,0.0895427082343574,0,0.49030618463264,0.52960134193814,0,0,1.01990752657078
138.6,608.784187960348,NaN,394,13,NaN,0.403099987431474,0.0895427082343574,0,0.49020152059176,0.529584909491672,0,0,1.01978643008343
138.7,608.990035424381,NaN,394,13,NaN,0.403099987431474,0.0895427082343574,0,0.490096868978896,0.529568462320109,0,0,1.01966533129901
138.8,609.195858442315,NaN,394,13,NaN,0.403099987431474,0.0895427082343574,0,0.489992229794282,0.529552000418151,0,0,1.01954423021243
138.9,609.40165701369,NaN,394,13,NaN,0.403099987431474,0.0895427082343574,0,0.489887603038151,0.529535523780502,0,0,1.01942312681865
139,609.607431138045,NaN,394,13,NaN,0.403099987431474,0.0895427082343574,0,0.489782988710738,0.529519032401871,0,0,1.01930202111261
139.1,609.813180814918,NaN,394,13,NaN,0.403099987431474,0.0895427082343574,0,0.489678386812279,0.529502526276971,0,0,1.01918091308925
139.2,610.018906043845,NaN,394,13,NaN,0.403099987431474,0.0895427082343574,0,0.489573797343008,0.529486005400516,0,0,1.01905980274352
139.3,610.224606824362,NaN,394,13,NaN,0.403099987431474,0.0895427082343574,0,0.489469220303161,0.529469469767227,0,0,1.01893869007039
139.4,610.430283156005,NaN,394,13,NaN,0.403099987431474,0.0895427082343574,0,0.489364655692975,0.529452919371827,0,0,1.0188175750648
139.5,610.635935038307,NaN,394,13,NaN,0.403099987431474,0.0895427082343574,0,0.489260103512687,0.529436354209044,0,0,1.01869645772173
139.6,610.8415624708,NaN,394,13,NaN,0.403099987431474,0.0895427082343574,0,0.489155563762534,0.529419774273608,0,0,1.01857533803614
139.7,611.047165453018,NaN,394,13,NaN,0.403099987431474,0.0895427082343574,0,0.489051036442755,0.529403179560254,0,0,1.01845421600301
139.8,611.252743984491,NaN,394,13,NaN,0.403099987431474,0.0895427082343574,0,0.488946521553588,0.52938657006372,0,0,1.01833309161731
139.9,611.458298064748,NaN,394,13,NaN,0.403099987431474,0.0895427082343574,0,0.488842019095271,0.529369945778749,0,0,1.01821196487402
140,611.663827693319,NaN,394,13,NaN,0.403099987431474,0.0895427082343574,0,0.488737529068045,0.529353306700088,0,0,1.01809083576813
140.1,611.869332869731,NaN,394,13,NaN,0.403099987431474,0.0895427082343574,0,0.488633051472149,0.529336652822485,0,0,1.01796970429463
140.2,612.074813593512,NaN,394,13,NaN,0.403099987431474,0.0895427082343574,0,0.488528586307823,0.529319984140695,0,0,1.01784857044852
140.3,612.280269864187,NaN,394,13,NaN,0.403099987431474,0.0895427082343574,0,0.48842413357531,0.529303300649474,0,0,1.01772743422478
140.4,612.485701681281,NaN,394,13,NaN,0.403099987431474,0.0895427082343574,0,0.48831969327485,0.529286602343585,0,0,1.01760629561844
140.5,612.691109044318,NaN,394,13,NaN,0.403099987431474,0.0895427082343574,0,0.488215265406686,0.529269889217792,0,0,1.01748515462448
140.6,612.896491952822,NaN,394,13,NaN,0.403099987431474,0.0895427082343574,0,0.48811084997106,0.529253161266863,0,0,1.01736401123792
140.7,613.101850406314,NaN,394,13,NaN,0.403099987431474,0.0895427082343574,0,0.488006446968214,0.529236418485572,0,0,1.01724286545379
140.8,613.307184404314,NaN,394,13,NaN,0.403099987431474,0.0895427082343574,0,0.487902056398393,0.529219660868695,0,0,1.01712171726709
140.9,613.512493946344,NaN,394,13,NaN,0.403099987431474,0.0895427082343574,0,0.487797678261841,0.529202888411012,0,0,1.01700056667285
141,613.717779031921,NaN,394,13,NaN,0.403099987431474,0.0895427082343574,0,0.487693312558802,0.529186101107307,0,0,1.01687941366611
141.1,613.923039660564,NaN,394,13,NaN,0.403099987431474,0.0895427082343574,0,0.487588959289521,0.529169298952368,0,0,1.01675825824189
141.2,614.12827583179,NaN,394,13,NaN,0.403099987431474,0.0895427082343574,0,0.487484618454245,0.529152481940986,0,0,1.01663710039523
141.3,614.333487545115,NaN,394,13,NaN,0.403099987431474,0.0895427082343574,0,0.487380290053217,0.529135650067957,0,0,1.01651594012117
141.4,614.538674800054,NaN,394,13,NaN,0.403099987431474,0.0895427082343574,0,0.487275974086687,0.529118803328081,0,0,1.01639477741477
141.5,614.74383759612,NaN,394,13,NaN,0.403099987431474,0.0895427082343574,0,0.4871716705549,0.529101941716159,0,0,1.01627361227106
141.6,614.948975932827,NaN,394,13,NaN,0.403099987431474,0.0895427082343574,0,0.487067379458104,0.529085065227,0,0,1.0161524446851
141.7,615.154089809687,NaN,394,13,NaN,0.403099987431474,0.0895427082343574,0,0.486963100796547,0.529068173855413,0,0,1.01603127465196
141.8,615.359179226211,NaN,394,13,NaN,0.403099987431474,0.0895427082343574,0,0.486858834570479,0.529051267596214,0,0,1.01591010216669
141.9,615.564244181908,NaN,394,13,NaN,0.403099987431474,0.0895427082343574,0,0.486754580780147,0.52903434644422,0,0,1.01578892722437
142,615.769284676288,NaN,394,13,NaN,0.403099987431474,0.0895427082343574,0,0.486650339425802,0.529017410394254,0,0,1.01566774982006
142.1,615.974300708859,NaN,394,13,NaN,0.403099987431474,0.0895427082343574,0,0.486546110507694,0.529000459441142,0,0,1.01554656994884
142.2,616.179292279127,NaN,394,13,NaN,0.403099987431474,0.0895427082343574,0,0.486441894026073,0.528983493579714,0,0,1.01542538760579
142.3,616.3842593866,NaN,394,13,NaN,0.403099987431474,0.0895427082343574,0,0.48633768998119,0.528966512804804,0,0,1.01530420278599
142.4,616.589202030781,NaN,394,13,NaN,0.403099987431474,0.0895427082343574,0,0.486233498373298,0.528949517111248,0,0,1.01518301548455
142.5,616.794120211175,NaN,394,13,NaN,0.403099987431474,0.0895427082343574,0,0.486129319202647,0.528932506493889,0,0,1.01506182569654
142.6,616.999013927285,NaN,394,13,NaN,0.403099987431474,0.0895427082343574,0,0.486025152469492,0.528915480947571,0,0,1.01494063341706
142.7,617.203883178613,NaN,394,13,NaN,0.403099987431474,0.0895427082343574,0,0.485920998174085,0.528898440467145,0,0,1.01481943864123
142.8,617.40872796466,NaN,394,13,NaN,0.403099987431474,0.0895427082343574,0,0.485816856316679,0.528881385047462,0,0,1.01469824136414
142.9,617.613548284926,NaN,394,13,NaN,0.403099987431474,0.0895427082343574,0,0.48571272689753,0.528864314683379,0,0,1.01457704158091
143,617.81834413891,NaN,394,13,NaN,0.403099987431474,0.0895427082343574,0,0.485608609916891,0.528847229369758,0,0,1.01445583928665
143.1,618.023115526111,NaN,394,13,NaN,0.403099987431474,0.0895427082343574,0,0.485504505375018,0.528830129101462,0,0,1.01433463447648
143.2,618.227862446024,NaN,394,13,NaN,0.403099987431474,0.0895427082343574,0,0.485400413272166,0.52881301387336,0,0,1.01421342714553
143.3,618.432584898147,NaN,394,13,NaN,0.403099987431474,0.0895427082343574,0,0.485296333608592,0.528795883680325,0,0,1.01409221728892
143.4,618.637282881974,NaN,394,13,NaN,0.403099987431474,0.0895427082343574,0,0.485192266384552,0.528778738517233,0,0,1.01397100490178
143.5,618.841956397,NaN,394,13,NaN,0.403099987431474,0.0895427082343574,0,0.485088211600304,0.528761578378962,0,0,1.01384978997927
143.6,619.046605442718,NaN,394,13,NaN,0.403099987431474,0.0895427082343574,0,0.484984169256105,0.528744403260399,0,0,1.0137285725165
143.7,619.251230018619,NaN,394,13,NaN,0.403099987431474,0.0895427082343574,0,0.484880139352213,0.528727213156429,0,0,1.01360735250864
143.8,619.455830124195,NaN,394,13,NaN,0.403099987431474,0.0895427082343574,0,0.484776121888888,0.528710008061945,0,0,1.01348612995083
143.9,619.660405758936,NaN,394,13,NaN,0.403099987431474,0.0895427082343574,0,0.484672116866388,0.528692787971842,0,0,1.01336490483823
144,619.864956922331,NaN,394,13,NaN,0.403099987431474,0.0895427082343574,0,0.484568124284973,0.52867555288102,0,0,1.01324367716599
144.1,620.069483613868,NaN,394,13,NaN,0.403099987431474,0.0895427082343574,0,0.484464144144903,0.528658302784382,0,0,1.01312244692929
144.2,620.273985833035,NaN,394,13,NaN,0.403099987431474,0.0895427082343574,0,0.48436017644644,0.528641037676835,0,0,1.01300121412328
144.3,620.478463579317,NaN,394,13,NaN,0.403099987431474,0.0895427082343574,0,0.484256221189844,0.52862375755329,0,0,1.01287997874313
144.4,620.682916852199,NaN,394,13,NaN,0.403099987431474,0.0895427082343574,0,0.484152278375377,0.528606462408663,0,0,1.01275874078404
144.5,620.887345651167,NaN,394,13,NaN,0.403099987431474,0.0895427082343574,0,0.484048348003301,0.528589152237872,0,0,1.01263750024117
144.6,621.091749975702,NaN,394,13,NaN,0.403099987431474,0.0895427082343574,0,0.48394443007388,0.528571827035839,0,0,1.01251625710972
144.7,621.296129825287,NaN,394,13,NaN,0.403099987431474,0.0895427082343574,0,0.483840524587376,0.528554486797492,0,0,1.01239501138487
144.8,621.500485199403,NaN,394,13,NaN,0.403099987431474,0.0895427082343574,0,0.483736631544053,0.528537131517761,0,0,1.01227376306181
144.9,621.704816097531,NaN,394,13,NaN,0.403099987431474,0.0895427082343574,0,0.483632750944175,0.528519761191581,0,0,1.01215251213576
145,621.909122519149,NaN,394,13,NaN,0.403099987431474,0.0895427082343574,0,0.483528882788008,0.528502375813889,0,0,1.0120312586019
145.1,622.113404463736,NaN,394,13,NaN,0.403099987431474,0.0895427082343574,0,0.483425027075816,0.528484975379629,0,0,1.01191000245545
145.2,622.317661930769,NaN,394,13,NaN,0.403099987431474,0.0895427082343574,0,0.483321183807866,0.528467559883747,0,0,1.01178874369161
145.3,622.521894919723,NaN,394,13,NaN,0.403099987431474,0.0895427082343574,0,0.483217352984423,0.528450129321192,0,0,1.01166748230562
145.4,622.726103430075,NaN,394,13,NaN,0.403099987431474,0.0895427082343574,0,0.483113534605755,0.528432683686919,0,0,1.01154621829267
145.5,622.930287461299,NaN,394,13,NaN,0.403099987431474,0.0895427082343574,0,0.483009728672128,0.528415222975886,0,0,1.01142495164801
145.6,623.134447012867,NaN,394,13,NaN,0.403099987431474,0.0895427082343574,0,0.482905935183811,0.528397747183055,0,0,1.01130368236687
145.7,623.338582084252,NaN,394,13,NaN,0.403099987431474,0.0895427082343574,0,0.482802154141072,0.528380256303391,0,0,1.01118241044446
145.8,623.542692674925,NaN,394,13,NaN,0.403099987431474,0.0895427082343574,0,0.482698385544179,0.528362750331865,0,0,1.01106113587604
145.9,623.746778784356,NaN,394,13,NaN,0.403099987431474,0.0895427082343574,0,0.482594629393403,0.52834522926345,0,0,1.01093985865685
146,623.950840412015,NaN,394,13,NaN,0.403099987431474,0.0895427082343574,0,0.482490885689013,0.528327693093124,0,0,1.01081857878214
146.1,624.15487755737,NaN,394,13,NaN,0.403099987431474,0.0895427082343574,0,0.482387154431279,0.528310141815869,0,0,1.01069729624715
146.2,624.358890219887,NaN,394,13,NaN,0.403099987431474,0.0895427082343574,0,0.482283435620471,0.528292575426669,0,0,1.01057601104714
146.3,624.562878399034,NaN,394,13,NaN,0.403099987431474,0.0895427082343574,0,0.482179729256863,0.528274993920515,0,0,1.01045472317738
146.4,624.766842094276,NaN,394,13,NaN,0.403099987431474,0.0895427082343574,0,0.482076035340725,0.528257397292401,0,0,1.01033343263313
146.5,624.970781305076,NaN,394,13,NaN,0.403099987431474,0.0895427082343574,0,0.481972353872329,0.528239785537322,0,0,1.01021213940965
146.6,625.174696030898,NaN,394,13,NaN,0.403099987431474,0.0895427082343574,0,0.481868684851949,0.528222158650282,0,0,1.01009084350223
146.7,625.378586271204,NaN,394,13,NaN,0.403099987431474,0.0895427082343574,0,0.481765028279858,0.528204516626284,0,0,1.00996954490614
146.8,625.582452025455,NaN,394,13,NaN,0.403099987431474,0.0895427082343574,0,0.48166138415633,0.52818685946034,0,0,1.00984824361667
146.9,625.786293293113,NaN,394,13,NaN,0.403099987431474,0.0895427082343574,0,0.481557752481639,0.528169187147461,0,0,1.0097269396291
147,625.990110073636,NaN,394,13,NaN,0.403099987431474,0.0895427082343574,0,0.481454133256061,0.528151499682664,0,0,1.00960563293872
147.1,626.193902366482,NaN,394,13,NaN,0.403099987431474,0.0895427082343574,0,0.481350526479869,0.528133797060972,0,0,1.00948432354084
147.2,626.397670171108,NaN,394,13,NaN,0.403099987431474,0.0895427082343574,0,0.481246932153342,0.528116079277409,0,0,1.00936301143075
147.3,626.601413486972,NaN,394,13,NaN,0.403099987431474,0.0895427082343574,0,0.481143350276754,0.528098346327005,0,0,1.00924169660376
147.4,626.805132313527,NaN,394,13,NaN,0.403099987431474,0.0895427082343574,0,0.481039780850383,0.528080598204792,0,0,1.00912037905518
147.5,627.00882665023,NaN,394,13,NaN,0.403099987431474,0.0895427082343574,0,0.480936223874506,0.528062834905808,0,0,1.00899905878031
147.6,627.212496496532,NaN,394,13,NaN,0.403099987431474,0.0895427082343574,0,0.480832679349402,0.528045056425093,0,0,1.00887773577449
147.7,627.416141851886,NaN,394,13,NaN,0.403099987431474,0.0895427082343574,0,0.480729147275348,0.528027262757693,0,0,1.00875641003304
147.8,627.619762715744,NaN,394,13,NaN,0.403099987431474,0.0895427082343574,0,0.480625627652623,0.528009453898657,0,0,1.00863508155128
147.9,627.823359087555,NaN,394,13,NaN,0.403099987431474,0.0895427082343574,0,0.480522120481508,0.527991629843038,0,0,1.00851375032455
148,628.02693096677,NaN,394,13,NaN,0.403099987431474,0.0895427082343574,0,0.480418625762281,0.527973790585892,0,0,1.00839241634817
148.1,628.230478352836,NaN,394,13,NaN,0.403099987431474,0.0895427082343574,0,0.480315143495224,0.527955936122282,0,0,1.00827107961751
148.2,628.434001245201,NaN,394,13,NaN,0.403099987431474,0.0895427082343574,0,0.480211673680618,0.527938066447271,0,0,1.00814974012789
148.3,628.637499643311,NaN,394,13,NaN,0.403099987431474,0.0895427082343574,0,0.480108216318743,0.527920181555929,0,0,1.00802839787467
148.4,628.840973546612,NaN,394,13,NaN,0.403099987431474,0.0895427082343574,0,0.480004771409882,0.527902281443329,0,0,1.00790705285321
148.5,629.044422954547,NaN,394,13,NaN,0.403099987431474,0.0895427082343574,0,0.479901338954317,0.527884366104547,0,0,1.00778570505886
148.6,629.247847866561,NaN,394,13,NaN,0.403099987431474,0.0895427082343574,0,0.479797918952332,0.527866435534666,0,0,1.007664354487
148.7,629.451248282095,NaN,394,13,NaN,0.403099987431474,0.0895427082343574,0,0.47969451140421,0.527848489728769,0,0,1.00754300113298
148.8,629.654624200592,NaN,394,13,NaN,0.403099987431474,0.0895427082343574,0,0.479591116310234,0.527830528681947,0,0,1.00742164499218
148.9,629.857975621491,NaN,394,13,NaN,0.403099987431474,0.0895427082343574,0,0.479487733670689,0.527812552389291,0,0,1.00730028605998
149,630.061302544231,NaN,394,13,NaN,0.403099987431474,0.0895427082343574,0,0.479384363485861,0.5277945608459,0,0,1.00717892433176
149.1,630.264604968252,NaN,394,13,NaN,0.403099987431474,0.0895427082343574,0,0.479281005756035,0.527776554046874,0,0,1.00705755980291
149.2,630.46788289299,NaN,394,13,NaN,0.403099987431474,0.0895427082343574,0,0.479177660481497,0.527758531987318,0,0,1.00693619246881
149.3,630.671136317882,NaN,394,13,NaN,0.403099987431474,0.0895427082343574,0,0.479074327662533,0.527740494662342,0,0,1.00681482232487
149.4,630.874365242364,NaN,394,13,NaN,0.403099987431474,0.0895427082343574,0,0.478971007299431,0.527722442067058,0,0,1.00669344936649
149.5,631.077569665869,NaN,394,13,NaN,0.403099987431474,0.0895427082343574,0,0.478867699392477,0.527704374196585,0,0,1.00657207358906
149.6,631.280749587832,NaN,394,13,NaN,0.403099987431474,0.0895427082343574,0,0.478764403941961,0.527686291046042,0,0,1.006450694988
149.7,631.483905007684,NaN,394,13,NaN,0.403099987431474,0.0895427082343574,0,0.47866112094817,0.527668192610556,0,0,1.00632931355873
149.8,631.687035924857,NaN,394,13,NaN,0.403099987431474,0.0895427082343574,0,0.478557850411393,0.527650078885255,0,0,1.00620792929665
149.9,631.890142338782,NaN,394,13,NaN,0.403099987431474,0.0895427082343574,0,0.478454592331921,0.527631949865274,0,0,1.0060865421972
150,632.093224248887,NaN,394,13,NaN,0.403099987431474,0.0895427082343574,0,0.478351346710044,0.527613805545749,0,0,1.00596515225579
150.1,632.296281654602,NaN,394,13,NaN,0.403099987431474,0.0895427082343574,0,0.478248113546051,0.527595645921822,0,0,1.00584375946787
150.2,632.499314555354,NaN,394,13,NaN,0.403099987431474,0.0895427082343574,0,0.478144892840234,0.527577470988639,0,0,1.00572236382887
150.3,632.702322950569,NaN,394,13,NaN,0.403099987431474,0.0895427082343574,0,0.478041684592884,0.527559280741348,0,0,1.00560096533423
150.4,632.905306839673,NaN,394,13,NaN,0.403099987431474,0.0895427082343574,0,0.477938488804294,0.527541075175105,0,0,1.0054795639794
150.5,633.10826622209,NaN,394,13,NaN,0.403099987431474,0.0895427082343574,0,0.477835305474757,0.527522854285065,0,0,1.00535815975982
150.6,633.311201097243,NaN,394,13,NaN,0.403099987431474,0.0895427082343574,0,0.477732134604564,0.527504618066391,0,0,1.00523675267096
150.7,633.514111464556,NaN,394,13,NaN,0.403099987431474,0.0895427082343574,0,0.477628976194011,0.52748636651425,0,0,1.00511534270826
150.8,633.71699732345,NaN,394,13,NaN,0.403099987431474,0.0895427082343574,0,0.47752583024339,0.527468099623809,0,0,1.0049939298672
150.9,633.919858673344,NaN,394,13,NaN,0.403099987431474,0.0895427082343574,0,0.477422696752997,0.527449817390245,0,0,1.00487251414324
151,634.122695513659,NaN,394,13,NaN,0.403099987431474,0.0895427082343574,0,0.477319575723127,0.527431519808733,0,0,1.00475109553186
151.1,634.325507843813,NaN,394,13,NaN,0.403099987431474,0.0895427082343574,0,0.477216467154076,0.527413206874458,0,0,1.00462967402853
151.2,634.528295663224,NaN,394,13,NaN,0.403099987431474,0.0895427082343574,0,0.477113371046139,0.527394878582604,0,0,1.00450824962874
151.3,634.731058971308,NaN,394,13,NaN,0.403099987431474,0.0895427082343574,0,0.477010287399613,0.527376534928362,0,0,1.00438682232797
151.4,634.933797767481,NaN,394,13,NaN,0.403099987431474,0.0895427082343574,0,0.476907216214795,0.527358175906926,0,0,1.00426539212172
151.5,635.136512051157,NaN,394,13,NaN,0.403099987431474,0.0895427082343574,0,0.476804157491984,0.527339801513495,0,0,1.00414395900548
151.6,635.339201821749,NaN,394,13,NaN,0.403099987431474,0.0895427082343574,0,0.476701111231476,0.527321411743271,0,0,1.00402252297475
151.7,635.541867078671,NaN,394,13,NaN,0.403099987431474,0.0895427082343574,0,0.476598077433571,0.527303006591461,0,0,1.00390108402503
151.8,635.744507821334,NaN,394,13,NaN,0.403099987431474,0.0895427082343574,0,0.476495056098569,0.527284586053275,0,0,1.00377964215184
151.9,635.947124049147,NaN,394,13,NaN,0.403099987431474,0.0895427082343574,0,0.476392047226768,0.527266150123927,0,0,1.0036581973507
152,636.149715761522,NaN,394,13,NaN,0.403099987431474,0.0895427082343574,0,0.476289050818469,0.527247698798638,0,0,1.00353674961711
152.1,636.352282957866,NaN,394,13,NaN,0.403099987431474,0.0895427082343574,0,0.476186066873972,0.527229232072629,0,0,1.0034152989466
152.2,636.554825637587,NaN,394,13,NaN,0.403099987431474,0.0895427082343574,0,0.476083095393579,0.527210749941128,0,0,1.00329384533471
152.3,636.757343800092,NaN,394,13,NaN,0.403099987431474,0.0895427082343574,0,0.475980136377591,0.527192252399366,0,0,1.00317238877696
152.4,636.959837444785,NaN,394,13,NaN,0.403099987431474,0.0895427082343574,0,0.475877189826312,0.527173739442578,0,0,1.00305092926889
152.5,637.162306571073,NaN,394,13,NaN,0.403099987431474,0.0895427082343574,0,0.475774255740042,0.527155211066003,0,0,1.00292946680605
152.6,637.364751178357,NaN,394,13,NaN,0.403099987431474,0.0895427082343574,0,0.475671334119086,0.527136667264885,0,0,1.00280800138397
152.7,637.567171266042,NaN,394,13,NaN,0.403099987431474,0.0895427082343574,0,0.475568424963747,0.527118108034472,0,0,1.00268653299822
152.8,637.769566833528,NaN,394,13,NaN,0.403099987431474,0.0895427082343574,0,0.47546552827433,0.527099533370015,0,0,1.00256506164434
152.9,637.971937880215,NaN,394,13,NaN,0.403099987431474,0.0895427082343574,0,0.475362644051139,0.52708094326677,0,0,1.00244358731791
153,638.174284405505,NaN,394,13,NaN,0.403099987431474,0.0895427082343574,0,0.47525977229448,0.527062337719996,0,0,1.00232211001448
153.1,638.376606408795,NaN,394,13,NaN,0.403099987431474,0.0895427082343574,0,0.475156913004658,0.527043716724959,0,0,1.00220062972962
153.2,638.578903889482,NaN,394,13,NaN,0.403099987431474,0.0895427082343574,0,0.475054066181979,0.527025080276925,0,0,1.0020791464589
153.3,638.781176846964,NaN,394,13,NaN,0.403099987431474,0.0895427082343574,0,0.47495123182675,0.527006428371168,0,0,1.00195766019792
153.4,638.983425280636,NaN,394,13,NaN,0.403099987431474,0.0895427082343574,0,0.474848409939279,0.526987761002964,0,0,1.00183617094224
153.5,639.185649189893,NaN,394,13,NaN,0.403099987431474,0.0895427082343574,0,0.474745600519873,0.526969078167593,0,0,1.00171467868747
153.6,639.387848574128,NaN,394,13,NaN,0.403099987431474,0.0895427082343574,0,0.474642803568841,0.52695037986034,0,0,1.00159318342918
153.7,639.590023432735,NaN,394,13,NaN,0.403099987431474,0.0895427082343574,0,0.474540019086491,0.526931666076494,0,0,1.00147168516299
153.8,639.792173765104,NaN,394,13,NaN,0.403099987431474,0.0895427082343574,0,0.474437247073132,0.526912936811348,0,0,1.00135018388448
153.9,639.994299570626,NaN,394,13,NaN,0.403099987431474,0.0895427082343574,0,0.474334487529075,0.526894192060199,0,0,1.00122867958927
154,640.196400848691,NaN,394,13,NaN,0.403099987431474,0.0895427082343574,0,0.47423174045463,0.526875431818349,0,0,1.00110717227298
154.1,640.398477598687,NaN,394,13,NaN,0.403099987431474,0.0895427082343574,0,0.474129005850107,0.526856656081102,0,0,1.00098566193121
154.2,640.600529820003,NaN,394,13,NaN,0.403099987431474,0.0895427082343574,0,0.474026283715818,0.526837864843768,0,0,1.00086414855959
154.3,640.802557512025,NaN,394,13,NaN,0.403099987431474,0.0895427082343574,0,0.473923574052075,0.526819058101661,0,0,1.00074263215374
154.4,641.004560674139,NaN,394,13,NaN,0.403099987431474,0.0895427082343574,0,0.473820876859189,0.526800235850099,0,0,1.00062111270929
154.5,641.206539305729,NaN,394,13,NaN,0.403099987431474,0.0895427082343574,0,0.473718192137474,0.526781398084404,0,0,1.00049959022188
154.6,641.408493406179,NaN,394,13,NaN,0.403099987431474,0.0895427082343574,0,0.473615519887243,0.526762544799902,0,0,1.00037806468715
154.7,641.610422974871,NaN,394,13,NaN,0.403099987431474,0.0895427082343574,0,0.47351286010881,0.526743675991924,0,0,1.00025653610073
154.8,641.812328011188,NaN,394,13,NaN,0.403099987431474,0.0895427082343574,0,0.47341021280249,0.526724791655804,0,0,1.00013500445829
154.9,642.01420851451,NaN,394,13,NaN,0.403099987431474,0.0895427082343574,0,0.473307577968596,0.52670589178688,0,0,1.00001346975548
155,642.216064484217,NaN,394,13,NaN,0.403099987431474,0.0895427082343574,0,0.473204955607445,0.526686976380496,0,0,0.999891931987941
155.1,642.417895919687,NaN,394,13,NaN,0.403099987431474,0.0895427082343574,0,0.473102345719352,0.526668045431999,0,0,0.999770391151351
155.2,642.619702820298,NaN,394,13,NaN,0.403099987431474,0.0895427082343574,0,0.472999748304634,0.526649098936739,0,0,0.999648847241373
155.3,642.821485185428,NaN,394,13,NaN,0.403099987431474,0.0895427082343574,0,0.472897163363607,0.526630136890073,0,0,0.999527300253681
155.4,643.023243014451,NaN,394,13,NaN,0.403099987431474,0.0895427082343574,0,0.472794590896589,0.52661115928736,0,0,0.99940575018395
155.5,643.224976306743,NaN,394,13,NaN,0.403099987431474,0.0895427082343574,0,0.472692030903898,0.526592166123963,0,0,0.999284197027862
155.6,643.426685061676,NaN,394,13,NaN,0.403099987431474,0.0895427082343574,0,0.472589483385853,0.526573157395251,0,0,0.999162640781104
155.7,643.628369278625,NaN,394,13,NaN,0.403099987431474,0.0895427082343574,0,0.472486948342771,0.526554133096596,0,0,0.999041081439367
155.8,643.83002895696,NaN,394,13,NaN,0.403099987431474,0.0895427082343574,0,0.472384425774973,0.526535093223374,0,0,0.998919518998346
155.9,644.031664096053,NaN,394,13,NaN,0.403099987431474,0.0895427082343574,0,0.472281915682778,0.526516037770965,0,0,0.998797953453743
156,644.233274695273,NaN,394,13,NaN,0.403099987431474,0.0895427082343574,0,0.472179418066507,0.526496966734755,0,0,0.998676384801262
156.1,644.434860753989,NaN,394,13,NaN,0.403099987431474,0.0895427082343574,0,0.47207693292648,0.526477880110132,0,0,0.998554813036612
156.2,644.636422271569,NaN,394,13,NaN,0.403099987431474,0.0895427082343574,0,0.47197446026302,0.52645877789249,0,0,0.998433238155509
156.3,644.837959247379,NaN,394,13,NaN,0.403099987431474,0.0895427082343574,0,0.471872000076447,0.526439660077225,0,0,0.998311660153672
156.4,645.039471680785,NaN,394,13,NaN,0.403099987431474,0.0895427082343574,0,0.471769552367085,0.526420526659739,0,0,0.998190079026825
156.5,645.240959571153,NaN,394,13,NaN,0.403099987431474,0.0895427082343574,0,0.471667117135257,0.526401377635439,0,0,0.998068494770696
156.6,645.442422917845,NaN,394,13,NaN,0.403099987431474,0.0895427082343574,0,0.471564694381285,0.526382212999733,0,0,0.997946907381019
156.7,645.643861720225,NaN,394,13,NaN,0.403099987431474,0.0895427082343574,0,0.471462284105494,0.526363032748037,0,0,0.997825316853531
156.8,645.845275977655,NaN,394,13,NaN,0.403099987431474,0.0895427082343574,0,0.471359886308209,0.526343836875769,0,0,0.997703723183977
156.9,646.046665689495,NaN,394,13,NaN,0.403099987431474,0.0895427082343574,0,0.471257500989753,0.52632462537835,0,0,0.997582126368103
157,646.248030855105,NaN,394,13,NaN,0.403099987431474,0.0895427082343574,0,0.471155128150453,0.526305398251209,0,0,0.997460526401662
157.1,646.449371473844,NaN,394,13,NaN,0.403099987431474,0.0895427082343574,0,0.471052767790635,0.526286155489775,0,0,0.997338923280411
157.2,646.650687545069,NaN,394,13,NaN,0.403099987431474,0.0895427082343574,0,0.470950419910625,0.526266897089486,0,0,0.997217317000111
157.3,646.851979068139,NaN,394,13,NaN,0.403099987431474,0.0895427082343574,0,0.47084808451075,0.526247623045779,0,0,0.997095707556529
157.4,647.053246042408,NaN,394,13,NaN,0.403099987431474,0.0895427082343574,0,0.470745761591338,0.526228333354098,0,0,0.996974094945436
157.5,647.254488467231,NaN,394,13,NaN,0.403099987431474,0.0895427082343574,0,0.470643451152716,0.526209028009892,0,0,0.996852479162609
157.6,647.455706341962,NaN,394,13,NaN,0.403099987431474,0.0895427082343574,0,0.470541153195213,0.526189707008614,0,0,0.996730860203827
157.7,647.656899665954,NaN,394,13,NaN,0.403099987431474,0.0895427082343574,0,0.470438867719159,0.526170370345718,0,0,0.996609238064877
157.8,647.858068438559,NaN,394,13,NaN,0.403099987431474,0.0895427082343574,0,0.470336594724882,0.526151018016666,0,0,0.996487612741548
157.9,648.059212659128,NaN,394,13,NaN,0.403099987431474,0.0895427082343574,0,0.470234334212712,0.526131650016924,0,0,0.996365984229636
158,648.26033232701,NaN,394,13,NaN,0.403099987431474,0.0895427082343574,0,0.470132086182981,0.52611226634196,0,0,0.99624435252494
158.1,648.461427441555,NaN,394,13,NaN,0.403099987431474,0.0895427082343574,0,0.470029850636019,0.526092866987247,0,0,0.996122717623265
158.2,648.66249800211,NaN,394,13,NaN,0.403099987431474,0.0895427082343574,0,0.469927627572157,0.526073451948263,0,0,0.99600107952042
158.3,648.863544008023,NaN,394,13,NaN,0.403099987431474,0.0895427082343574,0,0.469825416991729,0.526054021220491,0,0,0.995879438212219
158.4,649.064565458638,NaN,394,13,NaN,0.403099987431474,0.0895427082343574,0,0.469723218895065,0.526034574799416,0,0,0.995757793694481
158.5,649.265562353302,NaN,394,13,NaN,0.403099987431474,0.0895427082343574,0,0.4696210332825,0.526015112680529,0,0,0.995636145963029
158.6,649.466534691357,NaN,394,13,NaN,0.403099987431474,0.0895427082343574,0,0.469518860154366,0.525995634859325,0,0,0.995514495013691
158.7,649.667482472148,NaN,394,13,NaN,0.403099987431474,0.0895427082343574,0,0.469416699510999,0.525976141331302,0,0,0.995392840842301
158.8,649.868405695015,NaN,394,13,NaN,0.403099987431474,0.0895427082343574,0,0.469314551352732,0.525956632091964,0,0,0.995271183444697
158.9,650.0693043593,NaN,394,13,NaN,0.403099987431474,0.0895427082343574,0,0.469212415679901,0.525937107136819,0,0,0.99514952281672
159,650.270178464342,NaN,394,13,NaN,0.403099987431474,0.0895427082343574,0,0.469110292492841,0.525917566461378,0,0,0.995027858954218
159.1,650.471028009481,NaN,394,13,NaN,0.403099987431474,0.0895427082343574,0,0.469008181791888,0.525898010061157,0,0,0.994906191853044
159.2,650.671852994054,NaN,394,13,NaN,0.403099987431474,0.0895427082343574,0,0.468906083577379,0.525878437931676,0,0,0.994784521509055
159.3,650.872653417399,NaN,394,13,NaN,0.403099987431474,0.0895427082343574,0,0.46880399784965,0.525858850068461,0,0,0.994662847918111
159.4,651.073429278851,NaN,394,13,NaN,0.403099987431474,0.0895427082343574,0,0.468701924609041,0.52583924646704,0,0,0.994541171076081
159.5,651.274180577746,NaN,394,13,NaN,0.403099987431474,0.0895427082343574,0,0.468599863855888,0.525819627122946,0,0,0.994419490978834
159.6,651.474907313417,NaN,394,13,NaN,0.403099987431474,0.0895427082343574,0,0.46849781559053,0.525799992031717,0,0,0.994297807622247
159.7,651.675609485197,NaN,394,13,NaN,0.403099987431474,0.0895427082343574,0,0.468395779813307,0.525780341188895,0,0,0.994176121002202
159.8,651.876287092418,NaN,394,13,NaN,0.403099987431474,0.0895427082343574,0,0.468293756524557,0.525760674590025,0,0,0.994054431114582
159.9,652.076940134411,NaN,394,13,NaN,0.403099987431474,0.0895427082343574,0,0.468191745724622,0.525740992230659,0,0,0.99393273795528
160,652.277568610507,NaN,394,13,NaN,0.403099987431474,0.0895427082343574,0,0.468089747413841,0.525721294106349,0,0,0.993811041520191
160.1,652.478172520033,NaN,394,13,NaN,0.403099987431474,0.0895427082343574,0,0.467987761592556,0.525701580212657,0,0,0.993689341805213
160.2,652.678751862319,NaN,394,13,NaN,0.403099987431474,0.0895427082343574,0,0.467885788261109,0.525681850545144,0,0,0.993567638806253
160.3,652.879306636691,NaN,394,13,NaN,0.403099987431474,0.0895427082343574,0,0.467783827419841,0.525662105099379,0,0,0.99344593251922
160.4,653.079836842475,NaN,394,13,NaN,0.403099987431474,0.0895427082343574,0,0.467681879069096,0.525642343870932,0,0,0.993324222940029
160.5,653.280342478996,NaN,394,13,NaN,0.403099987431474,0.0895427082343574,0,0.467579943209217,0.525622566855382,0,0,0.993202510064598
160.6,653.480823545578,NaN,394,13,NaN,0.403099987431474,0.0895427082343574,0,0.467478019840546,0.525602774048306,0,0,0.993080793888852
160.7,653.681280041545,NaN,394,13,NaN,0.403099987431474,0.0895427082343574,0,0.467376108963429,0.525582965445292,0,0,0.992959074408721
160.8,653.881711966217,NaN,394,13,NaN,0.403099987431474,0.0895427082343574,0,0.46727421057821,0.525563141041927,0,0,0.992837351620137
160.9,654.082119318917,NaN,394,13,NaN,0.403099987431474,0.0895427082343574,0,0.467172324685234,0.525543300833806,0,0,0.992715625519039
161,654.282502098964,NaN,394,13,NaN,0.403099987431474,0.0895427082343574,0,0.467070451284847,0.525523444816525,0,0,0.992593896101372
161.1,654.482860305677,NaN,394,13,NaN,0.403099987431474,0.0895427082343574,0,0.466968590377395,0.525503572985687,0,0,0.992472163363082
161.2,654.683193938375,NaN,394,13,NaN,0.403099987431474,0.0895427082343574,0,0.466866741963224,0.525483685336899,0,0,0.992350427300123
161.3,654.883502996374,NaN,394,13,NaN,0.403099987431474,0.0895427082343574,0,0.466764906042683,0.52546378186577,0,0,0.992228687908454
161.4,655.08378747899,NaN,394,13,NaN,0.403099987431474,0.0895427082343574,0,0.466663082616119,0.525443862567917,0,0,0.992106945184036
161.5,655.284047385539,NaN,394,13,NaN,0.403099987431474,0.0895427082343574,0,0.466561271683879,0.525423927438958,0,0,0.991985199122837
161.6,655.484282715335,NaN,394,13,NaN,0.403099987431474,0.0895427082343574,0,0.466459473246313,0.525403976474517,0,0,0.991863449720831
161.7,655.68449346769,NaN,394,13,NaN,0.403099987431474,0.0895427082343574,0,0.466357687303771,0.525384009670223,0,0,0.991741696973994
161.8,655.884679641917,NaN,394,13,NaN,0.403099987431474,0.0895427082343574,0,0.4662559138566,0.525364027021707,0,0,0.991619940878307
161.9,656.084841237326,NaN,394,13,NaN,0.403099987431474,0.0895427082343574,0,0.466154152905153,0.525344028524606,0,0,0.991498181429759
162,656.284978253229,NaN,394,13,NaN,0.403099987431474,0.0895427082343574,0,0.466052404449779,0.525324014174562,0,0,0.991376418624341
162.1,656.485090688933,NaN,394,13,NaN,0.403099987431474,0.0895427082343574,0,0.46595066849083,0.52530398396722,0,0,0.99125465245805
162.2,656.685178543747,NaN,394,13,NaN,0.403099987431474,0.0895427082343574,0,0.465848945028658,0.525283937898229,0,0,0.991132882926887
162.3,656.885241816979,NaN,394,13,NaN,0.403099987431474,0.0895427082343574,0,0.465747234063614,0.525263875963245,0,0,0.991011110026859
162.4,657.085280507934,NaN,394,13,NaN,0.403099987431474,0.0895427082343574,0,0.465645535596053,0.525243798157924,0,0,0.990889333753976
162.5,657.285294615917,NaN,394,13,NaN,0.403099987431474,0.0895427082343574,0,0.465543849626326,0.52522370447793,0,0,0.990767554104256
162.6,657.485284140233,NaN,394,13,NaN,0.403099987431474,0.0895427082343574,0,0.465442176154788,0.525203594918931,0,0,0.990645771073718
162.7,657.685249080184,NaN,394,13,NaN,0.403099987431474,0.0895427082343574,0,0.465340515181792,0.525183469476597,0,0,0.99052398465839
162.8,657.885189435073,NaN,394,13,NaN,0.403099987431474,0.0895427082343574,0,0.465238866707695,0.525163328146605,0,0,0.990402194854301
162.9,658.085105204201,NaN,394,13,NaN,0.403099987431474,0.0895427082343574,0,0.465137230732851,0.525143170924636,0,0,0.990280401657487
163,658.284996386868,NaN,394,13,NaN,0.403099987431474,0.0895427082343574,0,0.465035607257616,0.525122997806373,0,0,0.990158605063988
163.1,658.484862982373,NaN,394,13,NaN,0.403099987431474,0.0895427082343574,0,0.464933996282346,0.525102808787505,0,0,0.990036805069851
163.2,658.684704990015,NaN,394,13,NaN,0.403099987431474,0.0895427082343574,0,0.464832397807398,0.525082603863727,0,0,0.989915001671124
163.3,658.88452240909,NaN,394,13,NaN,0.403099987431474,0.0895427082343574,0,0.464730811833129,0.525062383030735,0,0,0.989793194863864
163.4,659.084315238895,NaN,394,13,NaN,0.403099987431474,0.0895427082343574,0,0.464629238359898,0.525042146284233,0,0,0.98967138464413
163.5,659.284083478724,NaN,394,13,NaN,0.403099987431474,0.0895427082343574,0,0.464527677388062,0.525021893619926,0,0,0.989549571007988
163.6,659.483827127872,NaN,394,13,NaN,0.403099987431474,0.0895427082343574,0,0.46442612891798,0.525001625033526,0,0,0.989427753951506
163.7,659.683546185633,NaN,394,13,NaN,0.403099987431474,0.0895427082343574,0,0.464324592950012,0.524981340520747,0,0,0.989305933470759
163.8,659.883240651298,NaN,394,13,NaN,0.403099987431474,0.0895427082343574,0,0.464223069484518,0.52496104007731,0,0,0.989184109561828
163.9,660.082910524159,NaN,394,13,NaN,0.403099987431474,0.0895427082343574,0,0.464121558521857,0.524940723698939,0,0,0.989062282220796
164,660.282555803505,NaN,394,13,NaN,0.403099987431474,0.0895427082343574,0,0.464020060062392,0.524920391381361,0,0,0.988940451443753
164.1,660.482176488626,NaN,394,13,NaN,0.403099987431474,0.0895427082343574,0,0.463918574106482,0.524900043120311,0,0,0.988818617226793
164.2,660.68177257881,NaN,394,13,NaN,0.403099987431474,0.0895427082343574,0,0.46381710065449,0.524879678911525,0,0,0.988696779566015
164.3,660.881344073345,NaN,394,13,NaN,0.403099987431474,0.0895427082343574,0,0.463715639706779,0.524859298750744,0,0,0.988574938457524
164.4,661.080890971516,NaN,394,13,NaN,0.403099987431474,0.0895427082343574,0,0.463614191263711,0.524838902633716,0,0,0.988453093897427
164.5,661.280413272609,NaN,394,13,NaN,0.403099987431474,0.0895427082343574,0,0.46351275532565,0.52481849055619,0,0,0.98833124588184
164.6,661.479910975908,NaN,394,13,NaN,0.403099987431474,0.0895427082343574,0,0.463411331892959,0.524798062513921,0,0,0.988209394406881
164.7,661.679384080697,NaN,394,13,NaN,0.403099987431474,0.0895427082343574,0,0.463309920966003,0.524777618502669,0,0,0.988087539468673
164.8,661.878832586257,NaN,394,13,NaN,0.403099987431474,0.0895427082343574,0,0.463208522545147,0.524757158518197,0,0,0.987965681063345
164.9,662.078256491869,NaN,394,13,NaN,0.403099987431474,0.0895427082343574,0,0.463107136630757,0.524736682556274,0,0,0.987843819187031
165,662.277655796814,NaN,394,13,NaN,0.403099987431474,0.0895427082343574,0,0.463005763223197,0.524716190612672,0,0,0.987721953835869
165.1,662.477030500372,NaN,394,13,NaN,0.403099987431474,0.0895427082343574,0,0.462904402322835,0.524695682683167,0,0,0.987600085006003
165.2,662.67638060182,NaN,394,13,NaN,0.403099987431474,0.0895427082343574,0,0.462803053930038,0.524675158763542,0,0,0.98747821269358
165.3,662.875706100436,NaN,394,13,NaN,0.403099987431474,0.0895427082343574,0,0.462701718045173,0.524654618849582,0,0,0.987356336894755
165.4,663.075006995496,NaN,394,13,NaN,0.403099987431474,0.0895427082343574,0,0.462600394668607,0.524634062937078,0,0,0.987234457605685
165.5,663.274283286276,NaN,394,13,NaN,0.403099987431474,0.0895427082343574,0,0.46249908380071,0.524613491021823,0,0,0.987112574822533
165.6,663.473534972048,NaN,394,13,NaN,0.403099987431474,0.0895427082343574,0,0.46239778544185,0.524592903099617,0,0,0.986990688541467
165.7,663.672762053106,NaN,394,13,NaN,0.403099987431474,0.0895427082343574,0,0.46229649959188,0.524572299166159,0,0,0.986868798758039
165.8,663.871964529732,NaN,394,13,NaN,0.403099987431474,0.0895427082343574,0,0.462195226250654,0.524551679217151,0,0,0.986746905467805
165.9,664.07114240119,NaN,394,13,NaN,0.403099987431474,0.0895427082343574,0,0.462093965418548,0.524531043248406,0,0,0.986625008666954
166,664.270295666745,NaN,394,13,NaN,0.403099987431474,0.0895427082343574,0,0.461992717095935,0.52451039125574,0,0,0.986503108351675
166.1,664.469424325659,NaN,394,13,NaN,0.403099987431474,0.0895427082343574,0,0.46189148128319,0.524489723234976,0,0,0.986381204518166
166.2,664.668528377195,NaN,394,13,NaN,0.403099987431474,0.0895427082343574,0,0.461790257980689,0.524469039181938,0,0,0.986259297162627
166.3,664.867607820614,NaN,394,13,NaN,0.403099987431474,0.0895427082343574,0,0.461689047188806,0.524448339092458,0,0,0.986137386281263
166.4,665.066662655179,NaN,394,13,NaN,0.403099987431474,0.0895427082343574,0,0.461587848907916,0.524427622962369,0,0,0.986015471870285
166.5,665.26569288015,NaN,394,13,NaN,0.403099987431474,0.0895427082343574,0,0.461486663138397,0.52440689078751,0,0,0.985893553925907
166.6,665.464698494787,NaN,394,13,NaN,0.403099987431474,0.0895427082343574,0,0.461385489880622,0.524386142563726,0,0,0.985771632444349
166.7,665.66367949835,NaN,394,13,NaN,0.403099987431474,0.0895427082343574,0,0.46128432913497,0.524365378286863,0,0,0.985649707421833
166.8,665.8626358901,NaN,394,13,NaN,0.403099987431474,0.0895427082343574,0,0.461183180901816,0.524344597952775,0,0,0.985527778854591
166.9,666.061567669294,NaN,394,13,NaN,0.403099987431474,0.0895427082343574,0,0.461082045181537,0.524323801557317,0,0,0.985405846738854
167,666.260474835191,NaN,394,13,NaN,0.403099987431474,0.0895427082343574,0,0.46098092197451,0.52430298909635,0,0,0.98528391107086
167.1,666.459357387049,NaN,394,13,NaN,0.403099987431474,0.0895427082343574,0,0.460879811281113,0.524282160565741,0,0,0.985161971846854
167.2,666.658215324126,NaN,394,13,NaN,0.403099987431474,0.0895427082343574,0,0.460778713101723,0.524261315961358,0,0,0.98504002906308
167.3,666.857048645677,NaN,394,13,NaN,0.403099987431474,0.0895427082343574,0,0.460677627436717,0.524240455279076,0,0,0.984918082715793
167.4,667.05585735096,NaN,394,13,NaN,0.403099987431474,0.0895427082343574,0,0.460576554286475,0.524219578514774,0,0,0.984796132801249
167.5,667.25464143923,NaN,394,13,NaN,0.403099987431474,0.0895427082343574,0,0.460475493651373,0.524198685664336,0,0,0.984674179315709
167.6,667.453400909743,NaN,394,13,NaN,0.403099987431474,0.0895427082343574,0,0.460374445531792,0.524177776723647,0,0,0.984552222255439
167.7,667.652135761754,NaN,394,13,NaN,0.403099987431474,0.0895427082343574,0,0.460273409928109,0.524156851688601,0,0,0.98443026161671
167.8,667.850845994516,NaN,394,13,NaN,0.403099987431474,0.0895427082343574,0,0.460172386840703,0.524135910555094,0,0,0.984308297395798
167.9,668.049531607283,NaN,394,13,NaN,0.403099987431474,0.0895427082343574,0,0.460071376269955,0.524114953319027,0,0,0.984186329588982
168,668.24819259931,NaN,394,13,NaN,0.403099987431474,0.0895427082343574,0,0.459970378216244,0.524093979976305,0,0,0.984064358192549
168.1,668.446828969848,NaN,394,13,NaN,0.403099987431474,0.0895427082343574,0,0.45986939267995,0.524072990522837,0,0,0.983942383202787
168.2,668.645440718149,NaN,394,13,NaN,0.403099987431474,0.0895427082343574,0,0.459768419661452,0.524051984954538,0,0,0.98382040461599
168.3,668.844027843467,NaN,394,13,NaN,0.403099987431474,0.0895427082343574,0,0.459667459161131,0.524030963267327,0,0,0.983698422428458
168.4,669.04259034505,NaN,394,13,NaN,0.403099987431474,0.0895427082343574,0,0.459566511179369,0.524009925457126,0,0,0.983576436636495
168.5,669.241128222152,NaN,394,13,NaN,0.403099987431474,0.0895427082343574,0,0.459465575716545,0.523988871519863,0,0,0.983454447236408
168.6,669.439641474021,NaN,394,13,NaN,0.403099987431474,0.0895427082343574,0,0.459364652773042,0.52396780145147,0,0,0.983332454224511
168.7,669.638130099907,NaN,394,13,NaN,0.403099987431474,0.0895427082343574,0,0.45926374234924,0.523946715247883,0,0,0.983210457597122
168.8,669.83659409906,NaN,394,13,NaN,0.403099987431474,0.0895427082343574,0,0.459162844445521,0.523925612905043,0,0,0.983088457350564
168.9,670.035033470728,NaN,394,13,NaN,0.403099987431474,0.0895427082343574,0,0.459061959062267,0.523904494418896,0,0,0.982966453481163
169,670.233448214159,NaN,394,13,NaN,0.403099987431474,0.0895427082343574,0,0.458961086199861,0.523883359785391,0,0,0.982844445985251
169.1,670.431838328601,NaN,394,13,NaN,0.403099987431474,0.0895427082343574,0,0.458860225858684,0.523862209000482,0,0,0.982722434859166
169.2,670.630203813302,NaN,394,13,NaN,0.403099987431474,0.0895427082343574,0,0.458759378039121,0.523841042060128,0,0,0.982600420099248
169.3,670.828544667507,NaN,394,13,NaN,0.403099987431474,0.0895427082343574,0,0.458658542741553,0.523819858960292,0,0,0.982478401701844
169.4,671.026860890462,NaN,394,13,NaN,0.403099987431474,0.0895427082343574,0,0.458557719966364,0.523798659696942,0,0,0.982356379663305
169.5,671.225152481415,NaN,394,13,NaN,0.403099987431474,0.0895427082343574,0,0.458456909713937,0.523777444266049,0,0,0.982234353979986
169.6,671.423419439609,NaN,394,13,NaN,0.403099987431474,0.0895427082343574,0,0.458356111984657,0.523756212663591,0,0,0.982112324648248
169.7,671.621661764289,NaN,394,13,NaN,0.403099987431474,0.0895427082343574,0,0.458255326778907,0.523734964885548,0,0,0.981990291664455
169.8,671.819879454699,NaN,394,13,NaN,0.403099987431474,0.0895427082343574,0,0.458154554097072,0.523713700927906,0,0,0.981868255024977
169.9,672.018072510083,NaN,394,13,NaN,0.403099987431474,0.0895427082343574,0,0.458053793939535,0.523692420786654,0,0,0.98174621472619
170,672.216240929683,NaN,394,13,NaN,0.403099987431474,0.0895427082343574,0,0.457953046306683,0.523671124457787,0,0,0.981624170764471
170.1,672.414384712743,NaN,394,13,NaN,0.403099987431474,0.0895427082343574,0,0.457852311198901,0.523649811937305,0,0,0.981502123136206
170.2,672.612503858504,NaN,394,13,NaN,0.403099987431474,0.0895427082343574,0,0.457751588616572,0.52362848322121,0,0,0.981380071837782
170.3,672.810598366208,NaN,394,13,NaN,0.403099987431474,0.0895427082343574,0,0.457650878560084,0.52360713830551,0,0,0.981258016865594
170.4,673.008668235096,NaN,394,13,NaN,0.403099987431474,0.0895427082343574,0,0.457550181029822,0.523585777186217,0,0,0.981135958216039
170.5,673.206713464408,NaN,394,13,NaN,0.403099987431474,0.0895427082343574,0,0.457449496026172,0.523564399859349,0,0,0.981013895885521
170.6,673.404734053384,NaN,394,13,NaN,0.403099987431474,0.0895427082343574,0,0.45734882354952,0.523543006320926,0,0,0.980891829870447
170.7,673.602730001264,NaN,394,13,NaN,0.403099987431474,0.0895427082343574,0,0.457248163600254,0.523521596566976,0,0,0.980769760167229
170.8,673.800701307287,NaN,394,13,NaN,0.403099987431474,0.0895427082343574,0,0.457147516178759,0.523500170593526,0,0,0.980647686772286
170.9,673.998647970691,NaN,394,13,NaN,0.403099987431474,0.0895427082343574,0,0.457046881285424,0.523478728396614,0,0,0.980525609682038
171,674.196569990714,NaN,394,13,NaN,0.403099987431474,0.0895427082343574,0,0.456946258920636,0.523457269972277,0,0,0.980403528892913
171.1,674.394467366593,NaN,394,13,NaN,0.403099987431474,0.0895427082343574,0,0.456845649084782,0.523435795316561,0,0,0.980281444401342
171.2,674.592340097566,NaN,394,13,NaN,0.403099987431474,0.0895427082343574,0,0.45674505177825,0.523414304425512,0,0,0.980159356203762
171.3,674.790188182868,NaN,394,13,NaN,0.403099987431474,0.0895427082343574,0,0.456644467001429,0.523392797295184,0,0,0.980037264296613
171.4,674.988011621736,NaN,394,13,NaN,0.403099987431474,0.0895427082343574,0,0.456543894754707,0.523371273921634,0,0,0.979915168676341
171.5,675.185810413405,NaN,394,13,NaN,0.403099987431474,0.0895427082343574,0,0.456443335038472,0.523349734300924,0,0,0.979793069339396
171.6,675.38358455711,NaN,394,13,NaN,0.403099987431474,0.0895427082343574,0,0.456342787853115,0.52332817842912,0,0,0.979670966282235
171.7,675.581334052086,NaN,394,13,NaN,0.403099987431474,0.0895427082343574,0,0.456242253199023,0.523306606302294,0,0,0.979548859501317
171.8,675.779058897565,NaN,394,13,NaN,0.403099987431474,0.0895427082343574,0,0.456141731076587,0.52328501791652,0,0,0.979426748993107
171.9,675.976759092782,NaN,394,13,NaN,0.403099987431474,0.0895427082343574,0,0.456041221486196,0.523263413267878,0,0,0.979304634754074
172,676.174434636969,NaN,394,13,NaN,0.403099987431474,0.0895427082343574,0,0.45594072442824,0.523241792352453,0,0,0.979182516780694
172.1,676.372085529358,NaN,394,13,NaN,0.403099987431474,0.0895427082343574,0,0.45584023990311,0.523220155166334,0,0,0.979060395069444
172.2,676.569711769182,NaN,394,13,NaN,0.403099987431474,0.0895427082343574,0,0.455739767911196,0.523198501705614,0,0,0.978938269616811
172.3,676.767313355671,NaN,394,13,NaN,0.403099987431474,0.0895427082343574,0,0.45563930845289,0.523176831966391,0,0,0.97881614041928
172.4,676.964890288057,NaN,394,13,NaN,0.403099987431474,0.0895427082343574,0,0.455538861528581,0.523155145944767,0,0,0.978694007473348
172.5,677.16244256557,NaN,394,13,NaN,0.403099987431474,0.0895427082343574,0,0.455438427138661,0.52313344363685,0,0,0.978571870775511
172.6,677.359970187438,NaN,394,13,NaN,0.403099987431474,0.0895427082343574,0,0.455338005283523,0.523111725038751,0,0,0.978449730322274
172.7,677.557473152893,NaN,394,13,NaN,0.403099987431474,0.0895427082343574,0,0.455237595963557,0.523089990146586,0,0,0.978327586110143
172.8,677.754951461161,NaN,394,13,NaN,0.403099987431474,0.0895427082343574,0,0.455137199179156,0.523068238956476,0,0,0.978205438135632
172.9,677.952405111472,NaN,394,13,NaN,0.403099987431474,0.0895427082343574,0,0.455036814930713,0.523046471464546,0,0,0.978083286395259
173,678.149834103054,NaN,394,13,NaN,0.403099987431474,0.0895427082343574,0,0.454936443218619,0.523024687666926,0,0,0.977961130885545
173.1,678.347238435133,NaN,394,13,NaN,0.403099987431474,0.0895427082343574,0,0.454836084043268,0.523002887559749,0,0,0.977838971603017
173.2,678.544618106936,NaN,394,13,NaN,0.403099987431474,0.0895427082343574,0,0.454735737405053,0.522981071139155,0,0,0.977716808544208
173.3,678.741973117689,NaN,394,13,NaN,0.403099987431474,0.0895427082343574,0,0.454635403304368,0.522959238401286,0,0,0.977594641705654
173.4,678.939303466618,NaN,394,13,NaN,0.403099987431474,0.0895427082343574,0,0.454535081741606,0.522937389342292,0,0,0.977472471083897
173.5,679.136609152949,NaN,394,13,NaN,0.403099987431474,0.0895427082343574,0,0.45443477271716,0.522915523958323,0,0,0.977350296675484
173.6,679.333890175905,NaN,394,13,NaN,0.403099987431474,0.0895427082343574,0,0.454334476231426,0.522893642245538,0,0,0.977228118476964
173.7,679.531146534711,NaN,394,13,NaN,0.403099987431474,0.0895427082343574,0,0.454234192284797,0.522871744200098,0,0,0.977105936484895
173.8,679.72837822859,NaN,394,13,NaN,0.403099987431474,0.0895427082343574,0,0.454133920877669,0.522849829818168,0,0,0.976983750695837
173.9,679.925585256766,NaN,394,13,NaN,0.403099987431474,0.0895427082343574,0,0.454033662010436,0.522827899095919,0,0,0.976861561106355
174,680.122767618461,NaN,394,13,NaN,0.403099987431474,0.0895427082343574,0,0.453933415683494,0.522805952029527,0,0,0.97673936771302
174.1,680.319925312898,NaN,394,13,NaN,0.403099987431474,0.0895427082343574,0,0.453833181897237,0.522783988615171,0,0,0.976617170512408
174.2,680.517058339297,NaN,394,13,NaN,0.403099987431474,0.0895427082343574,0,0.453732960652063,0.522762008849035,0,0,0.976494969501098
174.3,680.71416669688,NaN,394,13,NaN,0.403099987431474,0.0895427082343574,0,0.453632751948366,0.522740012727309,0,0,0.976372764675675
174.4,680.911250384867,NaN,394,13,NaN,0.403099987431474,0.0895427082343574,0,0.453532555786543,0.522718000246186,0,0,0.976250556032729
174.5,681.108309402479,NaN,394,13,NaN,0.403099987431474,0.0895427082343574,0,0.453432372166991,0.522695971401863,0,0,0.976128343568854
174.6,681.305343748935,NaN,394,13,NaN,0.403099987431474,0.0895427082343574,0,0.453332201090106,0.522673926190544,0,0,0.97600612728065
174.7,681.502353423454,NaN,394,13,NaN,0.403099987431474,0.0895427082343574,0,0.453232042556285,0.522651864608436,0,0,0.975883907164721
174.8,681.699338425254,NaN,394,13,NaN,0.403099987431474,0.0895427082343574,0,0.453131896565927,0.52262978665175,0,0,0.975761683217676
174.9,681.896298753553,NaN,394,13,NaN,0.403099987431474,0.0895427082343574,0,0.453031763119427,0.522607692316702,0,0,0.975639455436129
175,682.09323440757,NaN,394,13,NaN,0.403099987431474,0.0895427082343574,0,0.452931642217185,0.522585581599514,0,0,0.975517223816699
175.1,682.29014538652,NaN,394,13,NaN,0.403099987431474,0.0895427082343574,0,0.452831533859598,0.522563454496411,0,0,0.975394988356009
175.2,682.487031689621,NaN,394,13,NaN,0.403099987431474,0.0895427082343574,0,0.452731438047065,0.522541311003622,0,0,0.975272749050687
175.3,682.683893316088,NaN,394,13,NaN,0.403099987431474,0.0895427082343574,0,0.452631354779983,0.522519151117384,0,0,0.975150505897367
175.4,682.880730265137,NaN,394,13,NaN,0.403099987431474,0.0895427082343574,0,0.452531284058753,0.522496974833934,0,0,0.975028258892687
175.5,683.077542535982,NaN,394,13,NaN,0.403099987431474,0.0895427082343574,0,0.452431225883773,0.522474782149516,0,0,0.974906008033289
175.6,683.274330127839,NaN,394,13,NaN,0.403099987431474,0.0895427082343574,0,0.452331180255443,0.52245257306038,0,0,0.974783753315823
175.7,683.47109303992,NaN,394,13,NaN,0.403099987431474,0.0895427082343574,0,0.452231147174162,0.522430347562778,0,0,0.974661494736939
175.8,683.66783127144,NaN,394,13,NaN,0.403099987431474,0.0895427082343574,0,0.452131126640329,0.522408105652966,0,0,0.974539232293296
175.9,683.864544821611,NaN,394,13,NaN,0.403099987431474,0.0895427082343574,0,0.452031118654347,0.522385847327209,0,0,0.974416965981556
176,684.061233689646,NaN,394,13,NaN,0.403099987431474,0.0895427082343574,0,0.451931123216614,0.522363572581773,0,0,0.974294695798386
176.1,684.257897874755,NaN,394,13,NaN,0.403099987431474,0.0895427082343574,0,0.451831140327531,0.522341281412928,0,0,0.974172421740459
176.2,684.454537376152,NaN,394,13,NaN,0.403099987431474,0.0895427082343574,0,0.4517311699875,0.522318973816951,0,0,0.97405014380445
176.3,684.651152193046,NaN,394,13,NaN,0.403099987431474,0.0895427082343574,0,0.451631212196921,0.522296649790122,0,0,0.973927861987043
176.4,684.847742324649,NaN,394,13,NaN,0.403099987431474,0.0895427082343574,0,0.451531266956197,0.522274309328727,0,0,0.973805576284924
176.5,685.044307770169,NaN,394,13,NaN,0.403099987431474,0.0895427082343574,0,0.451431334265728,0.522251952429055,0,0,0.973683286694783
176.6,685.240848528815,NaN,394,13,NaN,0.403099987431474,0.0895427082343574,0,0.451331414125917,0.522229579087401,0,0,0.973560993213318
176.7,685.437364599798,NaN,394,13,NaN,0.403099987431474,0.0895427082343574,0,0.451231506537166,0.522207189300064,0,0,0.97343869583723
176.8,685.633855982325,NaN,394,13,NaN,0.403099987431474,0.0895427082343574,0,0.451131611499878,0.522184783063348,0,0,0.973316394563225
176.9,685.830322675604,NaN,394,13,NaN,0.403099987431474,0.0895427082343574,0,0.451031729014454,0.52216236037356,0,0,0.973194089388014
177,686.026764678841,NaN,394,13,NaN,0.403099987431474,0.0895427082343574,0,0.4509318590813,0.522139921227013,0,0,0.973071780308313
177.1,686.223181991245,NaN,394,13,NaN,0.403099987431474,0.0895427082343574,0,0.450832001700816,0.522117465620026,0,0,0.972949467320843
177.2,686.41957461202,NaN,394,13,NaN,0.403099987431474,0.0895427082343574,0,0.450732156873408,0.52209499354892,0,0,0.972827150422328
177.3,686.615942540374,NaN,394,13,NaN,0.403099987431474,0.0895427082343574,0,0.450632324599479,0.522072505010022,0,0,0.972704829609501
177.4,686.81228577551,NaN,394,13,NaN,0.403099987431474,0.0895427082343574,0,0.450532504879433,0.522049999999663,0,0,0.972582504879096
177.5,687.008604316634,NaN,394,13,NaN,0.403099987431474,0.0895427082343574,0,0.450432697713675,0.522027478514179,0,0,0.972460176227854
177.6,687.20489816295,NaN,394,13,NaN,0.403099987431474,0.0895427082343574,0,0.450332903102608,0.522004940549911,0,0,0.972337843652519
177.7,687.401167313661,NaN,394,13,NaN,0.403099987431474,0.0895427082343574,0,0.450233121046638,0.521982386103204,0,0,0.972215507149843
177.8,687.597411767971,NaN,394,13,NaN,0.403099987431474,0.0895427082343574,0,0.45013335154617,0.521959815170409,0,0,0.972093166716579
177.9,687.793631525082,NaN,394,13,NaN,0.403099987431474,0.0895427082343574,0,0.45003359460161,0.521937227747878,0,0,0.971970822349488
178,687.989826584197,NaN,394,13,NaN,0.403099987431474,0.0895427082343574,0,0.449933850213362,0.521914623831973,0,0,0.971848474045335
178.1,688.185996944517,NaN,394,13,NaN,0.403099987431474,0.0895427082343574,0,0.449834118381833,0.521892003419056,0,0,0.971726121800889
178.2,688.382142605243,NaN,394,13,NaN,0.403099987431474,0.0895427082343574,0,0.449734399107429,0.521869366505495,0,0,0.971603765612925
178.3,688.578263565576,NaN,394,13,NaN,0.403099987431474,0.0895427082343574,0,0.449634692390557,0.521846713087665,0,0,0.971481405478222
178.4,688.774359824715,NaN,394,13,NaN,0.403099987431474,0.0895427082343574,0,0.449534998231622,0.521824043161943,0,0,0.971359041393565
178.5,688.970431381861,NaN,394,13,NaN,0.403099987431474,0.0895427082343574,0,0.449435316631033,0.52180135672471,0,0,0.971236673355743
178.6,689.166478236213,NaN,394,13,NaN,0.403099987431474,0.0895427082343574,0,0.449335647589195,0.521778653772355,0,0,0.97111430136155
178.7,689.362500386969,NaN,394,13,NaN,0.403099987431474,0.0895427082343574,0,0.449235991106518,0.521755934301268,0,0,0.970991925407786
178.8,689.558497833327,NaN,394,13,NaN,0.403099987431474,0.0895427082343574,0,0.449136347183407,0.521733198307847,0,0,0.970869545491254
178.9,689.754470574485,NaN,394,13,NaN,0.403099987431474,0.0895427082343574,0,0.449036715820272,0.521710445788491,0,0,0.970747161608763
179,689.950418609639,NaN,394,13,NaN,0.403099987431474,0.0895427082343574,0,0.44893709701752,0.521687676739608,0,0,0.970624773757128
179.1,690.146341937987,NaN,394,13,NaN,0.403099987431474,0.0895427082343574,0,0.448837490775561,0.521664891157606,0,0,0.970502381933167
179.2,690.342240558723,NaN,394,13,NaN,0.403099987431474,0.0895427082343574,0,0.448737897094802,0.521642089038901,0,0,0.970379986133703
179.3,690.538114471045,NaN,394,13,NaN,0.403099987431474,0.0895427082343574,0,0.448638315975652,0.521619270379913,0,0,0.970257586355566
179.4,690.733963674146,NaN,394,13,NaN,0.403099987431474,0.0895427082343574,0,0.448538747418522,0.521596435177066,0,0,0.970135182595589
179.5,690.929788167221,NaN,394,13,NaN,0.403099987431474,0.0895427082343574,0,0.448439191423821,0.521573583426789,0,0,0.97001277485061
179.6,691.125587949465,NaN,394,13,NaN,0.403099987431474,0.0895427082343574,0,0.448339647991957,0.521550715125515,0,0,0.969890363117473
179.7,691.32136302007,NaN,394,13,NaN,0.403099987431474,0.0895427082343574,0,0.448240117123342,0.521527830269684,0,0,0.969767947393026
179.8,691.51711337823,NaN,394,13,NaN,0.403099987431474,0.0895427082343574,0,0.448140598818386,0.521504928855736,0,0,0.969645527674122
179.9,691.712839023136,NaN,394,13,NaN,0.403099987431474,0.0895427082343574,0,0.448041093077499,0.521482010880121,0,0,0.969523103957621
180,691.908539953981,NaN,394,13,NaN,0.403099987431474,0.0895427082343574,0,0.447941599901092,0.521459076339291,0,0,0.969400676240384
180.1,692.104216169957,NaN,394,13,NaN,0.403099987431474,0.0895427082343574,0,0.447842119289577,0.521436125229703,0,0,0.969278244519279
180.2,692.299867670253,NaN,394,13,NaN,0.403099987431474,0.0895427082343574,0,0.447742651243363,0.521413157547818,0,0,0.969155808791181
180.3,692.495494454061,NaN,394,13,NaN,0.403099987431474,0.0895427082343574,0,0.447643195762864,0.521390173290103,0,0,0.969033369052967
180.4,692.691096520571,NaN,394,13,NaN,0.403099987431474,0.0895427082343574,0,0.447543752848491,0.521367172453028,0,0,0.968910925301519
180.5,692.886673868971,NaN,394,13,NaN,0.403099987431474,0.0895427082343574,0,0.447444322500656,0.52134415503307,0,0,0.968788477533726
180.6,693.082226498451,NaN,394,13,NaN,0.403099987431474,0.0895427082343574,0,0.447344904719772,0.521321121026709,0,0,0.968666025746481
180.7,693.277754408198,NaN,394,13,NaN,0.403099987431474,0.0895427082343574,0,0.44724549950625,0.52129807043043,0,0,0.96854356993668
180.8,693.473257597402,NaN,394,13,NaN,0.403099987431474,0.0895427082343574,0,0.447146106860505,0.521275003240723,0,0,0.968421110101228
180.9,693.668736065248,NaN,394,13,NaN,0.403099987431474,0.0895427082343574,0,0.447046726782949,0.521251919454082,0,0,0.968298646237031
181,693.864189810924,NaN,394,13,NaN,0.403099987431474,0.0895427082343574,0,0.446947359273996,0.521228819067006,0,0,0.968176178341002
181.1,694.059618833616,NaN,394,13,NaN,0.403099987431474,0.0895427082343574,0,0.446848004334059,0.521205702076,0,0,0.968053706410059
181.2,694.25502313251,NaN,394,13,NaN,0.403099987431474,0.0895427082343574,0,0.446748661963552,0.521182568477572,0,0,0.967931230441124
181.3,694.450402706792,NaN,394,13,NaN,0.403099987431474,0.0895427082343574,0,0.44664933216289,0.521159418268235,0,0,0.967808750431125
181.4,694.645757555645,NaN,394,13,NaN,0.403099987431474,0.0895427082343574,0,0.446550014932487,0.521136251444507,0,0,0.967686266376994
181.5,694.841087678254,NaN,394,13,NaN,0.403099987431474,0.0895427082343574,0,0.446450710272757,0.521113068002912,0,0,0.967563778275669
181.6,695.036393073803,NaN,394,13,NaN,0.403099987431474,0.0895427082343574,0,0.446351418184116,0.521089867939975,0,0,0.967441286124092
181.7,695.231673741475,NaN,394,13,NaN,0.403099987431474,0.0895427082343574,0,0.446252138666979,0.52106665125223,0,0,0.96731878991921
181.8,695.426929680453,NaN,394,13,NaN,0.403099987431474,0.0895427082343574,0,0.446152871721762,0.521043417936213,0,0,0.967196289657975
181.9,695.622160889919,NaN,394,13,NaN,0.403099987431474,0.0895427082343574,0,0.44605361734888,0.521020167988466,0,0,0.967073785337346
182,695.817367369055,NaN,394,13,NaN,0.403099987431474,0.0895427082343574,0,0.445954375548749,0.520996901405535,0,0,0.966951276954284
182.1,696.012549117042,NaN,394,13,NaN,0.403099987431474,0.0895427082343574,0,0.445855146321785,0.520973618183971,0,0,0.966828764505756
182.2,696.20770613306,NaN,394,13,NaN,0.403099987431474,0.0895427082343574,0,0.445755929668406,0.52095031832033,0,0,0.966706247988735
182.3,696.402838416289,NaN,394,13,NaN,0.403099987431474,0.0895427082343574,0,0.445656725589027,0.520927001811171,0,0,0.966583727400198
182.4,696.59794596591,NaN,394,13,NaN,0.403099987431474,0.0895427082343574,0,0.445557534084066,0.520903668653061,0,0,0.966461202737127
182.5,696.793028781101,NaN,394,13,NaN,0.403099987431474,0.0895427082343574,0,0.445458355153941,0.520880318842569,0,0,0.966338673996509
182.6,696.988086861042,NaN,394,13,NaN,0.403099987431474,0.0895427082343574,0,0.445359188799068,0.520856952376269,0,0,0.966216141175337
182.7,697.183120204909,NaN,394,13,NaN,0.403099987431474,0.0895427082343574,0,0.445260035019866,0.520833569250741,0,0,0.966093604270607
182.8,697.378128811882,NaN,394,13,NaN,0.403099987431474,0.0895427082343574,0,0.445160893816753,0.520810169462569,0,0,0.965971063279322
182.9,697.573112681136,NaN,394,13,NaN,0.403099987431474,0.0895427082343574,0,0.445061765190147,0.520786753008341,0,0,0.965848518198489
183,697.768071811848,NaN,394,13,NaN,0.403099987431474,0.0895427082343574,0,0.444962649140467,0.520763319884652,0,0,0.965725969025119
183.1,697.963006203195,NaN,394,13,NaN,0.403099987431474,0.0895427082343574,0,0.444863545668132,0.520739870088099,0,0,0.965603415756231
183.2,698.157915854352,NaN,394,13,NaN,0.403099987431474,0.0895427082343574,0,0.44476445477356,0.520716403615285,0,0,0.965480858388845
183.3,698.352800764494,NaN,394,13,NaN,0.403099987431474,0.0895427082343574,0,0.444665376457172,0.520692920462818,0,0,0.96535829691999
183.4,698.547660932796,NaN,394,13,NaN,0.403099987431474,0.0895427082343574,0,0.444566310719386,0.520669420627311,0,0,0.965235731346697
183.5,698.742496358431,NaN,394,13,NaN,0.403099987431474,0.0895427082343574,0,0.444467257560623,0.52064590410538,0,0,0.965113161666004
183.6,698.937307040573,NaN,394,13,NaN,0.403099987431474,0.0895427082343574,0,0.444368216981304,0.520622370893648,0,0,0.964990587874951
183.7,699.132092978395,NaN,394,13,NaN,0.403099987431474,0.0895427082343574,0,0.444269188981847,0.520598820988741,0,0,0.964868009970588
183.8,699.32685417107,NaN,394,13,NaN,0.403099987431474,0.0895427082343574,0,0.444170173562675,0.52057525438729,0,0,0.964745427949966
183.9,699.52159061777,NaN,394,13,NaN,0.403099987431474,0.0895427082343574,0,0.444071170724208,0.520551671085932,0,0,0.964622841810141
184,699.716302317665,NaN,394,13,NaN,0.403099987431474,0.0895427082343574,0,0.443972180466867,0.520528071081308,0,0,0.964500251548176
184.1,699.910989269928,NaN,394,13,NaN,0.403099987431474,0.0895427082343574,0,0.443873202791075,0.520504454370064,0,0,0.964377657161138
184.2,700.105651473727,NaN,394,13,NaN,0.403099987431474,0.0895427082343574,0,0.443774237697251,0.520480820948849,0,0,0.9642550586461
184.3,700.300288928234,NaN,394,13,NaN,0.403099987431474,0.0895427082343574,0,0.44367528518582,0.520457170814319,0,0,0.964132456000138
184.4,700.494901632618,NaN,394,13,NaN,0.403099987431474,0.0895427082343574,0,0.443576345257202,0.520433503963133,0,0,0.964009849220336
184.5,700.689489586047,NaN,394,13,NaN,0.403099987431474,0.0895427082343574,0,0.443477417911821,0.520409820391958,0,0,0.963887238303778
184.6,700.884052787691,NaN,394,13,NaN,0.403099987431474,0.0895427082343574,0,0.443378503150098,0.520386120097461,0,0,0.96376462324756
184.7,701.078591236716,NaN,394,13,NaN,0.403099987431474,0.0895427082343574,0,0.443279600972458,0.520362403076318,0,0,0.963642004048776
184.8,701.27310493229,NaN,394,13,NaN,0.403099987431474,0.0895427082343574,0,0.443180711379324,0.520338669325207,0,0,0.963519380704531
184.9,701.467593873581,NaN,394,13,NaN,0.403099987431474,0.0895427082343574,0,0.443081834371118,0.520314918840812,0,0,0.96339675321193
185,701.662058059754,NaN,394,13,NaN,0.403099987431474,0.0895427082343574,0,0.442982969948266,0.520291151619822,0,0,0.963274121568087
185.1,701.856497489975,NaN,394,13,NaN,0.403099987431474,0.0895427082343574,0,0.44288411811119,0.520267367658929,0,0,0.963151485770119
185.2,702.05091216341,NaN,394,13,NaN,0.403099987431474,0.0895427082343574,0,0.442785278860316,0.520243566954833,0,0,0.963028845815148
185.3,702.245302079223,NaN,394,13,NaN,0.403099987431474,0.0895427082343574,0,0.442686452196067,0.520219749504235,0,0,0.962906201700302
185.4,702.439667236579,NaN,394,13,NaN,0.403099987431474,0.0895427082343574,0,0.44258763811887,0.520195915303843,0,0,0.962783553422713
185.5,702.634007634642,NaN,394,13,NaN,0.403099987431474,0.0895427082343574,0,0.442488836629148,0.520172064350371,0,0,0.962660900979519
185.6,702.828323272574,NaN,394,13,NaN,0.403099987431474,0.0895427082343574,0,0.442390047727328,0.520148196640534,0,0,0.962538244367862
185.7,703.022614149539,NaN,394,13,NaN,0.403099987431474,0.0895427082343574,0,0.442291271413835,0.520124312171055,0,0,0.96241558358489
185.8,703.216880264699,NaN,394,13,NaN,0.403099987431474,0.0895427082343574,0,0.442192507689094,0.520100410938662,0,0,0.962292918627756
185.9,703.411121617215,NaN,394,13,NaN,0.403099987431474,0.0895427082343574,0,0.442093756553532,0.520076492940084,0,0,0.962170249493616
186,703.605338206249,NaN,394,13,NaN,0.403099987431474,0.0895427082343574,0,0.441995018007576,0.520052558172059,0,0,0.962047576179635
186.1,703.799530030961,NaN,394,13,NaN,0.403099987431474,0.0895427082343574,0,0.441896292051652,0.520028606631328,0,0,0.96192489868298
186.2,703.993697090513,NaN,394,13,NaN,0.403099987431474,0.0895427082343574,0,0.441797578686188,0.520004638314636,0,0,0.961802217000823
186.3,704.187839384062,NaN,394,13,NaN,0.403099987431474,0.0895427082343574,0,0.441698877911609,0.519980653218735,0,0,0.961679531130344
186.4,704.38195691077,NaN,394,13,NaN,0.403099987431474,0.0895427082343574,0,0.441600189728344,0.519956651340379,0,0,0.961556841068723
186.5,704.576049669793,NaN,394,13,NaN,0.403099987431474,0.0895427082343574,0,0.441501514136821,0.51993263267633,0,0,0.961434146813151
186.6,704.770117660291,NaN,394,13,NaN,0.403099987431474,0.0895427082343574,0,0.441402851137467,0.519908597223351,0,0,0.961311448360818
186.7,704.964160881421,NaN,394,13,NaN,0.403099987431474,0.0895427082343574,0,0.441304200730711,0.519884544978214,0,0,0.961188745708925
186.8,705.15817933234,NaN,394,13,NaN,0.403099987431474,0.0895427082343574,0,0.441205562916981,0.519860475937693,0,0,0.961066038854674
186.9,705.352173012206,NaN,394,13,NaN,0.403099987431474,0.0895427082343574,0,0.441106937696706,0.519836390098567,0,0,0.960943327795273
187,705.546141920173,NaN,394,13,NaN,0.403099987431474,0.0895427082343574,0,0.441008325070315,0.51981228745762,0,0,0.960820612527935
187.1,705.740086055398,NaN,394,13,NaN,0.403099987431474,0.0895427082343574,0,0.440909725038237,0.519788168011643,0,0,0.960697893049879
187.2,705.934005417035,NaN,394,13,NaN,0.403099987431474,0.0895427082343574,0,0.440811137600902,0.519764031757428,0,0,0.960575169358329
187.3,706.12790000424,NaN,394,13,NaN,0.403099987431474,0.0895427082343574,0,0.440712562758739,0.519739878691774,0,0,0.960452441450513
187.4,706.321769816166,NaN,394,13,NaN,0.403099987431474,0.0895427082343574,0,0.44061400051218,0.519715708811485,0,0,0.960329709323665
187.5,706.515614851967,NaN,394,13,NaN,0.403099987431474,0.0895427082343574,0,0.440515450861653,0.51969152211337,0,0,0.960206972975023
187.6,706.709435110796,NaN,394,13,NaN,0.403099987431474,0.0895427082343574,0,0.44041691380759,0.51966731859424,0,0,0.96008423240183
187.7,706.903230591805,NaN,394,13,NaN,0.403099987431474,0.0895427082343574,0,0.440318389350421,0.519643098250916,0,0,0.959961487601337
187.8,707.097001294147,NaN,394,13,NaN,0.403099987431474,0.0895427082343574,0,0.440219877490578,0.519618861080218,0,0,0.959838738570797
187.9,707.290747216973,NaN,394,13,NaN,0.403099987431474,0.0895427082343574,0,0.440121378228492,0.519594607078976,0,0,0.959715985307468
188,707.484468359434,NaN,394,13,NaN,0.403099987431474,0.0895427082343574,0,0.440022891564594,0.519570336244021,0,0,0.959593227808615
188.1,707.678164720681,NaN,394,13,NaN,0.403099987431474,0.0895427082343574,0,0.439924417499317,0.519546048572191,0,0,0.959470466071508
188.2,707.871836299863,NaN,394,13,NaN,0.403099987431474,0.0895427082343574,0,0.439825956033092,0.519521744060327,0,0,0.959347700093419
188.3,708.06548309613,NaN,394,13,NaN,0.403099987431474,0.0895427082343574,0,0.439727507166353,0.519497422705277,0,0,0.95922492987163
188.4,708.259105108631,NaN,394,13,NaN,0.403099987431474,0.0895427082343574,0,0.43962907089953,0.519473084503893,0,0,0.959102155403423
188.5,708.452702336515,NaN,394,13,NaN,0.403099987431474,0.0895427082343574,0,0.439530647233059,0.519448729453031,0,0,0.958979376686089
188.6,708.646274778929,NaN,394,13,NaN,0.403099987431474,0.0895427082343574,0,0.439432236167371,0.519424357549552,0,0,0.958856593716922
188.7,708.839822435021,NaN,394,13,NaN,0.403099987431474,0.0895427082343574,0,0.4393338377029,0.519399968790323,0,0,0.958733806493223
188.8,709.033345303937,NaN,394,13,NaN,0.403099987431474,0.0895427082343574,0,0.43923545184008,0.519375563172215,0,0,0.958611015012295
188.9,709.226843384825,NaN,394,13,NaN,0.403099987431474,0.0895427082343574,0,0.439137078579345,0.519351140692104,0,0,0.958488219271449
189,709.420316676829,NaN,394,13,NaN,0.403099987431474,0.0895427082343574,0,0.439038717921129,0.519326701346871,0,0,0.958365419268
189.1,709.613765179096,NaN,394,13,NaN,0.403099987431474,0.0895427082343574,0,0.438940369865867,0.519302245133401,0,0,0.958242614999267
189.2,709.80718889077,NaN,394,13,NaN,0.403099987431474,0.0895427082343574,0,0.438842034413992,0.519277772048584,0,0,0.958119806462577
189.3,710.000587810996,NaN,394,13,NaN,0.403099987431474,0.0895427082343574,0,0.438743711565942,0.519253282089317,0,0,0.957996993655259
189.4,710.193961938917,NaN,394,13,NaN,0.403099987431474,0.0895427082343574,0,0.438645401322149,0.5192287752525,0,0,0.957874176574649
189.5,710.387311273677,NaN,394,13,NaN,0.403099987431474,0.0895427082343574,0,0.438547103683051,0.519204251535036,0,0,0.957751355218087
189.6,710.580635814418,NaN,394,13,NaN,0.403099987431474,0.0895427082343574,0,0.438448818649082,0.519179710933837,0,0,0.95762852958292
189.7,710.773935560284,NaN,394,13,NaN,0.403099987431474,0.0895427082343574,0,0.43835054622068,0.519155153445817,0,0,0.957505699666497
189.8,710.967210510415,NaN,394,13,NaN,0.403099987431474,0.0895427082343574,0,0.43825228639828,0.519130579067896,0,0,0.957382865466175
189.9,711.160460663953,NaN,394,13,NaN,0.403099987431474,0.0895427082343574,0,0.438154039182318,0.519105987796997,0,0,0.957260026979315
190,711.35368602004,NaN,394,13,NaN,0.403099987431474,0.0895427082343574,0,0.438055804573232,0.519081379630052,0,0,0.957137184203283
190.1,711.546886577814,NaN,394,13,NaN,0.403099987431474,0.0895427082343574,0,0.437957582571459,0.519056754563992,0,0,0.95701433713545
190.2,711.740062336416,NaN,394,13,NaN,0.403099987431474,0.0895427082343574,0,0.437859373177435,0.519032112595758,0,0,0.956891485773193
190.3,711.933213294985,NaN,394,13,NaN,0.403099987431474,0.0895427082343574,0,0.437761176391599,0.519007453722293,0,0,0.956768630113893
190.4,712.12633945266,NaN,394,13,NaN,0.403099987431474,0.0895427082343574,0,0.437662992214389,0.518982777940547,0,0,0.956645770154936
190.5,712.319440808579,NaN,394,13,NaN,0.403099987431474,0.0895427082343574,0,0.437564820646242,0.518958085247473,0,0,0.956522905893715
190.6,712.512517361879,NaN,394,13,NaN,0.403099987431474,0.0895427082343574,0,0.437466661687598,0.518933375640029,0,0,0.956400037327626
190.7,712.705569111699,NaN,394,13,NaN,0.403099987431474,0.0895427082343574,0,0.437368515338894,0.518908649115178,0,0,0.956277164454072
190.8,712.898596057174,NaN,394,13,NaN,0.403099987431474,0.0895427082343574,0,0.437270381600569,0.51888390566989,0,0,0.956154287270458
190.9,713.091598197441,NaN,394,13,NaN,0.403099987431474,0.0895427082343574,0,0.437172260473063,0.518859145301136,0,0,0.956031405774199
191,713.284575531636,NaN,394,13,NaN,0.403099987431474,0.0895427082343574,0,0.437074151956815,0.518834368005896,0,0,0.955908519962711
191.1,713.477528058893,NaN,394,13,NaN,0.403099987431474,0.0895427082343574,0,0.436976056052265,0.518809573781152,0,0,0.955785629833417
191.2,713.670455778347,NaN,394,13,NaN,0.403099987431474,0.0895427082343574,0,0.436877972759853,0.518784762623891,0,0,0.955662735383744
191.3,713.863358689133,NaN,394,13,NaN,0.403099987431474,0.0895427082343574,0,0.436779902080018,0.518759934531107,0,0,0.955539836611125
191.4,714.056236790384,NaN,394,13,NaN,0.403099987431474,0.0895427082343574,0,0.436681844013202,0.518735089499796,0,0,0.955416933512999
191.5,714.249090081233,NaN,394,13,NaN,0.403099987431474,0.0895427082343574,0,0.436583798559845,0.518710227526962,0,0,0.955294026086807
191.6,714.441918560813,NaN,394,13,NaN,0.403099987431474,0.0895427082343574,0,0.436485765720389,0.518685348609611,0,0,0.95517111433
191.7,714.634722228256,NaN,394,13,NaN,0.403099987431474,0.0895427082343574,0,0.436387745495273,0.518660452744756,0,0,0.95504819824003
191.8,714.827501082693,NaN,394,13,NaN,0.403099987431474,0.0895427082343574,0,0.43628973788494,0.518635539929414,0,0,0.954925277814354
191.9,715.020255123255,NaN,394,13,NaN,0.403099987431474,0.0895427082343574,0,0.436191742889832,0.518610610160607,0,0,0.954802353050439
192,715.212984349074,NaN,394,13,NaN,0.403099987431474,0.0895427082343574,0,0.436093760510391,0.518585663435361,0,0,0.954679423945752
192.1,715.405688759278,NaN,394,13,NaN,0.403099987431474,0.0895427082343574,0,0.435995790747058,0.518560699750708,0,0,0.954556490497767
192.2,715.598368352999,NaN,394,13,NaN,0.403099987431474,0.0895427082343574,0,0.435897833600277,0.518535719103686,0,0,0.954433552703963
192.3,715.791023129363,NaN,394,13,NaN,0.403099987431474,0.0895427082343574,0,0.43579988907049,0.518510721491335,0,0,0.954310610561825
192.4,715.983653087501,NaN,394,13,NaN,0.403099987431474,0.0895427082343574,0,0.435701957158141,0.518485706910702,0,0,0.954187664068843
192.5,716.176258226541,NaN,394,13,NaN,0.403099987431474,0.0895427082343574,0,0.435604037863672,0.518460675358838,0,0,0.95406471322251
192.6,716.368838545608,NaN,394,13,NaN,0.403099987431474,0.0895427082343574,0,0.435506131187527,0.5184356268328,0,0,0.953941758020327
192.7,716.561394043832,NaN,394,13,NaN,0.403099987431474,0.0895427082343574,0,0.43540823713015,0.518410561329649,0,0,0.953818798459799
192.8,716.753924720337,NaN,394,13,NaN,0.403099987431474,0.0895427082343574,0,0.435310355691986,0.51838547884645,0,0,0.953695834538436
192.9,716.94643057425,NaN,394,13,NaN,0.403099987431474,0.0895427082343574,0,0.435212486873478,0.518360379380276,0,0,0.953572866253753
193,717.138911604697,NaN,394,13,NaN,0.403099987431474,0.0895427082343574,0,0.435114630675071,0.518335262928201,0,0,0.953449893603271
193.1,717.331367810802,NaN,394,13,NaN,0.403099987431474,0.0895427082343574,0,0.43501678709721,0.518310129487306,0,0,0.953326916584516
193.2,717.52379919169,NaN,394,13,NaN,0.403099987431474,0.0895427082343574,0,0.43491895614034,0.518284979054678,0,0,0.953203935195017
193.3,717.716205746485,NaN,394,13,NaN,0.403099987431474,0.0895427082343574,0,0.434821137804906,0.518259811627406,0,0,0.953080949432312
193.4,717.90858747431,NaN,394,13,NaN,0.403099987431474,0.0895427082343574,0,0.434723332091355,0.518234627202587,0,0,0.952957959293942
193.5,718.100944374287,NaN,394,13,NaN,0.403099987431474,0.0895427082343574,0,0.434625539000132,0.51820942577732,0,0,0.952834964777453
193.6,718.293276445541,NaN,394,13,NaN,0.403099987431474,0.0895427082343574,0,0.434527758531684,0.518184207348712,0,0,0.952711965880396
193.7,718.485583687191,NaN,394,13,NaN,0.403099987431474,0.0895427082343574,0,0.434429990686456,0.518158971913872,0,0,0.952588962600328
193.8,718.67786609836,NaN,394,13,NaN,0.403099987431474,0.0895427082343574,0,0.434332235464895,0.518133719469916,0,0,0.952465954934811
193.9,718.870123678168,NaN,394,13,NaN,0.403099987431474,0.0895427082343574,0,0.434234492867449,0.518108450013963,0,0,0.952342942881413
194,719.062356425736,NaN,394,13,NaN,0.403099987431474,0.0895427082343574,0,0.434136762894565,0.51808316354314,0,0,0.952219926437705
194.1,719.254564340184,NaN,394,13,NaN,0.403099987431474,0.0895427082343574,0,0.43403904554669,0.518057860054576,0,0,0.952096905601265
194.2,719.44674742063,NaN,394,13,NaN,0.403099987431474,0.0895427082343574,0,0.433941340824271,0.518032539545405,0,0,0.951973880369676
194.3,719.638905666194,NaN,394,13,NaN,0.403099987431474,0.0895427082343574,0,0.433843648727757,0.518007202012769,0,0,0.951850850740526
194.4,719.831039075994,NaN,394,13,NaN,0.403099987431474,0.0895427082343574,0,0.433745969257597,0.51798184745381,0,0,0.951727816711407
194.5,720.023147649148,NaN,394,13,NaN,0.403099987431474,0.0895427082343574,0,0.433648302414238,0.517956475865681,0,0,0.951604778279919
194.6,720.215231384772,NaN,394,13,NaN,0.403099987431474,0.0895427082343574,0,0.43355064819813,0.517931087245534,0,0,0.951481735443663
194.7,720.407290281985,NaN,394,13,NaN,0.403099987431474,0.0895427082343574,0,0.433453006609721,0.51790568159053,0,0,0.95135868820025
194.8,720.599324339901,NaN,394,13,NaN,0.403099987431474,0.0895427082343574,0,0.43335537764946,0.517880258897833,0,0,0.951235636547293
194.9,720.791333557637,NaN,394,13,NaN,0.403099987431474,0.0895427082343574,0,0.433257761317798,0.517854819164612,0,0,0.951112580482411
195,720.983317934308,NaN,394,13,NaN,0.403099987431474,0.0895427082343574,0,0.433160157615184,0.517829362388043,0,0,0.950989520003227
195.1,721.175277469028,NaN,394,13,NaN,0.403099987431474,0.0895427082343574,0,0.433062566542069,0.517803888565305,0,0,0.950866455107373
195.2,721.367212160913,NaN,394,13,NaN,0.403099987431474,0.0895427082343574,0,0.432964988098902,0.517778397693581,0,0,0.950743385792483
195.3,721.559122009074,NaN,394,13,NaN,0.403099987431474,0.0895427082343574,0,0.432867422286134,0.517752889770061,0,0,0.950620312056195
195.4,721.751007012626,NaN,394,13,NaN,0.403099987431474,0.0895427082343574,0,0.432769869104216,0.51772736479194,0,0,0.950497233896156
195.5,721.942867170682,NaN,394,13,NaN,0.403099987431474,0.0895427082343574,0,0.432672328553599,0.517701822756417,0,0,0.950374151310016
195.6,722.134702482353,NaN,394,13,NaN,0.403099987431474,0.0895427082343574,0,0.432574800634734,0.517676263660695,0,0,0.95025106429543
195.7,722.326512946751,NaN,394,13,NaN,0.403099987431474,0.0895427082343574,0,0.432477285348074,0.517650687501985,0,0,0.950127972850059
195.8,722.518298562987,NaN,394,13,NaN,0.403099987431474,0.0895427082343574,0,0.43237978269407,0.517625094277499,0,0,0.950004876971569
195.9,722.710059330173,NaN,394,13,NaN,0.403099987431474,0.0895427082343574,0,0.432282292673174,0.517599483984457,0,0,0.949881776657631
196,722.901795247417,NaN,394,13,NaN,0.403099987431474,0.0895427082343574,0,0.432184815285839,0.517573856620083,0,0,0.949758671905921
196.1,723.093506313829,NaN,394,13,NaN,0.403099987431474,0.0895427082343574,0,0.432087350532517,0.517548212181606,0,0,0.949635562714122
196.2,723.285192528519,NaN,394,13,NaN,0.403099987431474,0.0895427082343574,0,0.431989898413661,0.517522550666259,0,0,0.94951244907992
196.3,723.476853890595,NaN,394,13,NaN,0.403099987431474,0.0895427082343574,0,0.431892458929724,0.517496872071283,0,0,0.949389331001007
196.4,723.668490399166,NaN,394,13,NaN,0.403099987431474,0.0895427082343574,0,0.431795032081161,0.51747117639392,0,0,0.94926620847508
196.5,723.860102053338,NaN,394,13,NaN,0.403099987431474,0.0895427082343574,0,0.431697617868424,0.517445463631419,0,0,0.949143081499843
196.6,724.051688852219,NaN,394,13,NaN,0.403099987431474,0.0895427082343574,0,0.431600216291968,0.517419733781034,0,0,0.949019950073002
196.7,724.243250794915,NaN,394,13,NaN,0.403099987431474,0.0895427082343574,0,0.431502827352246,0.517393986840024,0,0,0.948896814192271
196.8,724.434787880533,NaN,394,13,NaN,0.403099987431474,0.0895427082343574,0,0.431405451049714,0.517368222805653,0,0,0.948773673855367
196.9,724.626300108177,NaN,394,13,NaN,0.403099987431474,0.0895427082343574,0,0.431308087384826,0.517342441675189,0,0,0.948650529060015
197,724.817787476953,NaN,394,13,NaN,0.403099987431474,0.0895427082343574,0,0.431210736358037,0.517316643445906,0,0,0.948527379803944
197.1,725.009249985966,NaN,394,13,NaN,0.403099987431474,0.0895427082343574,0,0.431113397969803,0.517290828115083,0,0,0.948404226084886
197.2,725.200687634318,NaN,394,13,NaN,0.403099987431474,0.0895427082343574,0,0.431016072220578,0.517264995680003,0,0,0.948281067900581
197.3,725.392100421115,NaN,394,13,NaN,0.403099987431474,0.0895427082343574,0,0.430918759110819,0.517239146137955,0,0,0.948157905248774
197.4,725.583488345458,NaN,394,13,NaN,0.403099987431474,0.0895427082343574,0,0.430821458640982,0.517213279486232,0,0,0.948034738127214
197.5,725.77485140645,NaN,394,13,NaN,0.403099987431474,0.0895427082343574,0,0.430724170811523,0.517187395722134,0,0,0.947911566533657
197.6,725.966189603193,NaN,394,13,NaN,0.403099987431474,0.0895427082343574,0,0.430626895622899,0.517161494842963,0,0,0.947788390465861
197.7,726.157502934788,NaN,394,13,NaN,0.403099987431474,0.0895427082343574,0,0.430529633075566,0.517135576846028,0,0,0.947665209921594
197.8,726.348791400337,NaN,394,13,NaN,0.403099987431474,0.0895427082343574,0,0.430432383169982,0.517109641728643,0,0,0.947542024898625
197.9,726.540054998939,NaN,394,13,NaN,0.403099987431474,0.0895427082343574,0,0.430335145906603,0.517083689488127,0,0,0.94741883539473
198,726.731293729695,NaN,394,13,NaN,0.403099987431474,0.0895427082343574,0,0.430237921285889,0.517057720121802,0,0,0.947295641407691
198.1,726.922507591705,NaN,394,13,NaN,0.403099987431474,0.0895427082343574,0,0.430140709308295,0.517031733626998,0,0,0.947172442935294
198.2,727.113696584065,NaN,394,13,NaN,0.403099987431474,0.0895427082343574,0,0.430043509974282,0.517005730001048,0,0,0.94704923997533
198.3,727.304860705876,NaN,394,13,NaN,0.403099987431474,0.0895427082343574,0,0.429946323284306,0.51697970924129,0,0,0.946926032525596
198.4,727.495999956235,NaN,394,13,NaN,0.403099987431474,0.0895427082343574,0,0.429849149238827,0.516953671345069,0,0,0.946802820583896
198.5,727.687114334239,NaN,394,13,NaN,0.403099987431474,0.0895427082343574,0,0.429751987838304,0.516927616309731,0,0,0.946679604148035
198.6,727.878203838985,NaN,394,13,NaN,0.403099987431474,0.0895427082343574,0,0.429654839083195,0.516901544132632,0,0,0.946556383215828
198.7,728.06926846957,NaN,394,13,NaN,0.403099987431474,0.0895427082343574,0,0.429557702973961,0.51687545481113,0,0,0.946433157785091
198.8,728.260308225088,NaN,394,13,NaN,0.403099987431474,0.0895427082343574,0,0.42946057951106,0.516849348342588,0,0,0.946309927853648
198.9,728.451323104636,NaN,394,13,NaN,0.403099987431474,0.0895427082343574,0,0.429363468694954,0.516823224724374,0,0,0.946186693419328
199,728.642313107309,NaN,394,13,NaN,0.403099987431474,0.0895427082343574,0,0.429266370526101,0.516797083953863,0,0,0.946063454479964
199.1,728.833278232199,NaN,394,13,NaN,0.403099987431474,0.0895427082343574,0,0.429169285004963,0.516770926028433,0,0,0.945940211033396
199.2,729.024218478402,NaN,394,13,NaN,0.403099987431474,0.0895427082343574,0,0.429072212132,0.516744750945467,0,0,0.945816963077467
199.3,729.21513384501,NaN,394,13,NaN,0.403099987431474,0.0895427082343574,0,0.428975151907674,0.516718558702354,0,0,0.945693710610028
199.4,729.406024331117,NaN,394,13,NaN,0.403099987431474,0.0895427082343574,0,0.428878104332445,0.516692349296488,0,0,0.945570453628933
199.5,729.596889935814,NaN,394,13,NaN,0.403099987431474,0.0895427082343574,0,0.428781069406775,0.516666122725267,0,0,0.945447192132042
199.6,729.787730658192,NaN,394,13,NaN,0.403099987431474,0.0895427082343574,0,0.428684047131126,0.516639878986096,0,0,0.945323926117221
199.7,729.978546497344,NaN,394,13,NaN,0.403099987431474,0.0895427082343574,0,0.42858703750596,0.516613618076381,0,0,0.945200655582341
199.8,730.16933745236,NaN,394,13,NaN,0.403099987431474,0.0895427082343574,0,0.428490040531739,0.516587339993539,0,0,0.945077380525277
199.9,730.36010352233,NaN,394,13,NaN,0.403099987431474,0.0895427082343574,0,0.428393056208925,0.516561044734986,0,0,0.944954100943911
200,730.550844706344,NaN,394,13,NaN,0.403099987431474,0.0895427082343574,0,0.428296084537983,0.516534732298147,0,0,0.94483081683613
200.1,730.74156100349,NaN,394,13,NaN,0.403099987431474,0.0895427082343574,0,0.428199125519373,0.516508402680451,0,0,0.944707528199824
200.2,730.932252412858,NaN,394,13,NaN,0.403099987431474,0.0895427082343574,0,0.428102179153561,0.516482055879331,0,0,0.944584235032892
200.3,731.122918933536,NaN,394,13,NaN,0.403099987431474,0.0895427082343574,0,0.428005245441009,0.516455691892226,0,0,0.944460937333236
200.4,731.31356056461,NaN,394,13,NaN,0.403099987431474,0.0895427082343574,0,0.427908324382182,0.516429310716581,0,0,0.944337635098763
200.5,731.504177305169,NaN,394,13,NaN,0.403099987431474,0.0895427082343574,0,0.427811415977543,0.516402912349843,0,0,0.944214328327387
200.6,731.694769154299,NaN,394,13,NaN,0.403099987431474,0.0895427082343574,0,0.427714520227558,0.516376496789468,0,0,0.944091017017025
200.7,731.885336111086,NaN,394,13,NaN,0.403099987431474,0.0895427082343574,0,0.427617637132689,0.516350064032913,0,0,0.943967701165602
200.8,732.075878174615,NaN,394,13,NaN,0.403099987431474,0.0895427082343574,0,0.427520766693403,0.516323614077643,0,0,0.943844380771046
200.9,732.266395343971,NaN,394,13,NaN,0.403099987431474,0.0895427082343574,0,0.427423908910165,0.516297146921127,0,0,0.943721055831292
201,732.45688761824,NaN,394,13,NaN,0.403099987431474,0.0895427082343574,0,0.42732706378344,0.516270662560839,0,0,0.943597726344279
201.1,732.647354996505,NaN,394,13,NaN,0.403099987431474,0.0895427082343574,0,0.427230231313693,0.516244160994259,0,0,0.943474392307952
201.2,732.837797477849,NaN,394,13,NaN,0.403099987431474,0.0895427082343574,0,0.427133411501391,0.51621764221887,0,0,0.943351053720261
201.3,733.028215061356,NaN,394,13,NaN,0.403099987431474,0.0895427082343574,0,0.427036604347,0.516191106232161,0,0,0.943227710579161
201.4,733.218607746108,NaN,394,13,NaN,0.403099987431474,0.0895427082343574,0,0.426939809850986,0.516164553031627,0,0,0.943104362882613
201.5,733.408975531188,NaN,394,13,NaN,0.403099987431474,0.0895427082343574,0,0.426843028013816,0.516137982614767,0,0,0.942981010628583
201.6,733.599318415675,NaN,394,13,NaN,0.403099987431474,0.0895427082343574,0,0.426746258835957,0.516111394979086,0,0,0.942857653815043
201.7,733.789636398653,NaN,394,13,NaN,0.403099987431474,0.0895427082343574,0,0.426649502317876,0.516084790122093,0,0,0.942734292439969
201.8,733.9799294792,NaN,394,13,NaN,0.403099987431474,0.0895427082343574,0,0.426552758460041,0.516058168041302,0,0,0.942610926501343
201.9,734.170197656397,NaN,394,13,NaN,0.403099987431474,0.0895427082343574,0,0.42645602726292,0.516031528734233,0,0,0.942487555997153
202,734.360440929323,NaN,394,13,NaN,0.403099987431474,0.0895427082343574,0,0.426359308726979,0.51600487219841,0,0,0.94236418092539
202.1,734.550659297057,NaN,394,13,NaN,0.403099987431474,0.0895427082343574,0,0.426262602852689,0.515978198431364,0,0,0.942240801284053
202.2,734.740852758679,NaN,394,13,NaN,0.403099987431474,0.0895427082343574,0,0.426165909640517,0.515951507430629,0,0,0.942117417071146
202.3,734.931021313264,NaN,394,13,NaN,0.403099987431474,0.0895427082343574,0,0.426069229090932,0.515924799193744,0,0,0.941994028284676
202.4,735.121164959892,NaN,394,13,NaN,0.403099987431474,0.0895427082343574,0,0.425972561204403,0.515898073718255,0,0,0.941870634922658
202.5,735.311283697638,NaN,394,13,NaN,0.403099987431474,0.0895427082343574,0,0.425875905981399,0.515871331001711,0,0,0.94174723698311
202.6,735.501377525579,NaN,394,13,NaN,0.403099987431474,0.0895427082343574,0,0.425779263422391,0.515844571041667,0,0,0.941623834464059
202.7,735.691446442791,NaN,394,13,NaN,0.403099987431474,0.0895427082343574,0,0.425682633527847,0.515817793835684,0,0,0.941500427363532
202.8,735.88149044835,NaN,394,13,NaN,0.403099987431474,0.0895427082343574,0,0.425586016298239,0.515790999381326,0,0,0.941377015679565
202.9,736.07150954133,NaN,394,13,NaN,0.403099987431474,0.0895427082343574,0,0.425489411734035,0.515764187676164,0,0,0.9412535994102
203,736.261503720805,NaN,394,13,NaN,0.403099987431474,0.0895427082343574,0,0.425392819835708,0.515737358717773,0,0,0.941130178553481
203.1,736.451472985849,NaN,394,13,NaN,0.403099987431474,0.0895427082343574,0,0.425296240603727,0.515710512503733,0,0,0.94100675310746
203.2,736.641417335535,NaN,394,13,NaN,0.403099987431474,0.0895427082343574,0,0.425199674038565,0.515683649031629,0,0,0.940883323070194
203.3,736.831336768937,NaN,394,13,NaN,0.403099987431474,0.0895427082343574,0,0.425103120140691,0.515656768299052,0,0,0.940759888439744
203.4,737.021231285127,NaN,394,13,NaN,0.403099987431474,0.0895427082343574,0,0.425006578910579,0.515629870303598,0,0,0.940636449214177
203.5,737.211100883176,NaN,394,13,NaN,0.403099987431474,0.0895427082343574,0,0.424910050348699,0.515602955042867,0,0,0.940513005391567
203.6,737.400945562155,NaN,394,13,NaN,0.403099987431474,0.0895427082343574,0,0.424813534455525,0.515576022514465,0,0,0.94038955696999
203.7,737.590765321136,NaN,394,13,NaN,0.403099987431474,0.0895427082343574,0,0.424717031231528,0.515549072716003,0,0,0.940266103947531
203.8,737.780560159188,NaN,394,13,NaN,0.403099987431474,0.0895427082343574,0,0.424620540677181,0.515522105645096,0,0,0.940142646322277
203.9,737.970330075381,NaN,394,13,NaN,0.403099987431474,0.0895427082343574,0,0.424524062792958,0.515495121299366,0,0,0.940019184092323
204,738.160075068785,NaN,394,13,NaN,0.403099987431474,0.0895427082343574,0,0.424427597579331,0.515468119676438,0,0,0.939895717255768
204.1,738.349795138467,NaN,394,13,NaN,0.403099987431474,0.0895427082343574,0,0.424331145036773,0.515441100773944,0,0,0.939772245810717
204.2,738.539490283497,NaN,394,13,NaN,0.403099987431474,0.0895427082343574,0,0.424234705165759,0.515414064589519,0,0,0.939648769755279
204.3,738.729160502942,NaN,394,13,NaN,0.403099987431474,0.0895427082343574,0,0.424138277966763,0.515387011120806,0,0,0.939525289087569
204.4,738.918805795869,NaN,394,13,NaN,0.403099987431474,0.0895427082343574,0,0.424041863440259,0.515359940365451,0,0,0.939401803805709
204.5,739.108426161344,NaN,394,13,NaN,0.403099987431474,0.0895427082343574,0,0.423945461586721,0.515332852321104,0,0,0.939278313907825
204.6,739.298021598435,NaN,394,13,NaN,0.403099987431474,0.0895427082343574,0,0.423849072406624,0.515305746985424,0,0,0.939154819392047
204.7,739.487592106205,NaN,394,13,NaN,0.403099987431474,0.0895427082343574,0,0.423752695900443,0.51527862435607,0,0,0.939031320256513
204.8,739.677137683722,NaN,394,13,NaN,0.403099987431474,0.0895427082343574,0,0.423656332068654,0.515251484430711,0,0,0.938907816499365
204.9,739.866658330048,NaN,394,13,NaN,0.403099987431474,0.0895427082343574,0,0.423559980911732,0.515224327207018,0,0,0.93878430811875
205,740.056154044249,NaN,394,13,NaN,0.403099987431474,0.0895427082343574,0,0.423463642430152,0.515197152682668,0,0,0.938660795112821
205.1,740.245624825387,NaN,394,13,NaN,0.403099987431474,0.0895427082343574,0,0.423367316624392,0.515169960855344,0,0,0.938537277479735
205.2,740.435070672527,NaN,394,13,NaN,0.403099987431474,0.0895427082343574,0,0.423271003494926,0.515142751722731,0,0,0.938413755217658
205.3,740.62449158473,NaN,394,13,NaN,0.403099987431474,0.0895427082343574,0,0.423174703042233,0.515115525282524,0,0,0.938290228324757
205.4,740.813887561058,NaN,394,13,NaN,0.403099987431474,0.0895427082343574,0,0.423078415266788,0.515088281532419,0,0,0.938166696799207
205.5,741.003258600573,NaN,394,13,NaN,0.403099987431474,0.0895427082343574,0,0.422982140169069,0.515061020470118,0,0,0.938043160639187
205.6,741.192604702336,NaN,394,13,NaN,0.403099987431474,0.0895427082343574,0,0.422885877749553,0.51503374209333,0,0,0.937919619842883
205.7,741.381925865408,NaN,394,13,NaN,0.403099987431474,0.0895427082343574,0,0.422789628008718,0.515006446399766,0,0,0.937796074408484
205.8,741.571222088848,NaN,394,13,NaN,0.403099987431474,0.0895427082343574,0,0.422693390947042,0.514979133387146,0,0,0.937672524334188
205.9,741.760493371716,NaN,394,13,NaN,0.403099987431474,0.0895427082343574,0,0.422597166565002,0.514951803053192,0,0,0.937548969618194
206,741.949739713071,NaN,394,13,NaN,0.403099987431474,0.0895427082343574,0,0.422500954863077,0.514924455395632,0,0,0.937425410258709
206.1,742.138961111972,NaN,394,13,NaN,0.403099987431474,0.0895427082343574,0,0.422404755841747,0.514897090412199,0,0,0.937301846253946
206.2,742.328157567475,NaN,394,13,NaN,0.403099987431474,0.0895427082343574,0,0.42230856950149,0.514869708100632,0,0,0.937178277602122
206.3,742.51732907864,NaN,394,13,NaN,0.403099987431474,0.0895427082343574,0,0.422212395842784,0.514842308458674,0,0,0.937054704301458
206.4,742.706475644522,NaN,394,13,NaN,0.403099987431474,0.0895427082343574,0,0.42211623486611,0.514814891484074,0,0,0.936931126350184
206.5,742.895597264178,NaN,394,13,NaN,0.403099987431474,0.0895427082343574,0,0.422020086571948,0.514787457174585,0,0,0.936807543746532
206.6,743.084693936665,NaN,394,13,NaN,0.403099987431474,0.0895427082343574,0,0.421923950960776,0.514760005527966,0,0,0.936683956488742
206.7,743.273765661037,NaN,394,13,NaN,0.403099987431474,0.0895427082343574,0,0.421827828033076,0.514732536541982,0,0,0.936560364575058
206.8,743.462812436349,NaN,394,13,NaN,0.403099987431474,0.0895427082343574,0,0.421731717789328,0.514705050214401,0,0,0.936436768003729
206.9,743.651834261656,NaN,394,13,NaN,0.403099987431474,0.0895427082343574,0,0.421635620230012,0.514677546542998,0,0,0.93631316677301
207,743.840831136011,NaN,394,13,NaN,0.403099987431474,0.0895427082343574,0,0.42153953535561,0.514650025525551,0,0,0.936189560881162
207.1,744.029803058468,NaN,394,13,NaN,0.403099987431474,0.0895427082343574,0,0.421443463166604,0.514622487159846,0,0,0.93606595032645
207.2,744.21875002808,NaN,394,13,NaN,0.403099987431474,0.0895427082343574,0,0.421347403663473,0.514594931443673,0,0,0.935942335107146
207.3,744.407672043899,NaN,394,13,NaN,0.403099987431474,0.0895427082343574,0,0.421251356846701,0.514567358374825,0,0,0.935818715221526
207.4,744.596569104977,NaN,394,13,NaN,0.403099987431474,0.0895427082343574,0,0.42115532271677,0.514539767951102,0,0,0.935695090667872
207.5,744.785441210365,NaN,394,13,NaN,0.403099987431474,0.0895427082343574,0,0.42105930127416,0.514512160170311,0,0,0.935571461444472
207.6,744.974288359113,NaN,394,13,NaN,0.403099987431474,0.0895427082343574,0,0.420963292519357,0.514484535030261,0,0,0.935447827549617
207.7,745.163110550273,NaN,394,13,NaN,0.403099987431474,0.0895427082343574,0,0.420867296452841,0.514456892528767,0,0,0.935324188981608
207.8,745.351907782894,NaN,394,13,NaN,0.403099987431474,0.0895427082343574,0,0.420771313075096,0.51442923266365,0,0,0.935200545738746
207.9,745.540680056025,NaN,394,13,NaN,0.403099987431474,0.0895427082343574,0,0.420675342386606,0.514401555432735,0,0,0.935076897819341
208,745.729427368716,NaN,394,13,NaN,0.403099987431474,0.0895427082343574,0,0.420579384387854,0.514373860833854,0,0,0.934953245221708
208.1,745.918149720013,NaN,394,13,NaN,0.403099987431474,0.0895427082343574,0,0.420483439079324,0.514346148864841,0,0,0.934829587944166
208.2,746.106847108965,NaN,394,13,NaN,0.403099987431474,0.0895427082343574,0,0.4203875064615,0.514318419523539,0,0,0.93470592598504
208.3,746.29551953462,NaN,394,13,NaN,0.403099987431474,0.0895427082343574,0,0.420291586534867,0.514290672807793,0,0,0.93458225934266
208.4,746.484166996023,NaN,394,13,NaN,0.403099987431474,0.0895427082343574,0,0.420195679299909,0.514262908715455,0,0,0.934458588015364
208.5,746.672789492221,NaN,394,13,NaN,0.403099987431474,0.0895427082343574,0,0.420099784757111,0.514235127244382,0,0,0.934334912001493
208.6,746.86138702226,NaN,394,13,NaN,0.403099987431474,0.0895427082343574,0,0.420003902906958,0.514207328392434,0,0,0.934211231299392
208.7,747.049959585185,NaN,394,13,NaN,0.403099987431474,0.0895427082343574,0,0.419908033749936,0.51417951215748,0,0,0.934087545907416
208.8,747.23850718004,NaN,394,13,NaN,0.403099987431474,0.0895427082343574,0,0.41981217728653,0.51415167853739,0,0,0.93396385582392
208.9,747.42702980587,NaN,394,13,NaN,0.403099987431474,0.0895427082343574,0,0.419716333517227,0.514123827530042,0,0,0.933840161047269
209,747.615527461719,NaN,394,13,NaN,0.403099987431474,0.0895427082343574,0,0.419620502442512,0.514095959133318,0,0,0.93371646157583
209.1,747.804000146628,NaN,394,13,NaN,0.403099987431474,0.0895427082343574,0,0.419524684062872,0.514068073345106,0,0,0.933592757407978
209.2,747.992447859642,NaN,394,13,NaN,0.403099987431474,0.0895427082343574,0,0.419428878378794,0.514040170163299,0,0,0.933469048542093
209.3,748.180870599802,NaN,394,13,NaN,0.403099987431474,0.0895427082343574,0,0.419333085390765,0.514012249585794,0,0,0.933345334976558
209.4,748.36926836615,NaN,394,13,NaN,0.403099987431474,0.0895427082343574,0,0.419237305099271,0.513984311610494,0,0,0.933221616709765
209.5,748.557641157726,NaN,394,13,NaN,0.403099987431474,0.0895427082343574,0,0.419141537504801,0.513956356235307,0,0,0.933097893740109
209.6,748.745988973572,NaN,394,13,NaN,0.403099987431474,0.0895427082343574,0,0.419045782607843,0.513928383458147,0,0,0.93297416606599
209.7,748.934311812727,NaN,394,13,NaN,0.403099987431474,0.0895427082343574,0,0.418950040408884,0.513900393276932,0,0,0.932850433685816
209.8,749.122609674231,NaN,394,13,NaN,0.403099987431474,0.0895427082343574,0,0.418854310908412,0.513872385689587,0,0,0.932726696597998
209.9,749.310882557123,NaN,394,13,NaN,0.403099987431474,0.0895427082343574,0,0.418758594106916,0.513844360694038,0,0,0.932602954800955
210,749.499130460441,NaN,394,13,NaN,0.403099987431474,0.0895427082343574,0,0.418662890004886,0.513816318288222,0,0,0.932479208293108
210.1,749.687353383224,NaN,394,13,NaN,0.403099987431474,0.0895427082343574,0,0.418567198602809,0.513788258470076,0,0,0.932355457072885
210.2,749.875551324509,NaN,394,13,NaN,0.403099987431474,0.0895427082343574,0,0.418471519901176,0.513760181237546,0,0,0.932231701138722
210.3,750.063724283333,NaN,394,13,NaN,0.403099987431474,0.0895427082343574,0,0.418375853900476,0.51373208658858,0,0,0.932107940489056
210.4,750.251872258732,NaN,394,13,NaN,0.403099987431474,0.0895427082343574,0,0.418280200601199,0.513703974521134,0,0,0.931984175122332
210.5,750.439995249743,NaN,394,13,NaN,0.403099987431474,0.0895427082343574,0,0.418184560003834,0.513675845033167,0,0,0.931860405037001
210.6,750.628093255401,NaN,394,13,NaN,0.403099987431474,0.0895427082343574,0,0.418088932108873,0.513647698122645,0,0,0.931736630231518
210.7,750.81616627474,NaN,394,13,NaN,0.403099987431474,0.0895427082343574,0,0.417993316916806,0.513619533787537,0,0,0.931612850704343
210.8,751.004214306796,NaN,394,13,NaN,0.403099987431474,0.0895427082343574,0,0.417897714428123,0.51359135202582,0,0,0.931489066453943
210.9,751.192237350601,NaN,394,13,NaN,0.403099987431474,0.0895427082343574,0,0.417802124643317,0.513563152835474,0,0,0.931365277478791
211,751.380235405191,NaN,394,13,NaN,0.403099987431474,0.0895427082343574,0,0.417706547562878,0.513534936214484,0,0,0.931241483777362
211.1,751.568208469596,NaN,394,13,NaN,0.403099987431474,0.0895427082343574,0,0.417610983187298,0.513506702160843,0,0,0.93111768534814
211.2,751.756156542851,NaN,394,13,NaN,0.403099987431474,0.0895427082343574,0,0.417515431517069,0.513478450672545,0,0,0.930993882189614
211.3,751.944079623986,NaN,394,13,NaN,0.403099987431474,0.0895427082343574,0,0.417419892552683,0.513450181747593,0,0,0.930870074300275
211.4,752.131977712034,NaN,394,13,NaN,0.403099987431474,0.0895427082343574,0,0.417324366294632,0.513421895383993,0,0,0.930746261678625
211.5,752.319850806024,NaN,394,13,NaN,0.403099987431474,0.0895427082343574,0,0.41722885274341,0.513393591579756,0,0,0.930622444323167
211.6,752.507698904987,NaN,394,13,NaN,0.403099987431474,0.0895427082343574,0,0.41713335189951,0.513365270332901,0,0,0.930498622232411
211.7,752.695522007954,NaN,394,13,NaN,0.403099987431474,0.0895427082343574,0,0.417037863763424,0.513336931641449,0,0,0.930374795404872
211.8,752.883320113952,NaN,394,13,NaN,0.403099987431474,0.0895427082343574,0,0.416942388335646,0.513308575503427,0,0,0.930250963839072
211.9,753.071093222012,NaN,394,13,NaN,0.403099987431474,0.0895427082343574,0,0.416846925616669,0.513280201916868,0,0,0.930127127533538
212,753.258841331162,NaN,394,13,NaN,0.403099987431474,0.0895427082343574,0,0.416751475606989,0.513251810879811,0,0,0.930003286486799
212.1,753.446564440429,NaN,394,13,NaN,0.403099987431474,0.0895427082343574,0,0.416656038307098,0.513223402390297,0,0,0.929879440697395
212.2,753.63426254884,NaN,394,13,NaN,0.403099987431474,0.0895427082343574,0,0.416560613717492,0.513194976446376,0,0,0.929755590163868
212.3,753.821935655422,NaN,394,13,NaN,0.403099987431474,0.0895427082343574,0,0.416465201838666,0.5131665330461,0,0,0.929631734884766
212.4,754.009583759202,NaN,394,13,NaN,0.403099987431474,0.0895427082343574,0,0.416369802671114,0.513138072187528,0,0,0.929507874858642
212.5,754.197206859206,NaN,394,13,NaN,0.403099987431474,0.0895427082343574,0,0.416274416215331,0.513109593868725,0,0,0.929384010084056
212.6,754.384804954458,NaN,394,13,NaN,0.403099987431474,0.0895427082343574,0,0.416179042471814,0.513081098087759,0,0,0.929260140559574
212.7,754.572378043983,NaN,394,13,NaN,0.403099987431474,0.0895427082343574,0,0.416083681441058,0.513052584842705,0,0,0.929136266283763
212.8,754.759926126805,NaN,394,13,NaN,0.403099987431474,0.0895427082343574,0,0.41598833312356,0.513024054131641,0,0,0.929012387255201
212.9,754.947449201948,NaN,394,13,NaN,0.403099987431474,0.0895427082343574,0,0.415892997519815,0.512995505952654,0,0,0.928888503472468
213,755.134947268436,NaN,394,13,NaN,0.403099987431474,0.0895427082343574,0,0.41579767463032,0.512966940303832,0,0,0.928764614934151
213.1,755.322420325291,NaN,394,13,NaN,0.403099987431474,0.0895427082343574,0,0.415702364455572,0.512938357183271,0,0,0.928640721638842
213.2,755.509868371535,NaN,394,13,NaN,0.403099987431474,0.0895427082343574,0,0.415607066996068,0.512909756589071,0,0,0.928516823585139
213.3,755.697291406189,NaN,394,13,NaN,0.403099987431474,0.0895427082343574,0,0.415511782252306,0.512881138519337,0,0,0.928392920771643
213.4,755.884689428276,NaN,394,13,NaN,0.403099987431474,0.0895427082343574,0,0.415416510224783,0.512852502972182,0,0,0.928269013196965
213.5,756.072062436814,NaN,394,13,NaN,0.403099987431474,0.0895427082343574,0,0.415321250913997,0.51282384994572,0,0,0.928145100859718
213.6,756.259410430826,NaN,394,13,NaN,0.403099987431474,0.0895427082343574,0,0.415226004320447,0.512795179438074,0,0,0.928021183758521
213.7,756.44673340933,NaN,394,13,NaN,0.403099987431474,0.0895427082343574,0,0.41513077044463,0.512766491447368,0,0,0.927897261891999
213.8,756.634031371344,NaN,394,13,NaN,0.403099987431474,0.0895427082343574,0,0.415035549287046,0.512737785971736,0,0,0.927773335258782
213.9,756.821304315889,NaN,394,13,NaN,0.403099987431474,0.0895427082343574,0,0.414940340848193,0.512709063009314,0,0,0.927649403857507
214,757.008552241982,NaN,394,13,NaN,0.403099987431474,0.0895427082343574,0,0.414845145128571,0.512680322558244,0,0,0.927525467686815
214.1,757.19577514864,NaN,394,13,NaN,0.403099987431474,0.0895427082343574,0,0.414749962128679,0.512651564616675,0,0,0.927401526745353
214.2,757.382973034881,NaN,394,13,NaN,0.403099987431474,0.0895427082343574,0,0.414654791849016,0.512622789182757,0,0,0.927277581031773
214.3,757.570145899721,NaN,394,13,NaN,0.403099987431474,0.0895427082343574,0,0.414559634290084,0.51259399625465,0,0,0.927153630544733
214.4,757.757293742176,NaN,394,13,NaN,0.403099987431474,0.0895427082343574,0,0.414464489452381,0.512565185830516,0,0,0.927029675282897
214.5,757.944416561261,NaN,394,13,NaN,0.403099987431474,0.0895427082343574,0,0.414369357336409,0.512536357908524,0,0,0.926905715244933
214.6,758.131514355992,NaN,394,13,NaN,0.403099987431474,0.0895427082343574,0,0.414274237942668,0.512507512486848,0,0,0.926781750429515
214.7,758.318587125383,NaN,394,13,NaN,0.403099987431474,0.0895427082343574,0,0.414179131271659,0.512478649563665,0,0,0.926657780835324
214.8,758.505634868449,NaN,394,13,NaN,0.403099987431474,0.0895427082343574,0,0.414084037323884,0.512449769137161,0,0,0.926533806461046
214.9,758.692657584202,NaN,394,13,NaN,0.403099987431474,0.0895427082343574,0,0.413988956099845,0.512420871205525,0,0,0.926409827305369
215,758.879655271655,NaN,394,13,NaN,0.403099987431474,0.0895427082343574,0,0.413893887600042,0.512391955766951,0,0,0.926285843366993
215.1,759.066627929821,NaN,394,13,NaN,0.403099987431474,0.0895427082343574,0,0.413798831824978,0.512363022819639,0,0,0.926161854644617
215.2,759.253575557712,NaN,394,13,NaN,0.403099987431474,0.0895427082343574,0,0.413703788775156,0.512334072361794,0,0,0.92603786113695
215.3,759.440498154339,NaN,394,13,NaN,0.403099987431474,0.0895427082343574,0,0.413608758451078,0.512305104391626,0,0,0.925913862842704
215.4,759.627395718713,NaN,394,13,NaN,0.403099987431474,0.0895427082343574,0,0.413513740853246,0.512276118907352,0,0,0.925789859760598
215.5,759.814268249845,NaN,394,13,NaN,0.403099987431474,0.0895427082343574,0,0.413418735982164,0.512247115907191,0,0,0.925665851889355
215.6,760.001115746745,NaN,394,13,NaN,0.403099987431474,0.0895427082343574,0,0.413323743838336,0.51221809538937,0,0,0.925541839227706
215.7,760.187938209553,NaN,394,13,NaN,0.403099987431474,0.0895427082343574,0,0.413228764421689,0.512189057351945,0,0,0.925417821773634
215.8,760.374735638408,NaN,394,13,NaN,0.403099987431474,0.0895427082343574,0,0.413133797732153,0.512160001792975,0,0,0.925293799525128
215.9,760.561508032312,NaN,394,13,NaN,0.403099987431474,0.0895427082343574,0,0.413038843770236,0.512130928710703,0,0,0.925169772480939
216,760.748255390266,NaN,394,13,NaN,0.403099987431474,0.0895427082343574,0,0.412943902536445,0.512101838103376,0,0,0.925045740639822
216.1,760.934977711273,NaN,394,13,NaN,0.403099987431474,0.0895427082343574,0,0.412848974031288,0.512072729969247,0,0,0.924921704000535
216.2,761.121674994336,NaN,394,13,NaN,0.403099987431474,0.0895427082343574,0,0.412754058255271,0.512043604306572,0,0,0.924797662561843
216.3,761.308347238456,NaN,394,13,NaN,0.403099987431474,0.0895427082343574,0,0.412659155208902,0.512014461113615,0,0,0.924673616322517
216.4,761.494994442635,NaN,394,13,NaN,0.403099987431474,0.0895427082343574,0,0.412564264892688,0.511985300388644,0,0,0.924549565281332
216.5,761.681616605877,NaN,394,13,NaN,0.403099987431474,0.0895427082343574,0,0.412469387307136,0.511956122129931,0,0,0.924425509437067
216.6,761.868213727184,NaN,394,13,NaN,0.403099987431474,0.0895427082343574,0,0.412374522452753,0.511926926335756,0,0,0.924301448788509
216.7,762.054785805558,NaN,394,13,NaN,0.403099987431474,0.0895427082343574,0,0.412279670330047,0.511897713004401,0,0,0.924177383334448
216.8,762.241332840001,NaN,394,13,NaN,0.403099987431474,0.0895427082343574,0,0.412184830939525,0.511868482134155,0,0,0.924053313073679
216.9,762.427854829516,NaN,394,13,NaN,0.403099987431474,0.0895427082343574,0,0.412090004281693,0.511839233723312,0,0,0.923929238005005
217,762.614351773105,NaN,394,13,NaN,0.403099987431474,0.0895427082343574,0,0.41199519035706,0.51180996777017,0,0,0.92380515812723
217.1,762.800823669772,NaN,394,13,NaN,0.403099987431474,0.0895427082343574,0,0.411900389166131,0.511780684273035,0,0,0.923681073439166
217.2,762.987270518517,NaN,394,13,NaN,0.403099987431474,0.0895427082343574,0,0.411805600709415,0.511751383230216,0,0,0.92355698393963
217.3,763.173692318345,NaN,394,13,NaN,0.403099987431474,0.0895427082343574,0,0.411710824987418,0.511722064640027,0,0,0.923432889627444
217.4,763.360089068257,NaN,394,13,NaN,0.403099987431474,0.0895427082343574,0,0.411616062000647,0.511692728500787,0,0,0.923308790501434
217.5,763.546460767257,NaN,394,13,NaN,0.403099987431474,0.0895427082343574,0,0.41152131174961,0.511663374810823,0,0,0.923184686560432
217.6,763.732807414347,NaN,394,13,NaN,0.403099987431474,0.0895427082343574,0,0.411426574234813,0.511634003568463,0,0,0.923060577803276
217.7,763.919129008529,NaN,394,13,NaN,0.403099987431474,0.0895427082343574,0,0.411331849456763,0.511604614772044,0,0,0.922936464228808
217.8,764.105425548806,NaN,394,13,NaN,0.403099987431474,0.0895427082343574,0,0.411237137415969,0.511575208419906,0,0,0.922812345835875
217.9,764.291697034181,NaN,394,13,NaN,0.403099987431474,0.0895427082343574,0,0.411142438112935,0.511545784510395,0,0,0.92268822262333
218,764.477943463657,NaN,394,13,NaN,0.403099987431474,0.0895427082343574,0,0.411047751548171,0.511516343041861,0,0,0.922564094590032
218.1,764.664164836236,NaN,394,13,NaN,0.403099987431474,0.0895427082343574,0,0.410953077722182,0.511486884012661,0,0,0.922439961734843
218.2,764.850361150922,NaN,394,13,NaN,0.403099987431474,0.0895427082343574,0,0.410858416635475,0.511457407421156,0,0,0.922315824056631
218.3,765.036532406716,NaN,394,13,NaN,0.403099987431474,0.0895427082343574,0,0.410763768288558,0.511427913265713,0,0,0.922191681554271
218.4,765.222678602623,NaN,394,13,NaN,0.403099987431474,0.0895427082343574,0,0.410669132681937,0.511398401544704,0,0,0.92206753422664
218.5,765.408799737645,NaN,394,13,NaN,0.403099987431474,0.0895427082343574,0,0.410574509816119,0.511368872256504,0,0,0.921943382072623
218.6,765.594895810784,NaN,394,13,NaN,0.403099987431474,0.0895427082343574,0,0.410479899691612,0.511339325399497,0,0,0.921819225091109
218.7,765.780966821044,NaN,394,13,NaN,0.403099987431474,0.0895427082343574,0,0.410385302308922,0.511309760972071,0,0,0.921695063280992
218.8,765.967012767427,NaN,394,13,NaN,0.403099987431474,0.0895427082343574,0,0.410290717668555,0.511280178972616,0,0,0.921570896641172
218.9,766.153033648937,NaN,394,13,NaN,0.403099987431474,0.0895427082343574,0,0.41019614577102,0.511250579399532,0,0,0.921446725170552
219,766.339029464577,NaN,394,13,NaN,0.403099987431474,0.0895427082343574,0,0.410101586616823,0.51122096225122,0,0,0.921322548868043
219.1,766.525000213349,NaN,394,13,NaN,0.403099987431474,0.0895427082343574,0,0.41000704020647,0.511191327526091,0,0,0.921198367732561
219.2,766.710945894258,NaN,394,13,NaN,0.403099987431474,0.0895427082343574,0,0.409912506540469,0.511161675222556,0,0,0.921074181763024
219.3,766.896866506304,NaN,394,13,NaN,0.403099987431474,0.0895427082343574,0,0.409817985619325,0.511132005339034,0,0,0.920949990958359
219.4,767.082762048493,NaN,394,13,NaN,0.403099987431474,0.0895427082343574,0,0.409723477443547,0.511102317873949,0,0,0.920825795317496
219.5,767.268632519827,NaN,394,13,NaN,0.403099987431474,0.0895427082343574,0,0.409628982013641,0.51107261282573,0,0,0.920701594839372
219.6,767.454477919309,NaN,394,13,NaN,0.403099987431474,0.0895427082343574,0,0.409534499330114,0.511042890192812,0,0,0.920577389522926
219.7,767.640298245943,NaN,394,13,NaN,0.403099987431474,0.0895427082343574,0,0.409440029393472,0.511013149973633,0,0,0.920453179367105
219.8,767.826093498731,NaN,394,13,NaN,0.403099987431474,0.0895427082343574,0,0.409345572204222,0.510983392166639,0,0,0.920328964370861
219.9,768.011863676677,NaN,394,13,NaN,0.403099987431474,0.0895427082343574,0,0.409251127762871,0.51095361677028,0,0,0.920204744533151
220,768.197608778784,NaN,394,13,NaN,0.403099987431474,0.0895427082343574,0,0.409156696069926,0.510923823783009,0,0,0.920080519852935
220.1,768.383328804056,NaN,394,13,NaN,0.403099987431474,0.0895427082343574,0,0.409062277125893,0.510894013203288,0,0,0.919956290329182
220.2,768.569023751495,NaN,394,13,NaN,0.403099987431474,0.0895427082343574,0,0.408967870931279,0.510864185029583,0,0,0.919832055960862
220.3,768.754693620106,NaN,394,13,NaN,0.403099987431474,0.0895427082343574,0,0.408873477486592,0.510834339260363,0,0,0.919707816746955
220.4,768.940338408891,NaN,394,13,NaN,0.403099987431474,0.0895427082343574,0,0.408779096792336,0.510804475894106,0,0,0.919583572686442
220.5,769.125958116854,NaN,394,13,NaN,0.403099987431474,0.0895427082343574,0,0.40868472884902,0.510774594929291,0,0,0.919459323778311
220.6,769.311552742998,NaN,394,13,NaN,0.403099987431474,0.0895427082343574,0,0.408590373657149,0.510744696364406,0,0,0.919335070021555
220.7,769.497122286327,NaN,394,13,NaN,0.403099987431474,0.0895427082343574,0,0.408496031217231,0.510714780197942,0,0,0.919210811415173
220.8,769.682666745845,NaN,394,13,NaN,0.403099987431474,0.0895427082343574,0,0.408401701529772,0.510684846428396,0,0,0.919086547958168
220.9,769.868186120554,NaN,394,13,NaN,0.403099987431474,0.0895427082343574,0,0.408307384595279,0.51065489505427,0,0,0.918962279649549
221,770.053680409458,NaN,394,13,NaN,0.403099987431474,0.0895427082343574,0,0.408213080414257,0.510624926074072,0,0,0.918838006488329
221.1,770.239149611562,NaN,394,13,NaN,0.403099987431474,0.0895427082343574,0,0.408118788987215,0.510594939486313,0,0,0.918713728473528
221.2,770.424593725868,NaN,394,13,NaN,0.403099987431474,0.0895427082343574,0,0.408024510314658,0.510564935289512,0,0,0.91858944560417
221.3,770.61001275138,NaN,394,13,NaN,0.403099987431474,0.0895427082343574,0,0.407930244397093,0.510534913482191,0,0,0.918465157879284
221.4,770.795406687101,NaN,394,13,NaN,0.403099987431474,0.0895427082343574,0,0.407835991235027,0.51050487406288,0,0,0.918340865297906
221.5,770.980775532036,NaN,394,13,NaN,0.403099987431474,0.0895427082343574,0,0.407741750828965,0.51047481703011,0,0,0.918216567859075
221.6,771.166119285189,NaN,394,13,NaN,0.403099987431474,0.0895427082343574,0,0.407647523179415,0.510444742382422,0,0,0.918092265561837
221.7,771.351437945561,NaN,394,13,NaN,0.403099987431474,0.0895427082343574,0,0.407553308286883,0.510414650118358,0,0,0.917967958405241
221.8,771.536731512159,NaN,394,13,NaN,0.403099987431474,0.0895427082343574,0,0.407459106151876,0.510384540236468,0,0,0.917843646388344
221.9,771.721999983985,NaN,394,13,NaN,0.403099987431474,0.0895427082343574,0,0.4073649167749,0.510354412735307,0,0,0.917719329510207
222,771.907243360043,NaN,394,13,NaN,0.403099987431474,0.0895427082343574,0,0.407270740156461,0.510324267613433,0,0,0.917595007769894
222.1,772.092461639336,NaN,394,13,NaN,0.403099987431474,0.0895427082343574,0,0.407176576297066,0.510294104869413,0,0,0.917470681166479
222.2,772.27765482087,NaN,394,13,NaN,0.403099987431474,0.0895427082343574,0,0.407082425197222,0.510263924501815,0,0,0.917346349699036
222.3,772.462822903647,NaN,394,13,NaN,0.403099987431474,0.0895427082343574,0,0.406988286857434,0.510233726509215,0,0,0.917222013366649
222.4,772.647965886672,NaN,394,13,NaN,0.403099987431474,0.0895427082343574,0,0.406894161278209,0.510203510890194,0,0,0.917097672168403
222.5,772.833083768948,NaN,394,13,NaN,0.403099987431474,0.0895427082343574,0,0.406800048460055,0.510173277643338,0,0,0.916973326103392
222.6,773.01817654948,NaN,394,13,NaN,0.403099987431474,0.0895427082343574,0,0.406705948403476,0.510143026767237,0,0,0.916848975170712
222.7,773.203244227271,NaN,394,13,NaN,0.403099987431474,0.0895427082343574,0,0.406611861108979,0.510112758260487,0,0,0.916724619369466
222.8,773.388286801325,NaN,394,13,NaN,0.403099987431474,0.0895427082343574,0,0.406517786577071,0.510082472121692,0,0,0.916600258698763
222.9,773.573304270647,NaN,394,13,NaN,0.403099987431474,0.0895427082343574,0,0.406423724808259,0.510052168349456,0,0,0.916475893157715
223,773.758296634241,NaN,394,13,NaN,0.403099987431474,0.0895427082343574,0,0.406329675803047,0.510021846942392,0,0,0.91635152274544
223.1,773.94326389111,NaN,394,13,NaN,0.403099987431474,0.0895427082343574,0,0.406235639561944,0.509991507899118,0,0,0.916227147461062
223.2,774.128206040258,NaN,394,13,NaN,0.403099987431474,0.0895427082343574,0,0.406141616085454,0.509961151218255,0,0,0.91610276730371
223.3,774.313123080691,NaN,394,13,NaN,0.403099987431474,0.0895427082343574,0,0.406047605374085,0.509930776898433,0,0,0.915978382272517
223.4,774.498015011411,NaN,394,13,NaN,0.403099987431474,0.0895427082343574,0,0.405953607428342,0.509900384938282,0,0,0.915853992366624
223.5,774.682881831424,NaN,394,13,NaN,0.403099987431474,0.0895427082343574,0,0.405859622248732,0.509869975336443,0,0,0.915729597585175
223.6,774.867723539733,NaN,394,13,NaN,0.403099987431474,0.0895427082343574,0,0.405765649835762,0.509839548091557,0,0,0.915605197927319
223.7,775.052540135343,NaN,394,13,NaN,0.403099987431474,0.0895427082343574,0,0.405671690189936,0.509809103202275,0,0,0.915480793392211
223.8,775.237331617258,NaN,394,13,NaN,0.403099987431474,0.0895427082343574,0,0.405577743311762,0.50977864066725,0,0,0.915356383979012
223.9,775.422097984482,NaN,394,13,NaN,0.403099987431474,0.0895427082343574,0,0.405483809201746,0.50974816048514,0,0,0.915231969686886
224,775.606839236019,NaN,394,13,NaN,0.403099987431474,0.0895427082343574,0,0.405389887860394,0.509717662654612,0,0,0.915107550515006
224.1,775.791555370875,NaN,394,13,NaN,0.403099987431474,0.0895427082343574,0,0.405295979288212,0.509687147174334,0,0,0.914983126462546
224.2,775.976246388052,NaN,394,13,NaN,0.403099987431474,0.0895427082343574,0,0.405202083485706,0.509656614042981,0,0,0.914858697528688
224.3,776.160912286556,NaN,394,13,NaN,0.403099987431474,0.0895427082343574,0,0.405108200453383,0.509626063259234,0,0,0.914734263712618
224.4,776.345553065392,NaN,394,13,NaN,0.403099987431474,0.0895427082343574,0,0.405014330191749,0.509595494821779,0,0,0.914609825013527
224.5,776.530168723562,NaN,394,13,NaN,0.403099987431474,0.0895427082343574,0,0.404920472701309,0.509564908729305,0,0,0.914485381430614
224.6,776.714759260073,NaN,394,13,NaN,0.403099987431474,0.0895427082343574,0,0.40482662798257,0.509534304980509,0,0,0.914360932963079
224.7,776.899324673929,NaN,394,13,NaN,0.403099987431474,0.0895427082343574,0,0.404732796036038,0.509503683574093,0,0,0.914236479610131
224.8,777.083864964133,NaN,394,13,NaN,0.403099987431474,0.0895427082343574,0,0.404638976862219,0.509473044508762,0,0,0.914112021370981
224.9,777.268380129691,NaN,394,13,NaN,0.403099987431474,0.0895427082343574,0,0.40454517046162,0.509442387783229,0,0,0.913987558244848
225,777.452870169607,NaN,394,13,NaN,0.403099987431474,0.0895427082343574,0,0.404451376834745,0.50941171339621,0,0,0.913863090230955
225.1,777.637335082886,NaN,394,13,NaN,0.403099987431474,0.0895427082343574,0,0.404357595982102,0.509381021346428,0,0,0.913738617328531
225.2,777.821774868532,NaN,394,13,NaN,0.403099987431474,0.0895427082343574,0,0.404263827904196,0.509350311632611,0,0,0.913614139536808
225.3,778.006189525551,NaN,394,13,NaN,0.403099987431474,0.0895427082343574,0,0.404170072601534,0.509319584253492,0,0,0.913489656855025
225.4,778.190579052946,NaN,394,13,NaN,0.403099987431474,0.0895427082343574,0,0.40407633007462,0.509288839207808,0,0,0.913365169282428
225.5,778.374943449722,NaN,394,13,NaN,0.403099987431474,0.0895427082343574,0,0.403982600323962,0.509258076494302,0,0,0.913240676818265
225.6,778.559282714885,NaN,394,13,NaN,0.403099987431474,0.0895427082343574,0,0.403888883350066,0.509227296111725,0,0,0.913116179461791
225.7,778.743596847439,NaN,394,13,NaN,0.403099987431474,0.0895427082343574,0,0.403795179153437,0.509196498058828,0,0,0.912991677212265
225.8,778.927885846389,NaN,394,13,NaN,0.403099987431474,0.0895427082343574,0,0.40370148773458,0.509165682334373,0,0,0.912867170068953
225.9,779.112149710739,NaN,394,13,NaN,0.403099987431474,0.0895427082343574,0,0.403607809094004,0.509134848937122,0,0,0.912742658031126
226,779.296388439494,NaN,394,13,NaN,0.403099987431474,0.0895427082343574,0,0.403514143232212,0.509103997865846,0,0,0.912618141098058
226.1,779.48060203166,NaN,394,13,NaN,0.403099987431474,0.0895427082343574,0,0.403420490149711,0.50907312911932,0,0,0.912493619269032
226.2,779.664790486241,NaN,394,13,NaN,0.403099987431474,0.0895427082343574,0,0.403326849847008,0.509042242696324,0,0,0.912369092543332
226.3,779.848953802243,NaN,394,13,NaN,0.403099987431474,0.0895427082343574,0,0.403233222324607,0.509011338595644,0,0,0.912244560920251
226.4,780.033091978669,NaN,394,13,NaN,0.403099987431474,0.0895427082343574,0,0.403139607583014,0.50898041681607,0,0,0.912120024399085
226.5,780.217205014525,NaN,394,13,NaN,0.403099987431474,0.0895427082343574,0,0.403046005622737,0.508949477356399,0,0,0.911995482979135
226.6,780.401292908817,NaN,394,13,NaN,0.403099987431474,0.0895427082343574,0,0.40295241644428,0.508918520215431,0,0,0.91187093665971
226.7,780.585355660548,NaN,394,13,NaN,0.403099987431474,0.0895427082343574,0,0.402858840048149,0.508887545391973,0,0,0.911746385440122
226.8,780.769393268725,NaN,394,13,NaN,0.403099987431474,0.0895427082343574,0,0.40276527643485,0.508856552884838,0,0,0.911621829319688
226.9,780.953405732352,NaN,394,13,NaN,0.403099987431474,0.0895427082343574,0,0.402671725604889,0.508825542692843,0,0,0.911497268297732
227,781.137393050434,NaN,394,13,NaN,0.403099987431474,0.0895427082343574,0,0.402578187558772,0.508794514814809,0,0,0.911372702373581
227.1,781.321355221976,NaN,394,13,NaN,0.403099987431474,0.0895427082343574,0,0.402484662297004,0.508763469249565,0,0,0.91124813154657
227.2,781.505292245985,NaN,394,13,NaN,0.403099987431474,0.0895427082343574,0,0.402391149820092,0.508732405995944,0,0,0.911123555816036
227.3,781.689204121464,NaN,394,13,NaN,0.403099987431474,0.0895427082343574,0,0.402297650128541,0.508701325052784,0,0,0.910998975181325
227.4,781.873090847419,NaN,394,13,NaN,0.403099987431474,0.0895427082343574,0,0.402204163222856,0.508670226418929,0,0,0.910874389641785
227.5,782.056952422855,NaN,394,13,NaN,0.403099987431474,0.0895427082343574,0,0.402110689103544,0.508639110093227,0,0,0.91074979919677
227.6,782.240788846778,NaN,394,13,NaN,0.403099987431474,0.0895427082343574,0,0.40201722777111,0.508607976074532,0,0,0.910625203845642
227.7,782.424600118192,NaN,394,13,NaN,0.403099987431474,0.0895427082343574,0,0.40192377922606,0.508576824361705,0,0,0.910500603587765
227.8,782.608386236104,NaN,394,13,NaN,0.403099987431474,0.0895427082343574,0,0.401830343468899,0.508545654953609,0,0,0.910375998422508
227.9,782.792147199518,NaN,394,13,NaN,0.403099987431474,0.0895427082343574,0,0.401736920500134,0.508514467849115,0,0,0.910251388349249
228,782.97588300744,NaN,394,13,NaN,0.403099987431474,0.0895427082343574,0,0.40164351032027,0.508483263047098,0,0,0.910126773367368
228.1,783.159593658875,NaN,394,13,NaN,0.403099987431474,0.0895427082343574,0,0.401550112929813,0.508452040546439,0,0,0.910002153476251
228.2,783.343279152829,NaN,394,13,NaN,0.403099987431474,0.0895427082343574,0,0.401456728329267,0.508420800346023,0,0,0.90987752867529
228.3,783.526939488307,NaN,394,13,NaN,0.403099987431474,0.0895427082343574,0,0.40136335651914,0.508389542444741,0,0,0.909752898963881
228.4,783.710574664314,NaN,394,13,NaN,0.403099987431474,0.0895427082343574,0,0.401269997499936,0.508358266841491,0,0,0.909628264341427
228.5,783.894184679857,NaN,394,13,NaN,0.403099987431474,0.0895427082343574,0,0.401176651272161,0.508326973535174,0,0,0.909503624807334
228.6,784.07776953394,NaN,394,13,NaN,0.403099987431474,0.0895427082343574,0,0.401083317836321,0.508295662524696,0,0,0.909378980361016
228.7,784.261329225569,NaN,394,13,NaN,0.403099987431474,0.0895427082343574,0,0.400989997192921,0.50826433380897,0,0,0.90925433100189
228.8,784.44486375375,NaN,394,13,NaN,0.403099987431474,0.0895427082343574,0,0.400896689342466,0.508232987386914,0,0,0.90912967672938
228.9,784.628373117489,NaN,394,13,NaN,0.403099987431474,0.0895427082343574,0,0.400803394285463,0.50820162325745,0,0,0.909005017542913
229,784.81185731579,NaN,394,13,NaN,0.403099987431474,0.0895427082343574,0,0.400710112022417,0.508170241419507,0,0,0.908880353441924
229.1,784.99531634766,NaN,394,13,NaN,0.403099987431474,0.0895427082343574,0,0.400616842553834,0.508138841872018,0,0,0.908755684425852
229.2,785.178750212104,NaN,394,13,NaN,0.403099987431474,0.0895427082343574,0,0.400523585880218,0.508107424613922,0,0,0.90863101049414
229.3,785.362158908128,NaN,394,13,NaN,0.403099987431474,0.0895427082343574,0,0.400430342002076,0.508075989644164,0,0,0.908506331646239
229.4,785.545542434738,NaN,394,13,NaN,0.403099987431474,0.0895427082343574,0,0.400337110919912,0.508044536961691,0,0,0.908381647881604
229.5,785.728900790939,NaN,394,13,NaN,0.403099987431474,0.0895427082343574,0,0.400243892634233,0.50801306656546,0,0,0.908256959199693
229.6,785.912233975738,NaN,394,13,NaN,0.403099987431474,0.0895427082343574,0,0.400150687145544,0.50798157845443,0,0,0.908132265599973
229.7,786.095541988139,NaN,394,13,NaN,0.403099987431474,0.0895427082343574,0,0.400057494454349,0.507950072627566,0,0,0.908007567081915
229.8,786.27882482715,NaN,394,13,NaN,0.403099987431474,0.0895427082343574,0,0.399964314561156,0.507918549083839,0,0,0.907882863644994
229.9,786.462082491776,NaN,394,13,NaN,0.403099987431474,0.0895427082343574,0,0.399871147466468,0.507887007822224,0,0,0.907758155288693
230,786.645314981022,NaN,394,13,NaN,0.403099987431474,0.0895427082343574,0,0.399777993170792,0.507855448841704,0,0,0.907633442012496
230.1,786.828522293894,NaN,394,13,NaN,0.403099987431474,0.0895427082343574,0,0.399684851674633,0.507823872141264,0,0,0.907508723815897
230.2,787.0117044294,NaN,394,13,NaN,0.403099987431474,0.0895427082343574,0,0.399591722978496,0.507792277719896,0,0,0.907384000698392
230.3,787.194861386544,NaN,394,13,NaN,0.403099987431474,0.0895427082343574,0,0.399498607082886,0.507760665576597,0,0,0.907259272659483
230.4,787.377993164332,NaN,394,13,NaN,0.403099987431474,0.0895427082343574,0,0.39940550398831,0.507729035710369,0,0,0.907134539698679
230.5,787.561099761771,NaN,394,13,NaN,0.403099987431474,0.0895427082343574,0,0.399312413695272,0.507697388120221,0,0,0.907009801815493
230.6,787.744181177866,NaN,394,13,NaN,0.403099987431474,0.0895427082343574,0,0.399219336204277,0.507665722805165,0,0,0.906885059009442
230.7,787.927237411625,NaN,394,13,NaN,0.403099987431474,0.0895427082343574,0,0.399126271515831,0.50763403976422,0,0,0.906760311280051
230.8,788.110268462052,NaN,394,13,NaN,0.403099987431474,0.0895427082343574,0,0.399033219630439,0.507602338996409,0,0,0.906635558626848
230.9,788.293274328154,NaN,394,13,NaN,0.403099987431474,0.0895427082343574,0,0.398940180548607,0.507570620500761,0,0,0.906510801049367
231,788.476255008937,NaN,394,13,NaN,0.403099987431474,0.0895427082343574,0,0.398847154270839,0.50753888427631,0,0,0.906386038547149
231.1,788.659210503407,NaN,394,13,NaN,0.403099987431474,0.0895427082343574,0,0.398754140797642,0.507507130322095,0,0,0.906261271119737
231.2,788.84214081057,NaN,394,13,NaN,0.403099987431474,0.0895427082343574,0,0.398661140129519,0.507475358637163,0,0,0.906136498766682
231.3,789.025045929434,NaN,394,13,NaN,0.403099987431474,0.0895427082343574,0,0.398568152266977,0.507443569220562,0,0,0.906011721487539
231.4,789.207925859003,NaN,394,13,NaN,0.403099987431474,0.0895427082343574,0,0.398475177210521,0.507411762071348,0,0,0.905886939281869
231.5,789.390780598284,NaN,394,13,NaN,0.403099987431474,0.0895427082343574,0,0.398382214960655,0.507379937188583,0,0,0.905762152149238
231.6,789.573610146284,NaN,394,13,NaN,0.403099987431474,0.0895427082343574,0,0.398289265517886,0.507348094571331,0,0,0.905637360089217
231.7,789.756414502009,NaN,394,13,NaN,0.403099987431474,0.0895427082343574,0,0.398196328882717,0.507316234218665,0,0,0.905512563101382
231.8,789.939193664465,NaN,394,13,NaN,0.403099987431474,0.0895427082343574,0,0.398103405055655,0.507284356129661,0,0,0.905387761185316
231.9,790.121947632659,NaN,394,13,NaN,0.403099987431474,0.0895427082343574,0,0.398010494037204,0.507252460303402,0,0,0.905262954340606
232,790.304676405597,NaN,394,13,NaN,0.403099987431474,0.0895427082343574,0,0.397917595827871,0.507220546738974,0,0,0.905138142566844
232.1,790.487379982285,NaN,394,13,NaN,0.403099987431474,0.0895427082343574,0,0.397824710428158,0.50718861543547,0,0,0.905013325863628
232.2,790.67005836173,NaN,394,13,NaN,0.403099987431474,0.0895427082343574,0,0.397731837838573,0.507156666391988,0,0,0.904888504230561
232.3,790.852711542939,NaN,394,13,NaN,0.403099987431474,0.0895427082343574,0,0.397638978059619,0.507124699607632,0,0,0.904763677667252
232.4,791.035339524918,NaN,394,13,NaN,0.403099987431474,0.0895427082343574,0,0.397546131091803,0.50709271508151,0,0,0.904638846173313
232.5,791.217942306673,NaN,394,13,NaN,0.403099987431474,0.0895427082343574,0,0.397453296935629,0.507060712812737,0,0,0.904514009748365
232.6,791.400519887211,NaN,394,13,NaN,0.403099987431474,0.0895427082343574,0,0.397360475591601,0.50702869280043,0,0,0.904389168392032
232.7,791.583072265539,NaN,394,13,NaN,0.403099987431474,0.0895427082343574,0,0.397267667060226,0.506996655043716,0,0,0.904264322103942
232.8,791.765599440664,NaN,394,13,NaN,0.403099987431474,0.0895427082343574,0,0.397174871342008,0.506964599541723,0,0,0.904139470883732
232.9,791.948101411591,NaN,394,13,NaN,0.403099987431474,0.0895427082343574,0,0.397082088437453,0.506932526293588,0,0,0.90401461473104
233,792.130578177328,NaN,394,13,NaN,0.403099987431474,0.0895427082343574,0,0.396989318347064,0.50690043529845,0,0,0.903889753645514
233.1,792.313029736881,NaN,394,13,NaN,0.403099987431474,0.0895427082343574,0,0.396896561071348,0.506868326555455,0,0,0.903764887626803
233.2,792.495456089258,NaN,394,13,NaN,0.403099987431474,0.0895427082343574,0,0.396803816610809,0.506836200063755,0,0,0.903640016674564
233.3,792.677857233464,NaN,394,13,NaN,0.403099987431474,0.0895427082343574,0,0.396711084965952,0.506804055822507,0,0,0.903515140788459
233.4,792.860233168507,NaN,394,13,NaN,0.403099987431474,0.0895427082343574,0,0.396618366137282,0.506771893830871,0,0,0.903390259968153
233.5,793.042583893393,NaN,394,13,NaN,0.403099987431474,0.0895427082343574,0,0.396525660125304,0.506739714088016,0,0,0.90326537421332
233.6,793.22490940713,NaN,394,13,NaN,0.403099987431474,0.0895427082343574,0,0.396432966930523,0.506707516593113,0,0,0.903140483523636
233.7,793.407209708723,NaN,394,13,NaN,0.403099987431474,0.0895427082343574,0,0.396340286553444,0.506675301345341,0,0,0.903015587898785
233.8,793.589484797181,NaN,394,13,NaN,0.403099987431474,0.0895427082343574,0,0.396247618994571,0.506643068343883,0,0,0.902890687338454
233.9,793.77173467151,NaN,394,13,NaN,0.403099987431474,0.0895427082343574,0,0.39615496425441,0.506610817587927,0,0,0.902765781842338
234,793.953959330716,NaN,394,13,NaN,0.403099987431474,0.0895427082343574,0,0.396062322333466,0.506578549076667,0,0,0.902640871410133
234.1,794.136158773808,NaN,394,13,NaN,0.403099987431474,0.0895427082343574,0,0.395969693232243,0.506546262809303,0,0,0.902515956041545
234.2,794.318332999791,NaN,394,13,NaN,0.403099987431474,0.0895427082343574,0,0.395877076951246,0.506513958785038,0,0,0.902391035736283
234.3,794.500482007673,NaN,394,13,NaN,0.403099987431474,0.0895427082343574,0,0.39578447349098,0.506481637003082,0,0,0.902266110494062
234.4,794.682605796461,NaN,394,13,NaN,0.403099987431474,0.0895427082343574,0,0.395691882851949,0.506449297462651,0,0,0.9021411803146
234.5,794.864704365162,NaN,394,13,NaN,0.403099987431474,0.0895427082343574,0,0.39559930503466,0.506416940162965,0,0,0.902016245197625
234.6,795.046777712783,NaN,394,13,NaN,0.403099987431474,0.0895427082343574,0,0.395506740039615,0.506384565103251,0,0,0.901891305142866
234.7,795.228825838331,NaN,394,13,NaN,0.403099987431474,0.0895427082343574,0,0.395414187867321,0.506352172282738,0,0,0.901766360150059
234.8,795.410848740814,NaN,394,13,NaN,0.403099987431474,0.0895427082343574,0,0.395321648518282,0.506319761700664,0,0,0.901641410218946
234.9,795.592846419238,NaN,394,13,NaN,0.403099987431474,0.0895427082343574,0,0.395229121993003,0.50628733335627,0,0,0.901516455349273
235,795.774818872611,NaN,394,13,NaN,0.403099987431474,0.0895427082343574,0,0.395136608291987,0.506254887248804,0,0,0.901391495540792
235.1,795.95676609994,NaN,394,13,NaN,0.403099987431474,0.0895427082343574,0,0.395044107415741,0.506222423377518,0,0,0.901266530793259
235.2,796.138688100232,NaN,394,13,NaN,0.403099987431474,0.0895427082343574,0,0.394951619364769,0.50618994174167,0,0,0.901141561106439
235.3,796.320584872494,NaN,394,13,NaN,0.403099987431474,0.0895427082343574,0,0.394859144139575,0.506157442340523,0,0,0.901016586480098
235.4,796.502456415735,NaN,394,13,NaN,0.403099987431474,0.0895427082343574,0,0.394766681740664,0.506124925173346,0,0,0.90089160691401
235.5,796.68430272896,NaN,394,13,NaN,0.403099987431474,0.0895427082343574,0,0.394674232168542,0.506092390239412,0,0,0.900766622407954
235.6,796.866123811178,NaN,394,13,NaN,0.403099987431474,0.0895427082343574,0,0.394581795423711,0.506059837538001,0,0,0.900641632961712
235.7,797.047919661396,NaN,394,13,NaN,0.403099987431474,0.0895427082343574,0,0.394489371506678,0.506027267068397,0,0,0.900516638575075
235.8,797.229690278621,NaN,394,13,NaN,0.403099987431474,0.0895427082343574,0,0.394396960417947,0.50599467882989,0,0,0.900391639247837
235.9,797.411435661861,NaN,394,13,NaN,0.403099987431474,0.0895427082343574,0,0.394304562158022,0.505962072821776,0,0,0.900266634979797
236,797.593155810123,NaN,394,13,NaN,0.403099987431474,0.0895427082343574,0,0.394212176727407,0.505929449043354,0,0,0.900141625770761
236.1,797.774850722414,NaN,394,13,NaN,0.403099987431474,0.0895427082343574,0,0.394119804126609,0.505896807493931,0,0,0.90001661162054
236.2,797.956520397743,NaN,394,13,NaN,0.403099987431474,0.0895427082343574,0,0.39402744435613,0.505864148172818,0,0,0.899891592528949
236.3,798.138164835117,NaN,394,13,NaN,0.403099987431474,0.0895427082343574,0,0.393935097416477,0.505831471079332,0,0,0.899766568495809
236.4,798.319784033543,NaN,394,13,NaN,0.403099987431474,0.0895427082343574,0,0.393842763308152,0.505798776212795,0,0,0.899641539520947
236.5,798.501377992029,NaN,394,13,NaN,0.403099987431474,0.0895427082343574,0,0.393750442031661,0.505766063572533,0,0,0.899516505604195
236.6,798.682946709582,NaN,394,13,NaN,0.403099987431474,0.0895427082343574,0,0.393658133587509,0.50573333315788,0,0,0.899391466745389
236.7,798.864490185211,NaN,394,13,NaN,0.403099987431474,0.0895427082343574,0,0.393565837976199,0.505700584968174,0,0,0.899266422944373
236.8,799.046008417922,NaN,394,13,NaN,0.403099987431474,0.0895427082343574,0,0.393473555198237,0.505667819002757,0,0,0.899141374200994
236.9,799.227501406724,NaN,394,13,NaN,0.403099987431474,0.0895427082343574,0,0.393381285254126,0.505635035260979,0,0,0.899016320515106
237,799.408969150625,NaN,394,13,NaN,0.403099987431474,0.0895427082343574,0,0.393289028144372,0.505602233742194,0,0,0.898891261886566
237.1,799.590411648631,NaN,394,13,NaN,0.403099987431474,0.0895427082343574,0,0.393196783869478,0.505569414445761,0,0,0.898766198315239
237.2,799.771828899751,NaN,394,13,NaN,0.403099987431474,0.0895427082343574,0,0.393104552429949,0.505536577371044,0,0,0.898641129800994
237.3,799.953220902993,NaN,394,13,NaN,0.403099987431474,0.0895427082343574,0,0.393012333826291,0.505503722517415,0,0,0.898516056343705
237.4,800.134587657364,NaN,394,13,NaN,0.403099987431474,0.0895427082343574,0,0.392920128059005,0.505470849884247,0,0,0.898390977943253
237.5,800.315929161873,NaN,394,13,NaN,0.403099987431474,0.0895427082343574,0,0.392827935128599,0.505437959470923,0,0,0.898265894599522
237.6,800.497245415526,NaN,394,13,NaN,0.403099987431474,0.0895427082343574,0,0.392735755035575,0.505405051276828,0,0,0.898140806312403
237.7,800.678536417333,NaN,394,13,NaN,0.403099987431474,0.0895427082343574,0,0.392643587780438,0.505372125301354,0,0,0.898015713081792
237.8,800.859802166301,NaN,394,13,NaN,0.403099987431474,0.0895427082343574,0,0.392551433363692,0.505339181543898,0,0,0.89789061490759
237.9,801.041042661438,NaN,394,13,NaN,0.403099987431474,0.0895427082343574,0,0.392459291785843,0.505306220003861,0,0,0.897765511789704
238,801.222257901752,NaN,394,13,NaN,0.403099987431474,0.0895427082343574,0,0.392367163047393,0.505273240680652,0,0,0.897640403728045
238.1,801.403447886251,NaN,394,13,NaN,0.403099987431474,0.0895427082343574,0,0.392275047148848,0.505240243573683,0,0,0.897515290722531
238.2,801.584612613943,NaN,394,13,NaN,0.403099987431474,0.0895427082343574,0,0.392182944090712,0.505207228682373,0,0,0.897390172773084
238.3,801.765752083836,NaN,394,13,NaN,0.403099987431474,0.0895427082343574,0,0.392090853873489,0.505174196006145,0,0,0.897265049879633
238.4,801.946866294938,NaN,394,13,NaN,0.403099987431474,0.0895427082343574,0,0.391998776497683,0.505141145544428,0,0,0.897139922042111
238.5,802.127955246257,NaN,394,13,NaN,0.403099987431474,0.0895427082343574,0,0.391906711963799,0.505108077296657,0,0,0.897014789260456
238.6,802.309018936802,NaN,394,13,NaN,0.403099987431474,0.0895427082343574,0,0.39181466027234,0.505074991262272,0,0,0.896889651534612
238.7,802.490057365581,NaN,394,13,NaN,0.403099987431474,0.0895427082343574,0,0.391722621423812,0.505041887440717,0,0,0.896764508864529
238.8,802.671070531602,NaN,394,13,NaN,0.403099987431474,0.0895427082343574,0,0.391630595418718,0.505008765831443,0,0,0.896639361250161
238.9,802.852058433872,NaN,394,13,NaN,0.403099987431474,0.0895427082343574,0,0.391538582257563,0.504975626433905,0,0,0.896514208691468
239,803.033021071401,NaN,394,13,NaN,0.403099987431474,0.0895427082343574,0,0.39144658194085,0.504942469247566,0,0,0.896389051188416
239.1,803.213958443197,NaN,394,13,NaN,0.403099987431474,0.0895427082343574,0,0.391354594469084,0.504909294271891,0,0,0.896263888740975
239.2,803.394870548267,NaN,394,13,NaN,0.403099987431474,0.0895427082343574,0,0.39126261984277,0.504876101506352,0,0,0.896138721349122
239.3,803.575757385621,NaN,394,13,NaN,0.403099987431474,0.0895427082343574,0,0.39117065806241,0.504842890950427,0,0,0.896013549012838
239.4,803.756618954266,NaN,394,13,NaN,0.403099987431474,0.0895427082343574,0,0.391078709128511,0.504809662603599,0,0,0.895888371732109
239.5,803.937455253211,NaN,394,13,NaN,0.403099987431474,0.0895427082343574,0,0.390986773041574,0.504776416465354,0,0,0.895763189506928
239.6,804.118266281465,NaN,394,13,NaN,0.403099987431474,0.0895427082343574,0,0.390894849802105,0.504743152535187,0,0,0.895638002337293
239.7,804.299052038035,NaN,394,13,NaN,0.403099987431474,0.0895427082343574,0,0.390802939410608,0.504709870812597,0,0,0.895512810223205
239.8,804.479812521931,NaN,394,13,NaN,0.403099987431474,0.0895427082343574,0,0.390711041867587,0.504676571297087,0,0,0.895387613164674
239.9,804.66054773216,NaN,394,13,NaN,0.403099987431474,0.0895427082343574,0,0.390619157173546,0.504643253988166,0,0,0.895262411161712
240,804.841257667732,NaN,394,13,NaN,0.403099987431474,0.0895427082343574,0,0.390527285328989,0.504609918885351,0,0,0.89513720421434
240.1,805.021942327654,NaN,394,13,NaN,0.403099987431474,0.0895427082343574,0,0.39043542633442,0.50457656598816,0,0,0.89501199232258
240.2,805.202601710936,NaN,394,13,NaN,0.403099987431474,0.0895427082343574,0,0.390343580190343,0.50454319529612,0,0,0.894886775486463
240.3,805.383235816586,NaN,394,13,NaN,0.403099987431474,0.0895427082343574,0,0.390251746897262,0.504509806808761,0,0,0.894761553706023
240.4,805.563844643612,NaN,394,13,NaN,0.403099987431474,0.0895427082343574,0,0.390159926455681,0.50447640052562,0,0,0.894636326981301
240.5,805.744428191024,NaN,394,13,NaN,0.403099987431474,0.0895427082343574,0,0.390068118866104,0.504442976446238,0,0,0.894511095312343
240.6,805.92498645783,NaN,394,13,NaN,0.403099987431474,0.0895427082343574,0,0.389976324129036,0.504409534570163,0,0,0.894385858699199
240.7,806.105519443038,NaN,394,13,NaN,0.403099987431474,0.0895427082343574,0,0.38988454224498,0.504376074896946,0,0,0.894260617141926
240.8,806.286027145657,NaN,394,13,NaN,0.403099987431474,0.0895427082343574,0,0.389792773214439,0.504342597426147,0,0,0.894135370640586
240.9,806.466509564697,NaN,394,13,NaN,0.403099987431474,0.0895427082343574,0,0.389701017037919,0.504309102157327,0,0,0.894010119195245
241,806.646966699165,NaN,394,13,NaN,0.403099987431474,0.0895427082343574,0,0.389609273715922,0.504275589090055,0,0,0.893884862805977
241.1,806.827398548071,NaN,394,13,NaN,0.403099987431474,0.0895427082343574,0,0.389517543248954,0.504242058223906,0,0,0.893759601472859
241.2,807.007805110424,NaN,394,13,NaN,0.403099987431474,0.0895427082343574,0,0.389425825637517,0.504208509558458,0,0,0.893634335195975
241.3,807.188186385231,NaN,394,13,NaN,0.403099987431474,0.0895427082343574,0,0.389334120882116,0.504174943093296,0,0,0.893509063975412
241.4,807.368542371503,NaN,394,13,NaN,0.403099987431474,0.0895427082343574,0,0.389242428983254,0.50414135882801,0,0,0.893383787811265
241.5,807.548873068248,NaN,394,13,NaN,0.403099987431474,0.0895427082343574,0,0.389150749941436,0.504107756762197,0,0,0.893258506703632
241.6,807.729178474476,NaN,394,13,NaN,0.403099987431474,0.0895427082343574,0,0.389059083757165,0.504074136895456,0,0,0.89313322065262
241.7,807.909458589194,NaN,394,13,NaN,0.403099987431474,0.0895427082343574,0,0.388967430430945,0.504040499227393,0,0,0.893007929658338
241.8,808.089713411412,NaN,394,13,NaN,0.403099987431474,0.0895427082343574,0,0.38887578996328,0.50400684375762,0,0,0.8928826337209
241.9,808.269942940139,NaN,394,13,NaN,0.403099987431474,0.0895427082343574,0,0.388784162354674,0.503973170485755,0,0,0.892757332840429
242,808.450147174384,NaN,394,13,NaN,0.403099987431474,0.0895427082343574,0,0.38869254760563,0.503939479411419,0,0,0.892632027017049
242.1,808.630326113156,NaN,394,13,NaN,0.403099987431474,0.0895427082343574,0,0.388600945716652,0.50390577053424,0,0,0.892506716250893
242.2,808.810479755464,NaN,394,13,NaN,0.403099987431474,0.0895427082343574,0,0.388509356688245,0.503872043853852,0,0,0.892381400542097
242.3,808.990608100318,NaN,394,13,NaN,0.403099987431474,0.0895427082343574,0,0.388417780520912,0.503838299369892,0,0,0.892256079890803
242.4,809.170711146726,NaN,394,13,NaN,0.403099987431474,0.0895427082343574,0,0.388326217215156,0.503804537082004,0,0,0.89213075429716
242.5,809.350788893698,NaN,394,13,NaN,0.403099987431474,0.0895427082343574,0,0.388234666771481,0.503770756989838,0,0,0.892005423761319
242.6,809.530841340243,NaN,394,13,NaN,0.403099987431474,0.0895427082343574,0,0.388143129190391,0.503736959093049,0,0,0.89188008828344
242.7,809.710868485369,NaN,394,13,NaN,0.403099987431474,0.0895427082343574,0,0.388051604472391,0.503703143391295,0,0,0.891754747863686
242.8,809.890870328087,NaN,394,13,NaN,0.403099987431474,0.0895427082343574,0,0.387960092617982,0.503669309884244,0,0,0.891629402502226
242.9,810.070846867405,NaN,394,13,NaN,0.403099987431474,0.0895427082343574,0,0.38786859362767,0.503635458571564,0,0,0.891504052199234
243,810.250798102334,NaN,394,13,NaN,0.403099987431474,0.0895427082343574,0,0.387777107501958,0.503601589452933,0,0,0.891378696954891
243.1,810.430724031881,NaN,394,13,NaN,0.403099987431474,0.0895427082343574,0,0.387685634241349,0.503567702528032,0,0,0.891253336769381
243.2,810.610624655057,NaN,394,13,NaN,0.403099987431474,0.0895427082343574,0,0.387594173846347,0.503533797796548,0,0,0.891127971642895
243.3,810.790499970871,NaN,394,13,NaN,0.403099987431474,0.0895427082343574,0,0.387502726317456,0.503499875258173,0,0,0.891002601575629
243.4,810.970349978332,NaN,394,13,NaN,0.403099987431474,0.0895427082343574,0,0.387411291655179,0.503465934912605,0,0,0.890877226567784
243.5,811.15017467645,NaN,394,13,NaN,0.403099987431474,0.0895427082343574,0,0.38731986986002,0.503431976759547,0,0,0.890751846619567
243.6,811.329974064234,NaN,394,13,NaN,0.403099987431474,0.0895427082343574,0,0.387228460932482,0.503398000798707,0,0,0.89062646173119
243.7,811.509748140693,NaN,394,13,NaN,0.403099987431474,0.0895427082343574,0,0.38713706487307,0.5033640070298,0,0,0.89050107190287
243.8,811.689496904838,NaN,394,13,NaN,0.403099987431474,0.0895427082343574,0,0.387045681682286,0.503329995452544,0,0,0.89037567713483
243.9,811.869220355678,NaN,394,13,NaN,0.403099987431474,0.0895427082343574,0,0.386954311360635,0.503295966066664,0,0,0.890250277427299
244,812.048918492221,NaN,394,13,NaN,0.403099987431474,0.0895427082343574,0,0.386862953908619,0.50326191887189,0,0,0.890124872780509
244.1,812.228591313479,NaN,394,13,NaN,0.403099987431474,0.0895427082343574,0,0.386771609326742,0.503227853867957,0,0,0.8899994631947
244.2,812.40823881846,NaN,394,13,NaN,0.403099987431474,0.0895427082343574,0,0.386680277615509,0.503193771054607,0,0,0.889874048670116
244.3,812.587861006175,NaN,394,13,NaN,0.403099987431474,0.0895427082343574,0,0.386588958775421,0.503159670431585,0,0,0.889748629207006
244.4,812.767457875632,NaN,394,13,NaN,0.403099987431474,0.0895427082343574,0,0.386497652806983,0.503125551998643,0,0,0.889623204805627
244.5,812.947029425841,NaN,394,13,NaN,0.403099987431474,0.0895427082343574,0,0.386406359710699,0.503091415755539,0,0,0.889497775466237
244.6,813.126575655813,NaN,394,13,NaN,0.403099987431474,0.0895427082343574,0,0.386315079487071,0.503057261702033,0,0,0.889372341189103
244.7,813.306096564556,NaN,394,13,NaN,0.403099987431474,0.0895427082343574,0,0.386223812136603,0.503023089837894,0,0,0.889246901974497
244.8,813.485592151082,NaN,394,13,NaN,0.403099987431474,0.0895427082343574,0,0.386132557659798,0.502988900162896,0,0,0.889121457822694
244.9,813.665062414399,NaN,394,13,NaN,0.403099987431474,0.0895427082343574,0,0.386041316057161,0.502954692676816,0,0,0.888996008733977
245,813.844507353517,NaN,394,13,NaN,0.403099987431474,0.0895427082343574,0,0.385950087329194,0.502920467379439,0,0,0.888870554708632
245.1,814.023926967446,NaN,394,13,NaN,0.403099987431474,0.0895427082343574,0,0.3858588714764,0.502886224270554,0,0,0.888745095746954
245.2,814.203321255196,NaN,394,13,NaN,0.403099987431474,0.0895427082343574,0,0.385767668499284,0.502851963349955,0,0,0.888619631849239
245.3,814.382690215778,NaN,394,13,NaN,0.403099987431474,0.0895427082343574,0,0.385676478398348,0.502817684617443,0,0,0.888494163015791
245.4,814.5620338482,NaN,394,13,NaN,0.403099987431474,0.0895427082343574,0,0.385585301174096,0.502783388072824,0,0,0.88836868924692
245.5,814.741352151473,NaN,394,13,NaN,0.403099987431474,0.0895427082343574,0,0.385494136827031,0.502749073715908,0,0,0.888243210542939
245.6,814.920645124607,NaN,394,13,NaN,0.403099987431474,0.0895427082343574,0,0.385402985357656,0.502714741546511,0,0,0.888117726904167
245.7,815.099912766611,NaN,394,13,NaN,0.403099987431474,0.0895427082343574,0,0.385311846766475,0.502680391564456,0,0,0.887992238330931
245.8,815.279155076497,NaN,394,13,NaN,0.403099987431474,0.0895427082343574,0,0.385220721053991,0.502646023769569,0,0,0.88786674482356
245.9,815.458372053273,NaN,394,13,NaN,0.403099987431474,0.0895427082343574,0,0.385129608220708,0.502611638161683,0,0,0.887741246382391
246,815.637563695951,NaN,394,13,NaN,0.403099987431474,0.0895427082343574,0,0.385038508267128,0.502577234740635,0,0,0.887615743007763
246.1,815.816730003539,NaN,394,13,NaN,0.403099987431474,0.0895427082343574,0,0.384947421193755,0.50254281350627,0,0,0.887490234700025
246.2,815.995870975049,NaN,394,13,NaN,0.403099987431474,0.0895427082343574,0,0.384856347001092,0.502508374458435,0,0,0.887364721459527
246.3,816.17498660949,NaN,394,13,NaN,0.403099987431474,0.0895427082343574,0,0.384765285689642,0.502473917596985,0,0,0.887239203286628
246.4,816.354076905873,NaN,394,13,NaN,0.403099987431474,0.0895427082343574,0,0.384674237259909,0.50243944292178,0,0,0.887113680181689
246.5,816.533141863207,NaN,394,13,NaN,0.403099987431474,0.0895427082343574,0,0.384583201712396,0.502404950432684,0,0,0.88698815214508
246.6,816.712181480504,NaN,394,13,NaN,0.403099987431474,0.0895427082343574,0,0.384492179047606,0.502370440129567,0,0,0.886862619177173
246.7,816.891195756773,NaN,394,13,NaN,0.403099987431474,0.0895427082343574,0,0.384401169266041,0.502335912012306,0,0,0.886737081278347
246.8,817.070184691024,NaN,394,13,NaN,0.403099987431474,0.0895427082343574,0,0.384310172368206,0.502301366080781,0,0,0.886611538448987
246.9,817.249148282269,NaN,394,13,NaN,0.403099987431474,0.0895427082343574,0,0.384219188354603,0.502266802334879,0,0,0.886485990689482
247,817.428086529517,NaN,394,13,NaN,0.403099987431474,0.0895427082343574,0,0.384128217225736,0.502232220774491,0,0,0.886360438000227
247.1,817.606999431778,NaN,394,13,NaN,0.403099987431474,0.0895427082343574,0,0.384037258982107,0.502197621399516,0,0,0.886234880381624
247.2,817.785886988063,NaN,394,13,NaN,0.403099987431474,0.0895427082343574,0,0.383946313624221,0.502163004209856,0,0,0.886109317834077
247.3,817.964749197384,NaN,394,13,NaN,0.403099987431474,0.0895427082343574,0,0.383855381152579,0.502128369205419,0,0,0.885983750357997
247.4,818.143586058748,NaN,394,13,NaN,0.403099987431474,0.0895427082343574,0,0.383764461567685,0.502093716386118,0,0,0.885858177953803
247.5,818.322397571169,NaN,394,13,NaN,0.403099987431474,0.0895427082343574,0,0.383673554870041,0.502059045751873,0,0,0.885732600621915
247.6,818.501183733655,NaN,394,13,NaN,0.403099987431474,0.0895427082343574,0,0.383582661060152,0.502024357302608,0,0,0.88560701836276
247.7,818.679944545218,NaN,394,13,NaN,0.403099987431474,0.0895427082343574,0,0.383491780138521,0.501989651038252,0,0,0.885481431176773
247.8,818.858680004867,NaN,394,13,NaN,0.403099987431474,0.0895427082343574,0,0.383400912105649,0.501954926958741,0,0,0.88535583906439
247.9,819.037390111615,NaN,394,13,NaN,0.403099987431474,0.0895427082343574,0,0.38331005696204,0.501920185064016,0,0,0.885230242026056
248,819.21607486447,NaN,394,13,NaN,0.403099987431474,0.0895427082343574,0,0.383219214708197,0.501885425354022,0,0,0.885104640062219
248.1,819.394734262445,NaN,394,13,NaN,0.403099987431474,0.0895427082343574,0,0.383128385344624,0.50185064782871,0,0,0.884979033173334
248.2,819.573368304548,NaN,394,13,NaN,0.403099987431474,0.0895427082343574,0,0.383037568871823,0.501815852488039,0,0,0.884853421359861
248.3,819.751976989792,NaN,394,13,NaN,0.403099987431474,0.0895427082343574,0,0.382946765290296,0.501781039331969,0,0,0.884727804622265
248.4,819.930560317187,NaN,394,13,NaN,0.403099987431474,0.0895427082343574,0,0.382855974600548,0.501746208360468,0,0,0.884602182961016
248.5,820.109118285744,NaN,394,13,NaN,0.403099987431474,0.0895427082343574,0,0.382765196803081,0.50171135957351,0,0,0.88447655637659
248.6,820.287650894473,NaN,394,13,NaN,0.403099987431474,0.0895427082343574,0,0.382674431898397,0.501676492971072,0,0,0.884350924869469
248.7,820.466158142385,NaN,394,13,NaN,0.403099987431474,0.0895427082343574,0,0.382583679887,0.50164160855314,0,0,0.88422528844014
248.8,820.644640028491,NaN,394,13,NaN,0.403099987431474,0.0895427082343574,0,0.382492940769393,0.501606706319701,0,0,0.884099647089094
248.9,820.823096551802,NaN,394,13,NaN,0.403099987431474,0.0895427082343574,0,0.382402214546078,0.501571786270751,0,0,0.88397400081683
249,821.001527711329,NaN,394,13,NaN,0.403099987431474,0.0895427082343574,0,0.382311501217559,0.50153684840629,0,0,0.883848349623849
249.1,821.179933506082,NaN,394,13,NaN,0.403099987431474,0.0895427082343574,0,0.382220800784338,0.501501892726323,0,0,0.883722693510661
249.2,821.358313935073,NaN,394,13,NaN,0.403099987431474,0.0895427082343574,0,0.382130113246918,0.501466919230862,0,0,0.88359703247778
249.3,821.536668997312,NaN,394,13,NaN,0.403099987431474,0.0895427082343574,0,0.382039438605803,0.501431927919921,0,0,0.883471366525724
249.4,821.714998691811,NaN,394,13,NaN,0.403099987431474,0.0895427082343574,0,0.381948776861493,0.501396918793524,0,0,0.883345695655018
249.5,821.893303017581,NaN,394,13,NaN,0.403099987431474,0.0895427082343574,0,0.381858128014494,0.501361891851698,0,0,0.883220019866192
249.6,822.071581973632,NaN,394,13,NaN,0.403099987431474,0.0895427082343574,0,0.381767492065306,0.501326847094474,0,0,0.883094339159781
249.7,822.249835558975,NaN,394,13,NaN,0.403099987431474,0.0895427082343574,0,0.381676869014434,0.501291784521892,0,0,0.882968653536326
249.8,822.428063772622,NaN,394,13,NaN,0.403099987431474,0.0895427082343574,0,0.38158625886238,0.501256704133994,0,0,0.882842962996374
249.9,822.606266613584,NaN,394,13,NaN,0.403099987431474,0.0895427082343574,0,0.381495661609646,0.501221605930829,0,0,0.882717267540475
250,822.784444080872,NaN,394,13,NaN,0.403099987431474,0.0895427082343574,0,0.381405077256736,0.501186489912452,0,0,0.882591567169187
250.1,822.962596173496,NaN,394,13,NaN,0.403099987431474,0.0895427082343574,0,0.381314505804151,0.501151356078922,0,0,0.882465861883073
250.2,823.140722890469,NaN,394,13,NaN,0.403099987431474,0.0895427082343574,0,0.381223947252396,0.501116204430304,0,0,0.882340151682699
250.3,823.318824230802,NaN,394,13,NaN,0.403099987431474,0.0895427082343574,0,0.381133401601971,0.501081034966668,0,0,0.88221443656864
250.4,823.496900193505,NaN,394,13,NaN,0.403099987431474,0.0895427082343574,0,0.381042868853381,0.501045847688092,0,0,0.882088716541473
250.5,823.67495077759,NaN,394,13,NaN,0.403099987431474,0.0895427082343574,0,0.380952349007128,0.501010642594655,0,0,0.881962991601783
250.6,823.852975982068,NaN,394,13,NaN,0.403099987431474,0.0895427082343574,0,0.380861842063714,0.500975419686445,0,0,0.88183726175016
250.7,824.030975805951,NaN,394,13,NaN,0.403099987431474,0.0895427082343574,0,0.380771348023643,0.500940178963554,0,0,0.881711526987197
250.8,824.20895024825,NaN,394,13,NaN,0.403099987431474,0.0895427082343574,0,0.380680866887416,0.500904920426079,0,0,0.881585787313495
250.9,824.386899307976,NaN,394,13,NaN,0.403099987431474,0.0895427082343574,0,0.380590398655536,0.500869644074124,0,0,0.88146004272966
251,824.564822984141,NaN,394,13,NaN,0.403099987431474,0.0895427082343574,0,0.380499943328507,0.500834349907797,0,0,0.881334293236304
251.1,824.742721275755,NaN,394,13,NaN,0.403099987431474,0.0895427082343574,0,0.380409500906829,0.500799037927212,0,0,0.881208538834041
251.2,824.920594181832,NaN,394,13,NaN,0.403099987431474,0.0895427082343574,0,0.380319071391007,0.500763708132487,0,0,0.881082779523494
251.3,825.098441701381,NaN,394,13,NaN,0.403099987431474,0.0895427082343574,0,0.380228654781543,0.500728360523748,0,0,0.880957015305291
251.4,825.276263833415,NaN,394,13,NaN,0.403099987431474,0.0895427082343574,0,0.380138251078939,0.500692995101125,0,0,0.880831246180064
251.5,825.454060576944,NaN,394,13,NaN,0.403099987431474,0.0895427082343574,0,0.380047860283698,0.500657611864754,0,0,0.880705472148451
251.6,825.631831930982,NaN,394,13,NaN,0.403099987431474,0.0895427082343574,0,0.379957482396321,0.500622210814775,0,0,0.880579693211096
251.7,825.809577894538,NaN,394,13,NaN,0.403099987431474,0.0895427082343574,0,0.379867117417313,0.500586791951334,0,0,0.880453909368647
251.8,825.987298466626,NaN,394,13,NaN,0.403099987431474,0.0895427082343574,0,0.379776765347175,0.500551355274584,0,0,0.880328120621759
251.9,826.164993646255,NaN,394,13,NaN,0.403099987431474,0.0895427082343574,0,0.37968642618641,0.500515900784682,0,0,0.880202326971091
252,826.342663432439,NaN,394,13,NaN,0.403099987431474,0.0895427082343574,0,0.37959609993552,0.50048042848179,0,0,0.88007652841731
252.1,826.520307824189,NaN,394,13,NaN,0.403099987431474,0.0895427082343574,0,0.379505786595007,0.500444938366077,0,0,0.879950724961084
252.2,826.697926820515,NaN,394,13,NaN,0.403099987431474,0.0895427082343574,0,0.379415486165375,0.500409430437715,0,0,0.87982491660309
252.3,826.875520420431,NaN,394,13,NaN,0.403099987431474,0.0895427082343574,0,0.379325198647125,0.500373904696885,0,0,0.87969910334401
252.4,827.053088622949,NaN,394,13,NaN,0.403099987431474,0.0895427082343574,0,0.37923492404076,0.50033836114377,0,0,0.87957328518453
252.5,827.230631427078,NaN,394,13,NaN,0.403099987431474,0.0895427082343574,0,0.379144662346783,0.500302799778559,0,0,0.879447462125343
252.6,827.408148831833,NaN,394,13,NaN,0.403099987431474,0.0895427082343574,0,0.379054413565695,0.50026722060145,0,0,0.879321634167145
252.7,827.585640836223,NaN,394,13,NaN,0.403099987431474,0.0895427082343574,0,0.378964177698,0.500231623612641,0,0,0.87919580131064
252.8,827.763107439262,NaN,394,13,NaN,0.403099987431474,0.0895427082343574,0,0.378873954744199,0.500196008812339,0,0,0.879069963556537
252.9,827.940548639962,NaN,394,13,NaN,0.403099987431474,0.0895427082343574,0,0.378783744704794,0.500160376200755,0,0,0.87894412090555
253,828.117964437333,NaN,394,13,NaN,0.403099987431474,0.0895427082343574,0,0.378693547580289,0.500124725778107,0,0,0.878818273358396
253.1,828.295354830388,NaN,394,13,NaN,0.403099987431474,0.0895427082343574,0,0.378603363371186,0.500089057544617,0,0,0.878692420915802
253.2,828.472719818139,NaN,394,13,NaN,0.403099987431474,0.0895427082343574,0,0.378513192077986,0.500053371500512,0,0,0.878566563578497
253.3,828.650059399598,NaN,394,13,NaN,0.403099987431474,0.0895427082343574,0,0.378423033701192,0.500017667646026,0,0,0.878440701347218
253.4,828.827373573777,NaN,394,13,NaN,0.403099987431474,0.0895427082343574,0,0.378332888241307,0.499981945981397,0,0,0.878314834222703
253.5,829.004662339689,NaN,394,13,NaN,0.403099987431474,0.0895427082343574,0,0.378242755698832,0.499946206506869,0,0,0.878188962205701
253.6,829.181925696344,NaN,394,13,NaN,0.403099987431474,0.0895427082343574,0,0.37815263607427,0.499910449222693,0,0,0.878063085296962
253.7,829.359163642755,NaN,394,13,NaN,0.403099987431474,0.0895427082343574,0,0.378062529368123,0.499874674129122,0,0,0.877937203497245
253.8,829.536376177935,NaN,394,13,NaN,0.403099987431474,0.0895427082343574,0,0.377972435580894,0.499838881226417,0,0,0.877811316807311
253.9,829.713563300896,NaN,394,13,NaN,0.403099987431474,0.0895427082343574,0,0.377882354713084,0.499803070514844,0,0,0.877685425227928
254,829.890725010649,NaN,394,13,NaN,0.403099987431474,0.0895427082343574,0,0.377792286765196,0.499767241994675,0,0,0.877559528759871
254.1,830.067861306207,NaN,394,13,NaN,0.403099987431474,0.0895427082343574,0,0.377702231737732,0.499731395666185,0,0,0.877433627403917
254.2,830.244972186582,NaN,394,13,NaN,0.403099987431474,0.0895427082343574,0,0.377612189631194,0.499695531529657,0,0,0.877307721160851
254.3,830.422057650787,NaN,394,13,NaN,0.403099987431474,0.0895427082343574,0,0.377522160446084,0.499659649585379,0,0,0.877181810031463
254.4,830.599117697833,NaN,394,13,NaN,0.403099987431474,0.0895427082343574,0,0.377432144182905,0.499623749833642,0,0,0.877055894016547
254.5,830.776152326733,NaN,394,13,NaN,0.403099987431474,0.0895427082343574,0,0.377342140842158,0.499587832274747,0,0,0.876929973116905
254.6,830.9531615365,NaN,394,13,NaN,0.403099987431474,0.0895427082343574,0,0.377252150424346,0.499551896908996,0,0,0.876804047333342
254.7,831.130145326146,NaN,394,13,NaN,0.403099987431474,0.0895427082343574,0,0.377162172929971,0.499515943736698,0,0,0.876678116666669
254.8,831.307103694682,NaN,394,13,NaN,0.403099987431474,0.0895427082343574,0,0.377072208359535,0.49947997275817,0,0,0.876552181117704
254.9,831.484036641122,NaN,394,13,NaN,0.403099987431474,0.0895427082343574,0,0.376982256713539,0.499443983973729,0,0,0.876426240687268
255,831.660944164478,NaN,394,13,NaN,0.403099987431474,0.0895427082343574,0,0.376892317992487,0.499407977383703,0,0,0.87630029537619
255.1,831.837826263762,NaN,394,13,NaN,0.403099987431474,0.0895427082343574,0,0.37680239219688,0.499371952988422,0,0,0.876174345185301
255.2,832.014682937988,NaN,394,13,NaN,0.403099987431474,0.0895427082343574,0,0.37671247932722,0.499335910788222,0,0,0.876048390115442
255.3,832.191514186166,NaN,394,13,NaN,0.403099987431474,0.0895427082343574,0,0.376622579384009,0.499299850783445,0,0,0.875922430167454
255.4,832.368320007311,NaN,394,13,NaN,0.403099987431474,0.0895427082343574,0,0.37653269236775,0.499263772974439,0,0,0.875796465342189
255.5,832.545100400434,NaN,394,13,NaN,0.403099987431474,0.0895427082343574,0,0.376442818278943,0.499227677361557,0,0,0.8756704956405
255.6,832.721855364549,NaN,394,13,NaN,0.403099987431474,0.0895427082343574,0,0.376352957118092,0.499191563945155,0,0,0.875544521063247
255.7,832.898584898667,NaN,394,13,NaN,0.403099987431474,0.0895427082343574,0,0.376263108885698,0.499155432725599,0,0,0.875418541611297
255.8,833.075289001802,NaN,394,13,NaN,0.403099987431474,0.0895427082343574,0,0.376173273582263,0.499119283703257,0,0,0.87529255728552
255.9,833.251967672965,NaN,394,13,NaN,0.403099987431474,0.0895427082343574,0,0.376083451208289,0.499083116878503,0,0,0.875166568086792
256,833.428620911171,NaN,394,13,NaN,0.403099987431474,0.0895427082343574,0,0.375993641764278,0.499046932251718,0,0,0.875040574015996
256.1,833.605248715431,NaN,394,13,NaN,0.403099987431474,0.0895427082343574,0,0.375903845250732,0.499010729823287,0,0,0.874914575074018
256.2,833.781851084759,NaN,394,13,NaN,0.403099987431474,0.0895427082343574,0,0.375814061668153,0.4989745095936,0,0,0.874788571261752
256.3,833.958428018166,NaN,394,13,NaN,0.403099987431474,0.0895427082343574,0,0.375724291017042,0.498938271563054,0,0,0.874662562580096
256.4,834.134979514667,NaN,394,13,NaN,0.403099987431474,0.0895427082343574,0,0.375634533297902,0.49890201573205,0,0,0.874536549029952
256.5,834.311505573273,NaN,394,13,NaN,0.403099987431474,0.0895427082343574,0,0.375544788511235,0.498865742100996,0,0,0.874410530612231
256.6,834.488006192998,NaN,394,13,NaN,0.403099987431474,0.0895427082343574,0,0.375455056657541,0.498829450670304,0,0,0.874284507327845
256.7,834.664481372854,NaN,394,13,NaN,0.403099987431474,0.0895427082343574,0,0.375365337737325,0.498793141440391,0,0,0.874158479177716
256.8,834.840931111856,NaN,394,13,NaN,0.403099987431474,0.0895427082343574,0,0.375275631751086,0.498756814411683,0,0,0.874032446162768
256.9,835.017355409014,NaN,394,13,NaN,0.403099987431474,0.0895427082343574,0,0.375185938699326,0.498720469584606,0,0,0.873906408283933
257,835.193754263342,NaN,394,13,NaN,0.403099987431474,0.0895427082343574,0,0.375096258582549,0.498684106959596,0,0,0.873780365542145
257.1,835.370127673854,NaN,394,13,NaN,0.403099987431474,0.0895427082343574,0,0.375006591401255,0.498647726537092,0,0,0.873654317938347
257.2,835.546475639562,NaN,394,13,NaN,0.403099987431474,0.0895427082343574,0,0.374916937155946,0.49861132831754,0,0,0.873528265473486
257.3,835.72279815948,NaN,394,13,NaN,0.403099987431474,0.0895427082343574,0,0.374827295847124,0.49857491230139,0,0,0.873402208148513
257.4,835.89909523262,NaN,394,13,NaN,0.403099987431474,0.0895427082343574,0,0.37473766747529,0.498538478489098,0,0,0.873276145964388
257.5,836.075366857995,NaN,394,13,NaN,0.403099987431474,0.0895427082343574,0,0.374648052040947,0.498502026881125,0,0,0.873150078922072
257.6,836.25161303462,NaN,394,13,NaN,0.403099987431474,0.0895427082343574,0,0.374558449544596,0.498465557477939,0,0,0.873024007022535
257.7,836.427833761506,NaN,394,13,NaN,0.403099987431474,0.0895427082343574,0,0.374468859986739,0.498429070280012,0,0,0.872897930266751
257.8,836.604029037667,NaN,394,13,NaN,0.403099987431474,0.0895427082343574,0,0.374379283367878,0.498392565287821,0,0,0.872771848655699
257.9,836.780198862116,NaN,394,13,NaN,0.403099987431474,0.0895427082343574,0,0.374289719688514,0.498356042501851,0,0,0.872645762190365
258,836.956343233867,NaN,394,13,NaN,0.403099987431474,0.0895427082343574,0,0.374200168949148,0.498319501922589,0,0,0.872519670871738
258.1,837.132462151932,NaN,394,13,NaN,0.403099987431474,0.0895427082343574,0,0.374110631150284,0.49828294355053,0,0,0.872393574700814
258.2,837.308555615326,NaN,394,13,NaN,0.403099987431474,0.0895427082343574,0,0.374021106292421,0.498246367386174,0,0,0.872267473678595
258.3,837.484623623061,NaN,394,13,NaN,0.403099987431474,0.0895427082343574,0,0.373931594376062,0.498209773430025,0,0,0.872141367806087
258.4,837.66066617415,NaN,394,13,NaN,0.403099987431474,0.0895427082343574,0,0.373842095401709,0.498173161682594,0,0,0.872015257084302
258.5,837.836683267607,NaN,394,13,NaN,0.403099987431474,0.0895427082343574,0,0.373752609369862,0.498136532144397,0,0,0.871889141514259
258.6,838.012674902446,NaN,394,13,NaN,0.403099987431474,0.0895427082343574,0,0.373663136281025,0.498099884815955,0,0,0.871763021096979
258.7,838.18864107768,NaN,394,13,NaN,0.403099987431474,0.0895427082343574,0,0.373573676135697,0.498063219697794,0,0,0.871636895833492
258.8,838.364581792321,NaN,394,13,NaN,0.403099987431474,0.0895427082343574,0,0.373484228934381,0.498026536790449,0,0,0.87151076572483
258.9,838.540497045385,NaN,394,13,NaN,0.403099987431474,0.0895427082343574,0,0.373394794677579,0.497989836094455,0,0,0.871384630772034
259,838.716386835883,NaN,394,13,NaN,0.403099987431474,0.0895427082343574,0,0.373305373365791,0.497953117610356,0,0,0.871258490976147
259.1,838.892251162831,NaN,394,13,NaN,0.403099987431474,0.0895427082343574,0,0.37321596499952,0.497916381338701,0,0,0.871132346338221
259.2,839.06809002524,NaN,394,13,NaN,0.403099987431474,0.0895427082343574,0,0.373126569579266,0.497879627280044,0,0,0.871006196859311
259.3,839.243903422126,NaN,394,13,NaN,0.403099987431474,0.0895427082343574,0,0.373037187105532,0.497842855434944,0,0,0.870880042540477
259.4,839.4196913525,NaN,394,13,NaN,0.403099987431474,0.0895427082343574,0,0.372947817578819,0.497806065803967,0,0,0.870753883382786
259.5,839.595453815378,NaN,394,13,NaN,0.403099987431474,0.0895427082343574,0,0.372858460999628,0.497769258387681,0,0,0.87062771938731
259.6,839.771190809773,NaN,394,13,NaN,0.403099987431474,0.0895427082343574,0,0.372769117368461,0.497732433186664,0,0,0.870501550555125
259.7,839.946902334697,NaN,394,13,NaN,0.403099987431474,0.0895427082343574,0,0.372679786685819,0.497695590201497,0,0,0.870375376887316
259.8,840.122588389166,NaN,394,13,NaN,0.403099987431474,0.0895427082343574,0,0.372590468952204,0.497658729432766,0,0,0.87024919838497
259.9,840.298248972193,NaN,394,13,NaN,0.403099987431474,0.0895427082343574,0,0.372501164168117,0.497621850881063,0,0,0.87012301504918
260,840.473884082791,NaN,394,13,NaN,0.403099987431474,0.0895427082343574,0,0.372411872334059,0.497584954546987,0,0,0.869996826881046
260.1,840.649493719975,NaN,394,13,NaN,0.403099987431474,0.0895427082343574,0,0.372322593450532,0.49754804043114,0,0,0.869870633881672
260.2,840.825077882757,NaN,394,13,NaN,0.403099987431474,0.0895427082343574,0,0.372233327518037,0.49751110853413,0,0,0.869744436052167
260.3,841.000636570153,NaN,394,13,NaN,0.403099987431474,0.0895427082343574,0,0.372144074537076,0.497474158856572,0,0,0.869618233393648
260.4,841.176169781175,NaN,394,13,NaN,0.403099987431474,0.0895427082343574,0,0.37205483450815,0.497437191399085,0,0,0.869492025907235
260.5,841.351677514839,NaN,394,13,NaN,0.403099987431474,0.0895427082343574,0,0.37196560743176,0.497400206162294,0,0,0.869365813594054
260.6,841.527159770156,NaN,394,13,NaN,0.403099987431474,0.0895427082343574,0,0.371876393308407,0.497363203146829,0,0,0.869239596455237
260.7,841.702616546143,NaN,394,13,NaN,0.403099987431474,0.0895427082343574,0,0.371787192138594,0.497326182353326,0,0,0.86911337449192
260.8,841.878047841812,NaN,394,13,NaN,0.403099987431474,0.0895427082343574,0,0.371698003922821,0.497289143782426,0,0,0.868987147705247
260.9,842.053453656177,NaN,394,13,NaN,0.403099987431474,0.0895427082343574,0,0.371608828661589,0.497252087434776,0,0,0.868860916096365
261,842.228833988253,NaN,394,13,NaN,0.403099987431474,0.0895427082343574,0,0.3715196663554,0.497215013311027,0,0,0.868734679666427
261.1,842.404188837053,NaN,394,13,NaN,0.403099987431474,0.0895427082343574,0,0.371430517004754,0.497177921411838,0,0,0.868608438416593
261.2,842.579518201592,NaN,394,13,NaN,0.403099987431474,0.0895427082343574,0,0.371341380610155,0.497140811737872,0,0,0.868482192348026
261.3,842.754822080884,NaN,394,13,NaN,0.403099987431474,0.0895427082343574,0,0.371252257172101,0.497103684289796,0,0,0.868355941461897
261.4,842.930100473942,NaN,394,13,NaN,0.403099987431474,0.0895427082343574,0,0.371163146691095,0.497066539068285,0,0,0.86822968575938
261.5,843.105353379782,NaN,394,13,NaN,0.403099987431474,0.0895427082343574,0,0.371074049167639,0.497029376074017,0,0,0.868103425241656
261.6,843.280580797416,NaN,394,13,NaN,0.403099987431474,0.0895427082343574,0,0.370984964602232,0.496992195307679,0,0,0.867977159909911
261.7,843.455782725861,NaN,394,13,NaN,0.403099987431474,0.0895427082343574,0,0.370895892995376,0.49695499676996,0,0,0.867850889765336
261.8,843.630959164128,NaN,394,13,NaN,0.403099987431474,0.0895427082343574,0,0.370806834347573,0.496917780461555,0,0,0.867724614809129
261.9,843.806110111234,NaN,394,13,NaN,0.403099987431474,0.0895427082343574,0,0.370717788659324,0.496880546383167,0,0,0.86759833504249
262,843.981235566191,NaN,394,13,NaN,0.403099987431474,0.0895427082343574,0,0.370628755931129,0.496843294535501,0,0,0.86747205046663
262.1,844.156335528015,NaN,394,13,NaN,0.403099987431474,0.0895427082343574,0,0.37053973616349,0.49680602491927,0,0,0.867345761082759
262.2,844.33140999572,NaN,394,13,NaN,0.403099987431474,0.0895427082343574,0,0.370450729356907,0.49676873753519,0,0,0.867219466892098
262.3,844.50645896832,NaN,394,13,NaN,0.403099987431474,0.0895427082343574,0,0.370361735511883,0.496731432383986,0,0,0.867093167895869
262.4,844.681482444829,NaN,394,13,NaN,0.403099987431474,0.0895427082343574,0,0.370272754628918,0.496694109466385,0,0,0.866966864095303
262.5,844.856480424262,NaN,394,13,NaN,0.403099987431474,0.0895427082343574,0,0.370183786708513,0.496656768783122,0,0,0.866840555491635
262.6,845.031452905634,NaN,394,13,NaN,0.403099987431474,0.0895427082343574,0,0.37009483175117,0.496619410334935,0,0,0.866714242086105
262.7,845.206399887958,NaN,394,13,NaN,0.403099987431474,0.0895427082343574,0,0.370005889757388,0.496582034122569,0,0,0.866587923879958
262.8,845.38132137025,NaN,394,13,NaN,0.403099987431474,0.0895427082343574,0,0.36991696072767,0.496544640146775,0,0,0.866461600874446
262.9,845.556217351524,NaN,394,13,NaN,0.403099987431474,0.0895427082343574,0,0.369828044662517,0.496507228408309,0,0,0.866335273070825
263,845.731087830793,NaN,394,13,NaN,0.403099987431474,0.0895427082343574,0,0.369739141562428,0.496469798907931,0,0,0.866208940470359
263.1,845.905932807074,NaN,394,13,NaN,0.403099987431474,0.0895427082343574,0,0.369650251427906,0.496432351646407,0,0,0.866082603074313
263.2,846.08075227938,NaN,394,13,NaN,0.403099987431474,0.0895427082343574,0,0.369561374259451,0.496394886624511,0,0,0.865956260883962
263.3,846.255546246726,NaN,394,13,NaN,0.403099987431474,0.0895427082343574,0,0.369472510057564,0.49635740384302,0,0,0.865829913900584
263.4,846.430314708128,NaN,394,13,NaN,0.403099987431474,0.0895427082343574,0,0.369383658822747,0.496319903302715,0,0,0.865703562125462
263.5,846.605057662598,NaN,394,13,NaN,0.403099987431474,0.0895427082343574,0,0.3692948205555,0.496282385004387,0,0,0.865577205559886
263.6,846.779775109153,NaN,394,13,NaN,0.403099987431474,0.0895427082343574,0,0.369205995256323,0.496244848948828,0,0,0.865450844205151
263.7,846.954467046806,NaN,394,13,NaN,0.403099987431474,0.0895427082343574,0,0.369117182925719,0.496207295136838,0,0,0.865324478062557
263.8,847.129133474573,NaN,394,13,NaN,0.403099987431474,0.0895427082343574,0,0.369028383564187,0.496169723569222,0,0,0.86519810713341
263.9,847.303774391468,NaN,394,13,NaN,0.403099987431474,0.0895427082343574,0,0.368939597172229,0.49613213424679,0,0,0.86507173141902
264,847.478389796507,NaN,394,13,NaN,0.403099987431474,0.0895427082343574,0,0.368850823750346,0.496094527170358,0,0,0.864945350920704
264.1,847.652979688703,NaN,394,13,NaN,0.403099987431474,0.0895427082343574,0,0.368762063299039,0.496056902340746,0,0,0.864818965639785
264.2,847.827544067073,NaN,394,13,NaN,0.403099987431474,0.0895427082343574,0,0.368673315818807,0.496019259758782,0,0,0.864692575577589
264.3,848.00208293063,NaN,394,13,NaN,0.403099987431474,0.0895427082343574,0,0.368584581310153,0.495981599425297,0,0,0.864566180735449
264.4,848.17659627839,NaN,394,13,NaN,0.403099987431474,0.0895427082343574,0,0.368495859773576,0.495943921341128,0,0,0.864439781114705
264.5,848.351084109367,NaN,394,13,NaN,0.403099987431474,0.0895427082343574,0,0.368407151209579,0.49590622550712,0,0,0.864313376716699
264.6,848.525546422577,NaN,394,13,NaN,0.403099987431474,0.0895427082343574,0,0.368318455618661,0.49586851192412,0,0,0.86418696754278
264.7,848.699983217034,NaN,394,13,NaN,0.403099987431474,0.0895427082343574,0,0.368229773001323,0.495830780592981,0,0,0.864060553594304
264.8,848.874394491754,NaN,394,13,NaN,0.403099987431474,0.0895427082343574,0,0.368141103358066,0.495793031514564,0,0,0.86393413487263
264.9,849.048780245752,NaN,394,13,NaN,0.403099987431474,0.0895427082343574,0,0.368052446689391,0.495755264689733,0,0,0.863807711379125
265,849.223140478042,NaN,394,13,NaN,0.403099987431474,0.0895427082343574,0,0.367963802995799,0.495717480119359,0,0,0.863681283115158
265.1,849.39747518764,NaN,394,13,NaN,0.403099987431474,0.0895427082343574,0,0.36787517227779,0.495679677804316,0,0,0.863554850082106
265.2,849.57178437356,NaN,394,13,NaN,0.403099987431474,0.0895427082343574,0,0.367786554535865,0.495641857745487,0,0,0.863428412281352
265.3,849.746068034819,NaN,394,13,NaN,0.403099987431474,0.0895427082343574,0,0.367697949770524,0.495604019943757,0,0,0.863301969714282
265.4,849.920326170431,NaN,394,13,NaN,0.403099987431474,0.0895427082343574,0,0.367609357982269,0.495566164400019,0,0,0.863175522382289
265.5,850.094558779411,NaN,394,13,NaN,0.403099987431474,0.0895427082343574,0,0.3675207791716,0.495528291115171,0,0,0.863049070286771
265.6,850.268765860774,NaN,394,13,NaN,0.403099987431474,0.0895427082343574,0,0.367432213339018,0.495490400090114,0,0,0.862922613429132
265.7,850.442949226592,NaN,394.000000001353,13.0000000026085,NaN,0.403099987427854,0.0895427082403603,1.788944383113e-12,0.367343659564538,0.495452490934447,0,0,0.862796150498985
265.8,850.617110638463,NaN,394.000000005382,13.0000000103789,NaN,0.403099987417071,0.0895427082582418,7.1178071927708e-12,0.367255116953806,0.495414563267721,0,0,0.862669680221528
265.9,850.791250020046,NaN,394.000000012044,13.0000000232283,NaN,0.403099987399239,0.0895427082878114,1.59298372849985e-11,0.367166585545593,0.495376617105738,0,0,0.862543202651331
266,850.965367295453,NaN,394.000000021297,13.0000000410744,NaN,0.403099987374473,0.0895427083288795,2.81685560031938e-11,0.367078065378437,0.495338652464244,0,0,0.862416717842681
266.1,851.139462389251,NaN,394.000000033099,13.0000000638352,NaN,0.403099987342887,0.0895427083812576,4.3777757178156e-11,0.366989556490647,0.495300669358932,0,0,0.86229022584958
266.2,851.313535226464,NaN,394.000000047406,13.0000000914292,NaN,0.403099987304594,0.0895427084447579,6.27015071280687e-11,0.3669010589203,0.49526266780544,0,0,0.86216372672574
266.3,851.487585732572,NaN,394.000000064178,13.0000001237751,NaN,0.403099987259706,0.0895427085191938,8.48841446585036e-11,0.36681257270524,0.495224647819351,0,0,0.862037220524591
266.4,851.66161383351,NaN,394.000000083371,13.0000001607923,NaN,0.403099987208335,0.0895427086043793,1.10270281062421e-10,0.36672409788308,0.495186609416194,0,0,0.861910707299274
266.5,851.835619455672,NaN,394.000000104945,13.0000002024004,NaN,0.403099987150594,0.0895427087001295,1.38804800120167e-10,0.366635634491201,0.495148552611443,0,0,0.861784187102644
266.6,852.009602525902,NaN,394.000000128858,13.0000002485193,NaN,0.403099987086593,0.0895427088062603,1.7043285809948e-10,0.366547182566755,0.495110477420515,0,0,0.86165765998727
266.7,852.183562971506,NaN,394.000000155069,13.0000002990696,NaN,0.403099987016442,0.0895427089225886,2.05099883755503e-10,0.366458742146659,0.495072383858772,0,0,0.861531126005431
266.8,852.357500720242,NaN,394.000000183536,13.0000003539719,NaN,0.403099986940251,0.0895427090489323,2.42751578330709e-10,0.366370313267601,0.495034271941519,0,0,0.861404585209121
266.9,852.531415700326,NaN,394.000000214219,13.0000004131478,NaN,0.40309998685813,0.08954270918511,2.83333915555042e-10,0.366281895966036,0.494996141684008,0,0,0.861278037650044
267,852.705307840427,NaN,394.000000247077,13.0000004765185,NaN,0.403099986770188,0.0895427093309414,3.26793141645743e-10,0.366193490278189,0.49495799310143,0,0,0.861151483379619
267.1,852.879177069674,NaN,394.000000282069,13.0000005440062,NaN,0.403099986676532,0.089542709486247,3.73075775307511e-10,0.366105096240051,0.494919826208922,0,0,0.861024922448973
267.2,853.053023317648,NaN,394.000000319156,13.0000006155334,NaN,0.403099986577271,0.0895427096508482,4.22128607732412e-10,0.366016713887384,0.494881641021562,0,0,0.860898354908946
267.3,853.22684651439,NaN,394.000000358298,13.0000006910228,NaN,0.403099986472511,0.0895427098245674,4.73898702599897e-10,0.365928343255716,0.494843437554372,0,0,0.860771780810088
267.4,853.400646590392,NaN,394.000000399454,13.0000007703976,NaN,0.403099986362359,0.089542710007228,5.28333396076807e-10,0.365839984380346,0.494805215822316,0,0,0.860645200202662
267.5,853.574423476606,NaN,394.000000442585,13.0000008535814,NaN,0.403099986246921,0.089542710198654,5.85380296817372e-10,0.36575163729634,0.494766975840299,0,0,0.860518613136639
267.6,853.748177104438,NaN,394.000000487652,13.0000009404983,NaN,0.403099986126302,0.0895427103986707,6.44987285963208e-10,0.365663302038533,0.494728717623168,0,0,0.8603920196617
267.7,853.92190740575,NaN,394.000000534615,13.0000010310726,NaN,0.403099986000608,0.089542710607104,7.07102517143355e-10,0.365574978641527,0.494690441185711,0,0,0.860265419827239
267.8,854.09561431286,NaN,394.000000583436,13.0000011252291,NaN,0.403099985869943,0.0895427108237808,7.71674416474138e-10,0.365486667139696,0.49465214654266,0,0,0.860138813682356
267.9,854.269297758542,NaN,394.000000634075,13.000001222893,NaN,0.403099985734411,0.0895427110485291,8.3865168255941e-10,0.365398367567177,0.494613833708684,0,0,0.860012201275862
268,854.442957676026,NaN,394.000000686494,13.00000132399,NaN,0.403099985594114,0.0895427112811776,9.07983286490265e-10,0.365310079957881,0.494575502698395,0,0,0.859885582656276
268.1,854.616593998997,NaN,394.000000740655,13.0000014284459,NaN,0.403099985449156,0.089542711521556,9.79618471845298e-10,0.365221804345484,0.494537153526344,0,0,0.859758957871828
268.2,854.790206661598,NaN,394.000000796519,13.0000015361873,NaN,0.403099985299638,0.0895427117694948,1.05350675469045e-09,0.365133540763432,0.494498786207023,0,0,0.859632326970455
268.3,854.963795598425,NaN,394.000000854049,13.0000016471408,NaN,0.403099985145663,0.0895427120248257,1.12959792357907e-09,0.365045289244938,0.494460400754862,0,0,0.8595056899998
268.4,855.137360744533,NaN,394.000000913207,13.0000017612337,NaN,0.403099984987331,0.0895427122873809,1.20784203955186e-09,0.364957049822986,0.494421997184233,0,0,0.859379047007219
268.5,855.310902035429,NaN,394.000000973954,13.0000018783935,NaN,0.403099984824743,0.0895427125569939,1.28818943613694e-09,0.364868822530325,0.494383575509445,0,0,0.85925239803977
268.6,855.48441940708,NaN,394.000001036255,13.0000019985482,NaN,0.403099984657999,0.0895427128334988,1.37059071934981e-09,0.364780607399476,0.494345135744747,0,0,0.859125743144223
268.7,855.657912795907,NaN,394.000001100072,13.0000021216262,NaN,0.403099984487198,0.089542713116731,1.4549967676934e-09,0.364692404462725,0.494306677904326,0,0,0.858999082367051
268.8,855.831382138785,NaN,394.000001165367,13.0000022475562,NaN,0.40309998431244,0.0895427134065264,1.54135873215788e-09,0.36460421375213,0.494268202002307,0,0,0.858872415754437
268.9,856.004827373048,NaN,394.000001232104,13.0000023762675,NaN,0.403099984133821,0.0895427137027221,1.62962803622103e-09,0.364516035299514,0.494229708052755,0,0,0.858745743352269
269,856.178248436485,NaN,394.000001300247,13.0000025076896,NaN,0.403099983951441,0.0895427140051559,1.71975637584779e-09,0.364427869136472,0.49419119606967,0,0,0.858619065206142
269.1,856.35164526734,NaN,394.000001369759,13.0000026417524,NaN,0.403099983765396,0.0895427143136667,1.81169571949065e-09,0.364339715294364,0.494152666066991,0,0,0.858492381361355
269.2,856.525017804314,NaN,394.000001440604,13.0000027783862,NaN,0.403099983575783,0.0895427146280942,1.90539830808943e-09,0.364251573804321,0.494114118058594,0,0,0.858365691862915
269.3,856.698365986562,NaN,394.000001512747,13.000002917522,NaN,0.403099983382698,0.0895427149482791,2.00081665507135e-09,0.364163444697241,0.494075552058291,0,0,0.858238996755532
269.4,856.871689753697,NaN,394.000001586151,13.0000030590907,NaN,0.403099983186237,0.089542715274063,2.09790354635101e-09,0.364075328003791,0.494036968079832,0,0,0.858112296083624
269.5,857.044989045787,NaN,394.000001660781,13.0000032030241,NaN,0.403099982986494,0.0895427156052883,2.19661204033041e-09,0.363987223754407,0.493998366136903,0,0,0.857985589891311
269.6,857.218263803355,NaN,394.000001736601,13.0000033492539,NaN,0.403099982783564,0.0895427159417984,2.29689546789892e-09,0.363899131979293,0.493959746243125,0,0,0.857858878222418
269.7,857.391513967382,NaN,394.000001813578,13.0000034977126,NaN,0.403099982577542,0.0895427162834377,2.39870743243336e-09,0.36381105270842,0.493921108412055,0,0,0.857732161120475
269.8,857.564739479303,NaN,394.000001891675,13.000003648333,NaN,0.403099982368519,0.0895427166300514,2.50200180979778e-09,0.363722985971531,0.493882452657186,0,0,0.857605438628717
269.9,857.73794028101,NaN,394.000001970858,13.000003801048,NaN,0.403099982156589,0.0895427169814855,2.60673274834384e-09,0.363634931798133,0.493843778991946,0,0,0.857478710790079
270,857.911116314849,NaN,394.000002051093,13.0000039557913,NaN,0.403099981941845,0.0895427173375873,2.71285466891035e-09,0.363546890217505,0.493805087429697,0,0,0.857351977647202
270.1,858.084267523624,NaN,394.000002132346,13.0000041124969,NaN,0.403099981724378,0.0895427176982045,2.82032226482369e-09,0.363458861258693,0.493766377983738,0,0,0.857225239242431
270.2,858.257393850595,NaN,394.000002214582,13.000004271099,NaN,0.403099981504279,0.0895427180631862,2.92909050189757e-09,0.363370844950511,0.493727650667299,0,0,0.85709849561781
270.3,858.430495239476,NaN,394.000002297767,13.0000044315324,NaN,0.403099981281638,0.0895427184323821,3.03911461843308e-09,0.363282841321544,0.493688905493546,0,0,0.85697174681509
270.4,858.603571634437,NaN,394.000002381868,13.0000045937322,NaN,0.403099981056546,0.0895427188056429,3.1503501252187e-09,0.363194850400142,0.493650142475579,0,0,0.85684499287572
270.5,858.776622980107,NaN,394.000002466852,13.0000047576338,NaN,0.403099980829092,0.0895427191828203,3.26275280553031e-09,0.363106872214425,0.493611361626429,0,0,0.856718233840854
270.6,858.949649221567,NaN,394.000002552685,13.0000049231735,NaN,0.403099980599366,0.0895427195637668,3.37627871513117e-09,0.363018906792281,0.493572562959064,0,0,0.856591469751345
270.7,859.122650304356,NaN,394.000002639334,13.0000050902872,NaN,0.403099980367454,0.0895427199483359,3.49088418227199e-09,0.362930954161369,0.493533746486381,0,0,0.85646470064775
270.8,859.295626174467,NaN,394.000002726767,13.0000052589118,NaN,0.403099980133447,0.0895427203363818,3.60652580769068e-09,0.362843014349113,0.493494912221212,0,0,0.856337926570325
270.9,859.468576778352,NaN,394.00000281495,13.0000054289845,NaN,0.403099979897429,0.08954272072776,3.72316046461279e-09,0.362755087382706,0.49345606017632,0,0,0.856211147559027
271,859.641502062917,NaN,394.000002903852,13.0000056004426,NaN,0.403099979659489,0.0895427211223266,3.840745298751e-09,0.362667173289113,0.493417190364401,0,0,0.856084363653514
271.1,859.814401975522,NaN,394.00000299344,13.0000057732242,NaN,0.403099979419712,0.0895427215199387,3.95923772830558e-09,0.362579272095062,0.493378302798082,0,0,0.855957574893144
271.2,859.987276463986,NaN,394.000003083682,13.0000059472676,NaN,0.403099979178184,0.0895427219204543,4.07859544396412e-09,0.362491383827054,0.493339397489921,0,0,0.855830781316975
271.3,860.160125476583,NaN,394.000003174546,13.0000061225113,NaN,0.403099978934991,0.0895427223237324,4.1987764089016e-09,0.362403508511356,0.493300474452407,0,0,0.855703982963763
271.4,860.332948962042,NaN,394.000003266002,13.0000062988946,NaN,0.403099978690216,0.0895427227296329,4.31973885878037e-09,0.362315646174004,0.493261533697962,0,0,0.855577179871966
271.5,860.505746869549,NaN,394.000003358017,13.0000064763569,NaN,0.403099978443943,0.0895427231380165,4.4414413017502e-09,0.362227796840804,0.493222575238935,0,0,0.855450372079739
271.6,860.678519148744,NaN,394.00000345056,13.0000066548381,NaN,0.403099978196257,0.0895427235487449,4.56384251844822e-09,0.362139960537327,0.493183599087609,0,0,0.855323559624936
271.7,860.851265749725,NaN,394.0000035436,13.0000068342786,NaN,0.403099977947239,0.0895427239616807,4.68690156199903e-09,0.362052137288916,0.493144605256194,0,0,0.85519674254511
271.8,861.023986623045,NaN,394.000003637108,13.000007014619,NaN,0.403099977696973,0.0895427243766874,4.81057775801441e-09,0.36196432712068,0.49310559375683,0,0,0.85506992087751
271.9,861.196681719713,NaN,394.000003731051,13.0000071958004,NaN,0.403099977445539,0.0895427247936294,4.93483070459381e-09,0.361876530057499,0.493066564601588,0,0,0.854943094659087
272,861.369350991193,NaN,394.0000038254,13.0000073777642,NaN,0.40309997719302,0.0895427252123721,5.05962027232378e-09,0.361788746124018,0.493027517802467,0,0,0.854816263926484
272.1,861.541994389406,NaN,394.000003920124,13.0000075604524,NaN,0.403099976939496,0.0895427256327818,5.18490660427846e-09,0.361700975344653,0.492988453371393,0,0,0.854689428716047
272.2,861.714611866727,NaN,394.000004015195,13.0000077438073,NaN,0.403099976685046,0.0895427260547255,5.31065011601934e-09,0.361613217743589,0.492949371320225,0,0,0.854562589063814
272.3,861.887203375991,NaN,394.000004110581,13.0000079277714,NaN,0.40309997642975,0.0895427264780715,5.43681149559526e-09,0.361525473344778,0.492910271660745,0,0,0.854435745005523
272.4,862.059768870484,NaN,394.000004206253,13.000008112288,NaN,0.403099976173688,0.0895427269026886,5.56335170354248e-09,0.361437742171939,0.492871154404667,0,0,0.854308896576606
272.5,862.23230830395,NaN,394.000004302183,13.0000082973005,NaN,0.403099975916938,0.0895427273284469,5.69023197288463e-09,0.361350024248563,0.492832019563629,0,0,0.854182043812192
272.6,862.40482163059,NaN,394.000004398341,13.0000084827526,NaN,0.403099975659578,0.0895427277552171,5.81741380913272e-09,0.361262319597907,0.4927928671492,0,0,0.854055186747107
272.7,862.577308805059,NaN,394.000004494698,13.0000086685888,NaN,0.403099975401685,0.0895427281828709,5.94485899028524e-09,0.361174628242998,0.492753697172872,0,0,0.85392832541587
272.8,862.749769782469,NaN,394.000004591225,13.0000088547537,NaN,0.403099975143336,0.0895427286112811,6.07252956682785e-09,0.361086950206629,0.492714509646067,0,0,0.853801459852696
272.9,862.922204518387,NaN,394.000004687894,13.0000090411922,NaN,0.403099974884606,0.0895427290403212,6.2003878617338e-09,0.360999285511364,0.492675304580131,0,0,0.853674590091496
273,863.094612968836,NaN,394.000004784677,13.00000922785,NaN,0.403099974625573,0.0895427294698658,6.32839647046375e-09,0.360911634179535,0.492636081986339,0,0,0.853547716165874
273.1,863.266995090296,NaN,394.000004881545,13.0000094146728,NaN,0.403099974366311,0.08954272989979,6.4565182609655e-09,0.360823996233241,0.492596841875889,0,0,0.85342083810913
273.2,863.439350839701,NaN,394.000004978471,13.0000096016069,NaN,0.403099974106894,0.0895427303299704,6.58471637367448e-09,0.360736371694351,0.492557584259906,0,0,0.853293955954257
273.3,863.611680174443,NaN,394.000005075427,13.0000097885989,NaN,0.403099973847397,0.0895427307602842,6.71295422151343e-09,0.360648760584501,0.492518309149438,0,0,0.85316706973394
273.4,863.783983052367,NaN,394.000005172386,13.0000099755959,NaN,0.403099973587893,0.0895427311906094,6.84119548989248e-09,0.360561162925098,0.492479016555462,0,0,0.85304017948056
273.5,863.956259431777,NaN,394.00000526932,13.0000101625453,NaN,0.403099973328455,0.0895427316208251,6.96940413670914e-09,0.360473578737315,0.492439706488875,0,0,0.85291328522619
273.6,864.128509271431,NaN,394.000005366202,13.000010349395,NaN,0.403099973069155,0.0895427320508114,7.09754439234832e-09,0.360386008042094,0.492400378960502,0,0,0.852786387002596
273.7,864.300732530543,NaN,394.000005463006,13.0000105360933,NaN,0.403099972810065,0.089542732480449,7.22558075968238e-09,0.360298450860146,0.49236103398109,0,0,0.852659484841236
273.8,864.472929168783,NaN,394.000005559705,13.0000107225887,NaN,0.403099972551257,0.0895427329096199,7.35347801407084e-09,0.360210907211949,0.492321671561311,0,0,0.85253257877326
273.9,864.645099146278,NaN,394.000005656272,13.0000109088302,NaN,0.403099972292802,0.0895427333382066,7.48120120336087e-09,0.360123377117753,0.492282291711758,0,0,0.852405668829511
274,864.817242423608,NaN,394.000005752681,13.0000110947673,NaN,0.403099972034768,0.0895427337660929,7.60871564788696e-09,0.360035860597573,0.49224289444295,0,0,0.852278755040523
274.1,864.989358961812,NaN,394.000005848906,13.00001128035,NaN,0.403099971777227,0.0895427341931632,7.73598694047085e-09,0.359948357671193,0.492203479765328,0,0,0.852151837436521
274.2,865.161448722384,NaN,394.000005944922,13.0000114655283,NaN,0.403099971520247,0.0895427346193032,7.86298094642181e-09,0.359860868358166,0.492164047689254,0,0,0.85202491604742
274.3,865.333511667271,NaN,394.000006040702,13.0000116502529,NaN,0.403099971263896,0.089542735044399,7.98966380353647e-09,0.359773392677815,0.492124598225014,0,0,0.851897990902829
274.4,865.50554775888,NaN,394.000006136222,13.0000118344748,NaN,0.403099971008243,0.089542735468338,8.11600192209885e-09,0.359685930649229,0.492085131382815,0,0,0.851771062032043
274.5,865.677556960073,NaN,394.000006231456,13.0000120181454,NaN,0.403099970753355,0.0895427358910084,8.24196198488033e-09,0.359598482291266,0.492045647172786,0,0,0.851644129464051
274.6,865.849539234164,NaN,394.000006326379,13.0000122012166,NaN,0.403099970499299,0.0895427363122993,8.3675109471397e-09,0.359511047622553,0.492006145604976,0,0,0.851517193227529
274.7,866.021494544929,NaN,394.000006420967,13.0000123836405,NaN,0.403099970246141,0.0895427367321008,8.49261603662321e-09,0.359423626661485,0.491966626689359,0,0,0.851390253350844
274.8,866.193422856594,NaN,394.000006515194,13.0000125653699,NaN,0.403099969993947,0.0895427371503038,8.61724475356427e-09,0.359336219426227,0.491927090435824,0,0,0.851263309862051
274.9,866.365324133844,NaN,394.000006609037,13.0000127463575,NaN,0.403099969742783,0.0895427375668001,8.7413648706839e-09,0.359248825934711,0.491887536854185,0,0,0.851136362788896
275,866.53719834182,NaN,394.000006702471,13.000012926557,NaN,0.403099969492712,0.0895427379814825,8.86494443319051e-09,0.359161446204637,0.491847965954175,0,0,0.851009412158812
275.1,866.709045446118,NaN,394.000006795472,13.000013105922,NaN,0.403099969243799,0.0895427383942448,8.98795175877968e-09,0.359074080253474,0.491808377745444,0,0,0.850882457998918
275.2,866.88086541279,NaN,394.000006888017,13.0000132844068,NaN,0.403099968996107,0.0895427388049814,9.11035543763459e-09,0.358986728098461,0.491768772237566,0,0,0.850755500336027
275.3,867.052658208343,NaN,394.000006980083,13.000013461966,NaN,0.403099968749701,0.089542739213588,9.23212433242576e-09,0.358899389756603,0.491729149440031,0,0,0.850628539196634
275.4,867.224423799742,NaN,394.000007071644,13.0000136385546,NaN,0.403099968504641,0.0895427396199609,9.35322757831105e-09,0.358812065244675,0.491689509362248,0,0,0.850501574606923
275.5,867.396162154405,NaN,394.00000716268,13.000013814128,NaN,0.40309996826099,0.0895427400239975,9.47363458293576e-09,0.358724754579219,0.491649852013548,0,0,0.850374606592767
275.6,867.567873240209,NaN,394.000007253166,13.0000139886419,NaN,0.403099968018809,0.0895427404255961,9.59331502643254e-09,0.358637457776548,0.491610177403176,0,0,0.850247635179724
275.7,867.739557025483,NaN,394.00000734308,13.0000141620525,NaN,0.403099967778159,0.0895427408246558,9.71223886142152e-09,0.358550174852741,0.491570485540297,0,0,0.850120660393038
275.8,867.911213479017,NaN,394.0000074324,13.0000143343165,NaN,0.403099967539101,0.0895427412210768,9.83037631301e-09,0.358462905823646,0.491530776433994,0,0,0.84999368225764
275.9,868.082842570051,NaN,394.000007521102,13.0000145053908,NaN,0.403099967301693,0.0895427416147599,9.94769787879289e-09,0.358375650704882,0.491491050093266,0,0,0.849866700798148
276,868.254444268285,NaN,394.000007609166,13.0000146752328,NaN,0.403099967065996,0.0895427420056072,1.00641743288525e-08,0.358288409511831,0.491451306527031,0,0,0.849739716038863
276.1,868.426018543874,NaN,394.000007696569,13.0000148438001,NaN,0.403099966832068,0.0895427423935215,1.01797767057582e-08,0.35820118225965,0.491411545744123,0,0,0.849612728003772
276.2,868.597565367428,NaN,394.000007783289,13.0000150110512,NaN,0.403099966599966,0.0895427427784065,1.02944763245671e-08,0.358113968963259,0.491371767753291,0,0,0.84948573671655
276.3,868.769084710012,NaN,394.000007869306,13.0000151769444,NaN,0.403099966369748,0.0895427431601668,1.04082447728237e-08,0.358026769637349,0.491331972563203,0,0,0.849358742200552
276.4,868.94057654315,NaN,394.000007954597,13.0000153414388,NaN,0.403099966141472,0.0895427435387081,1.05210539105596e-08,0.357939584296381,0.49129216018244,0,0,0.849231744478821
276.5,869.112040838819,NaN,394.000008039141,13.0000155044938,NaN,0.403099965915193,0.0895427439139368,1.0632875870294e-08,0.35785241295458,0.491252330619501,0,0,0.849104743574081
276.6,869.283477569453,NaN,394.000008122919,13.000015666069,NaN,0.403099965690968,0.0895427442857604,1.07436830570335e-08,0.357765255625944,0.491212483882798,0,0,0.848977739508742
276.7,869.454886707941,NaN,394.000008205908,13.0000158261247,NaN,0.403099965468852,0.0895427446540871,1.08534481482721e-08,0.357678112324236,0.49117261998066,0,0,0.848850732304896
276.8,869.626268227629,NaN,394.000008288089,13.0000159846214,NaN,0.403099965248899,0.0895427450188262,1.09621440939909e-08,0.357590983062991,0.491132738921329,0,0,0.84872372198432
276.9,869.797622102318,NaN,394.000008369442,13.00001614152,NaN,0.403099965031163,0.0895427453798879,1.10697441166588e-08,0.357503867855509,0.491092840712963,0,0,0.848596708568472
277,869.968948306266,NaN,394.000008449946,13.0000162967819,NaN,0.403099964815699,0.0895427457371831,1.11762217112319e-08,0.35741676671486,0.491052925363633,0,0,0.848469692078493
277.1,870.140246814184,NaN,394.000008529581,13.000016450369,NaN,0.40309996460256,0.0895427460906239,1.12815506451535e-08,0.357329679653882,0.491012992881324,0,0,0.848342672535206
277.2,870.311517601242,NaN,394.000008608329,13.0000166022432,NaN,0.403099964391797,0.0895427464401231,1.13857049583547e-08,0.357242606685183,0.490973043273934,0,0,0.848215649959117
277.3,870.482760643065,NaN,394.000008686169,13.0000167523672,NaN,0.403099964183463,0.0895427467855946,1.14886589632536e-08,0.357155547821138,0.490933076549274,0,0,0.848088624370413
277.4,870.653975915733,NaN,394.000008763082,13.0000169007039,NaN,0.40309996397761,0.0895427471269531,1.15903872447559e-08,0.357068503073891,0.490893092715069,0,0,0.84796159578896
277.5,870.825163395782,NaN,394.000008839049,13.0000170472166,NaN,0.403099963774288,0.0895427474641142,1.16908646602546e-08,0.356981472455353,0.490853091778956,0,0,0.847834564234309
277.6,870.996323060204,NaN,394.000008914052,13.0000171918691,NaN,0.403099963573547,0.0895427477969944,1.17900663396303e-08,0.356894455977205,0.490813073748484,0,0,0.847707529725689
277.7,871.167454886448,NaN,394.000008988072,13.0000173346255,NaN,0.403099963375438,0.0895427481255113,1.18879676852507e-08,0.356807453650897,0.490773038631113,0,0,0.84758049228201
277.8,871.338558852416,NaN,394.00000906109,13.0000174754502,NaN,0.403099963180009,0.0895427484495831,1.19845443719709e-08,0.356720465487646,0.490732986434216,0,0,0.847453451921862
277.9,871.509634936469,NaN,394.000009133088,13.0000176143084,NaN,0.403099962987309,0.0895427487691292,1.20797723471336e-08,0.356633491498439,0.490692917165076,0,0,0.847326408663515
278,871.680683117423,NaN,394.000009204049,13.0000177511653,NaN,0.403099962797387,0.0895427490840698,1.21736278305689e-08,0.356546531694029,0.490652830830889,0,0,0.847199362524918
278.1,871.851703374547,NaN,394.000009273955,13.0000178859865,NaN,0.403099962610289,0.089542749394326,1.22660873145939e-08,0.35645958608494,0.49061272743876,0,0,0.8470723135237
278.2,872.02269568757,NaN,394.000009342787,13.0000180187382,NaN,0.403099962426064,0.0895427496998198,1.23571275640135e-08,0.356372654681463,0.490572606995705,0,0,0.846945261677168
278.3,872.193660036673,NaN,394.000009410529,13.000018149387,NaN,0.403099962244756,0.0895427500004742,1.24467256161199e-08,0.356285737493658,0.490532469508649,0,0,0.846818207002307
278.4,872.364596402497,NaN,394.000009477163,13.0000182778998,NaN,0.403099962066414,0.089542750296213,1.25348587806925e-08,0.356198834531353,0.490492314984428,0,0,0.846691149515781
278.5,872.535504766136,NaN,394.000009542673,13.0000184042438,NaN,0.40309996189108,0.0895427505869611,1.26215046399983e-08,0.356111945804146,0.490452143429787,0,0,0.846564089233933
278.6,872.70638510914,NaN,394.000009607042,13.0000185283868,NaN,0.403099961718801,0.089542750872644,1.27066410487916e-08,0.356025071321401,0.490411954851379,0,0,0.84643702617278
278.7,872.877237413515,NaN,394.000009670253,13.0000186502968,NaN,0.403099961549621,0.0895427511531884,1.27902461343141e-08,0.355938211092253,0.490371749255768,0,0,0.846309960348021
278.8,873.048061661722,NaN,394.000009732289,13.0000187699425,NaN,0.403099961383584,0.0895427514285219,1.28722982962949e-08,0.355851365125603,0.490331526649426,0,0,0.846182891775029
278.9,873.218857836682,NaN,394.000009793136,13.0000188872926,NaN,0.403099961220732,0.0895427516985728,1.29527762069504e-08,0.355764533430122,0.490291287038731,0,0,0.846055820468853
279,873.389625921766,NaN,394.000009852776,13.0000190023165,NaN,0.403099961061108,0.0895427519632706,1.30316588109846e-08,0.35567771601425,0.490251030429971,0,0,0.845928746444221
279.1,873.560365900805,NaN,394.000009911195,13.0000191149839,NaN,0.403099960904754,0.0895427522225454,1.31089253255885e-08,0.355590912886193,0.490210756829341,0,0,0.845801669715535
279.2,873.731077758083,NaN,394.000009968376,13.0000192252648,NaN,0.403099960751713,0.0895427524763284,1.3184555240441e-08,0.355504124053929,0.490170466242944,0,0,0.845674590296873
279.3,873.901761478342,NaN,394.000010024304,13.0000193331298,NaN,0.403099960602024,0.0895427527245518,1.3258528317708e-08,0.355417349525201,0.490130158676788,0,0,0.845547508201988
279.4,874.072417046779,NaN,394.000010078965,13.0000194385497,NaN,0.403099960455728,0.0895427529671485,1.33308245920429e-08,0.355330589307522,0.490089834136789,0,0,0.845420423444311
279.5,874.243044449047,NaN,394.000010132343,13.0000195414959,NaN,0.403099960312865,0.0895427532040524,1.34014243705866e-08,0.355243843408174,0.49004949262877,0,0,0.845293336036944
279.6,874.413643671255,NaN,394.000010184423,13.00001964194,NaN,0.403099960173474,0.0895427534351985,1.34703082329671e-08,0.355157111834207,0.490009134158458,0,0,0.845166245992665
279.7,874.584214699966,NaN,394.000010235192,13.0000197398541,NaN,0.403099960037594,0.0895427536605224,1.35374570313002e-08,0.355070394592439,0.489968758731488,0,0,0.845039153323927
279.8,874.754757522201,NaN,394.000010284635,13.0000198352106,NaN,0.403099959905264,0.0895427538799608,1.36028518901888e-08,0.354983691689457,0.489928366353399,0,0,0.844912058042855
279.9,874.925272125437,NaN,394.000010332738,13.0000199279825,NaN,0.40309995977652,0.0895427540934512,1.36664742067231e-08,0.354897003131616,0.489887957029634,0,0,0.84478496016125
280,875.095758497605,NaN,394.000010379486,13.0000200181429,NaN,0.4030999596514,0.0895427543009322,1.3728305650481e-08,0.35481032892504,0.489847530765543,0,0,0.844657859690583
280.1,875.266216627093,NaN,394.000010424867,13.0000201056657,NaN,0.403099959529941,0.0895427545023432,1.37883281635276e-08,0.354723669075621,0.48980708756638,0,0,0.844530756642001
280.2,875.436646502745,NaN,394.000010468867,13.0000201905248,NaN,0.403099959412178,0.0895427546976245,1.38465239604154e-08,0.35463702358902,0.489766627437301,0,0,0.844403651026322
280.3,875.60704811386,NaN,394.000010511472,13.0000202726947,NaN,0.403099959298147,0.0895427548867173,1.39028755281843e-08,0.354550392470666,0.48972615038337,0,0,0.844276542854036
280.4,875.777421450192,NaN,394.00001055267,13.0000203521503,NaN,0.403099959187883,0.0895427550695638,1.39573656263616e-08,0.354463775725757,0.48968565640955,0,0,0.844149432135307
280.5,875.947766501955,NaN,394.000010592448,13.0000204288668,NaN,0.40309995908142,0.089542755246107,1.4009977286962e-08,0.354377173359258,0.489645145520709,0,0,0.844022318879967
280.6,876.118083259813,NaN,394.000010630793,13.0000205028199,NaN,0.403099958978792,0.0895427554162909,1.40606938144876e-08,0.354290585375904,0.489604617721619,0,0,0.843895203097523
280.7,876.28837171489,NaN,394.000010667693,13.0000205739856,NaN,0.403099958880032,0.0895427555800604,1.41094987859277e-08,0.354204011780198,0.489564073016953,0,0,0.843768084797151
280.8,876.458631858765,NaN,394.000010703135,13.0000206423404,NaN,0.403099958785173,0.0895427557373613,1.41563760507594e-08,0.354117452576412,0.489523511411287,0,0,0.843640963987699
280.9,876.628863683471,NaN,394.000010737108,13.0000207078612,NaN,0.403099958694247,0.0895427558881403,1.42013097309467e-08,0.354030907768585,0.489482932909099,0,0,0.843513840677684
281,876.799067181498,NaN,394.000010769599,13.0000207705251,NaN,0.403099958607286,0.0895427560323451,1.42442842209414e-08,0.353944377360525,0.489442337514768,0,0,0.843386714875293
281.1,876.969242345793,NaN,394.000010800598,13.0000208303099,NaN,0.40309995852432,0.0895427561699242,1.42852841876824e-08,0.35385786135581,0.489401725232575,0,0,0.843259586588386
281.2,877.139389169758,NaN,394.000010830092,13.0000208871935,NaN,0.40309995844538,0.0895427563008271,1.43242945705961e-08,0.353771359757785,0.489361096066701,0,0,0.843132455824487
281.3,877.30950764725,NaN,394.000010858071,13.0000209411543,NaN,0.403099958370496,0.0895427564250041,1.43613005815963e-08,0.353684872569564,0.48932045002123,0,0,0.843005322590793
281.4,877.479597772581,NaN,394.000010884524,13.0000209921714,NaN,0.403099958299697,0.0895427565424066,1.43962877050842e-08,0.353598399794028,0.489279787100142,0,0,0.84287818689417
281.5,877.649659540523,NaN,394.000010909439,13.0000210402238,NaN,0.403099958233013,0.0895427566529867,1.44292416979483e-08,0.353511941433829,0.489239107307322,0,0,0.842751048741151
281.6,877.819692946299,NaN,394.000010932807,13.0000210852911,NaN,0.403099958170471,0.0895427567566976,1.44601485895647e-08,0.353425497491385,0.489198410646552,0,0,0.842623908137936
281.7,877.98969798559,NaN,394.000010954616,13.0000211273535,NaN,0.403099958112099,0.0895427568534933,1.44889946817966e-08,0.353339067968884,0.489157697121513,0,0,0.842496765090397
281.8,878.159674654533,NaN,394.000010974857,13.0000211663913,NaN,0.403099958057924,0.0895427569433287,1.45157665489948e-08,0.353252652868282,0.489116966735787,0,0,0.842369619604068
281.9,878.329622949721,NaN,394.00001099352,13.0000212023854,NaN,0.403099958007974,0.0895427570261598,1.45404510379973e-08,0.353166252191304,0.489076219492853,0,0,0.842242471684156
282,878.499542868201,NaN,394.000011010596,13.000021235317,NaN,0.403099957962273,0.0895427571019432,1.45630352681298e-08,0.353079865939442,0.489035455396089,0,0,0.842115321335531
282.1,878.669434407478,NaN,394.000011026073,13.0000212651676,NaN,0.403099957920848,0.0895427571706367,1.4583506631205e-08,0.352993494113958,0.488994674448772,0,0,0.84198816856273
282.2,878.839297565512,NaN,394.000011039944,13.0000212919193,NaN,0.403099957883723,0.0895427572321989,1.46018527915233e-08,0.352907136715883,0.488953876654076,0,0,0.841861013369959
282.3,879.009132340718,NaN,394.000011052199,13.0000213155546,NaN,0.403099957850924,0.0895427572865893,1.46180616858723e-08,0.352820793746013,0.488913062015073,0,0,0.841733855761086
282.4,879.178938731967,NaN,394.000011062829,13.0000213360562,NaN,0.403099957822473,0.0895427573337684,1.46321215235271e-08,0.352734465204917,0.488872230534731,0,0,0.841606695739648
282.5,879.348716738588,NaN,394.000011071826,13.0000213534073,NaN,0.403099957798394,0.0895427573736974,1.46440207862501e-08,0.352648151092929,0.488831382215916,0,0,0.841479533308845
282.6,879.518466360363,NaN,394.00001107918,13.0000213675915,NaN,0.40309995777871,0.0895427574063388,1.46537482282911e-08,0.352561851410152,0.488790517061391,0,0,0.841352368471543
282.7,879.688187597531,NaN,394.000011084885,13.0000213785928,NaN,0.403099957763443,0.0895427574316555,1.46612928763875e-08,0.35247556615646,0.488749635073813,0,0,0.841225201230273
282.8,879.857880450788,NaN,394.00001108893,13.0000213863957,NaN,0.403099957752614,0.0895427574496118,1.46666440297637e-08,0.352389295331493,0.488708736255738,0,0,0.841098031587231
282.9,880.027544921282,NaN,394.00001109131,13.0000213909848,NaN,0.403099957746246,0.0895427574601726,1.46697912601319e-08,0.35230303893466,0.488667820609614,0,0,0.840970859544275
283,880.197181010621,NaN,394.000011092016,13.0000213923456,NaN,0.403099957744358,0.0895427574633039,1.46707244116913e-08,0.352216796965139,0.488626888137789,0,0,0.840843685102928
283.1,880.366788720867,NaN,394.00001109104,13.0000213904633,NaN,0.40309995774697,0.0895427574589724,1.46694336011287e-08,0.352130569421875,0.488585938842502,0,0,0.840716508264376
283.2,880.536368054538,NaN,394.000011088375,13.0000213853242,NaN,0.403099957754101,0.089542757447146,1.46659092176183e-08,0.352044356303583,0.488544972725887,0,0,0.84058932902947
283.3,880.705919014607,NaN,394.000011084014,13.0000213769146,NaN,0.403099957765772,0.0895427574277934,1.46601419228217e-08,0.351958157608747,0.488503989789973,0,0,0.84046214739872
283.4,880.875441604504,NaN,394.000011077951,13.0000213652211,NaN,0.403099957781999,0.089542757400884,1.46521226508878e-08,0.351871973335617,0.488462990036685,0,0,0.840334963372302
283.5,881.044935828116,NaN,394.000011070179,13.0000213502311,NaN,0.403099957802802,0.0895427573663884,1.46418426084529e-08,0.351785803482213,0.488421973467839,0,0,0.840207776950052
283.6,881.214401689781,NaN,394.000011060691,13.0000213319321,NaN,0.403099957828196,0.0895427573242779,1.46292932746407e-08,0.351699648046324,0.488380940085145,0,0,0.840080588131469
283.7,881.383839194298,NaN,394.000011049481,13.0000213103121,NaN,0.403099957858199,0.089542757274525,1.46144664010624e-08,0.351613507025507,0.488339889890206,0,0,0.839953396915713
283.8,881.553248346919,NaN,394.000011036543,13.0000212853594,NaN,0.403099957892827,0.0895427572171029,1.45973540118163e-08,0.351527380417086,0.488298822884519,0,0,0.839826203301605
283.9,881.722629153354,NaN,394.000011021871,13.0000212570628,NaN,0.403099957932096,0.0895427571519856,1.45779484034885e-08,0.351441268218156,0.488257739069471,0,0,0.839699007287627
284,881.891981619766,NaN,394.000011005459,13.0000212254114,NaN,0.403099957976019,0.0895427570791482,1.4556242145152e-08,0.351355170425579,0.488216638446343,0,0,0.839571808871922
284.1,882.061305752775,NaN,394.000010987303,13.0000211903949,NaN,0.403099958024613,0.0895427569985669,1.45322280783678e-08,0.351269087035985,0.488175521016307,0,0,0.839444608052292
284.2,882.230601559458,NaN,394.000010967397,13.0000211520033,NaN,0.403099958077891,0.0895427569102183,1.45058993171836e-08,0.351183018045774,0.488134386780428,0,0,0.839317404826202
284.3,882.399869047345,NaN,394.000010945736,13.0000211102267,NaN,0.403099958135866,0.0895427568140804,1.44772492481351e-08,0.351096963451113,0.488093235739659,0,0,0.839190199190771
284.4,882.569108224426,NaN,394.000010922315,13.000021065056,NaN,0.403099958198552,0.0895427567101319,1.4446271530245e-08,0.351010923247937,0.488052067894846,0,0,0.839062991142783
284.5,882.738319099143,NaN,394.000010897129,13.0000210164825,NaN,0.40309995826596,0.0895427565983523,1.44129600950234e-08,0.350924897431953,0.488010883246725,0,0,0.838935780678678
284.6,882.907501680395,NaN,394.000010870175,13.0000209644975,NaN,0.403099958338101,0.0895427564787223,1.43773091464681e-08,0.350838885998632,0.487969681795922,0,0,0.838808567794554
284.7,883.076655977538,NaN,394.000010841447,13.0000209090931,NaN,0.403099958414989,0.0895427563512234,1.4339313161064e-08,0.350752888943217,0.487928463542953,0,0,0.83868135248617
284.8,883.245782000382,NaN,394.000010810943,13.0000208502615,NaN,0.403099958496632,0.0895427562158378,1.42989668877834e-08,0.350666906260716,0.487887228488223,0,0,0.838554134748939
284.9,883.414879759193,NaN,394.000010778658,13.0000207879956,NaN,0.403099958583041,0.0895427560725489,1.42562653480861e-08,0.350580937945909,0.487845976632028,0,0,0.838426914577937
285,883.583949264694,NaN,394.000010744588,13.0000207222885,NaN,0.403099958674226,0.0895427559213409,1.42112038359192e-08,0.350494983993341,0.48780470797455,0,0,0.838299691967891
285.1,883.752990528064,NaN,394.000010708731,13.0000206531336,NaN,0.403099958770195,0.0895427557621989,1.41637779177174e-08,0.350409044397329,0.487763422515861,0,0,0.838172466913191
285.2,883.922003560935,NaN,394.000010671083,13.000020580525,NaN,0.403099958870957,0.089542755595109,1.41139834324025e-08,0.350323119151957,0.487722120255923,0,0,0.838045239407879
285.3,884.090988375398,NaN,394.000010631642,13.000020504457,NaN,0.40309995897652,0.0895427554200581,1.40618164913838e-08,0.350237208251075,0.487680801194581,0,0,0.837918009445657
285.4,884.259944983999,NaN,394.000010590404,13.0000204249242,NaN,0.403099959086891,0.0895427552370341,1.40072734785581e-08,0.350151311688306,0.487639465331573,0,0,0.837790777019879
285.5,884.428873399738,NaN,394.000010547367,13.0000203419219,NaN,0.403099959202078,0.0895427550460257,1.39503510503093e-08,0.350065429457037,0.487598112666521,0,0,0.837663542123558
285.6,884.597773636074,NaN,394.000010502528,13.0000202554455,NaN,0.403099959322085,0.0895427548470227,1.38910461355091e-08,0.349979561550428,0.487556743198934,0,0,0.837536304749362
285.7,884.766645706918,NaN,394.000010455886,13.000020165491,NaN,0.403099959446919,0.0895427546400156,1.38293559355162e-08,0.349893707961403,0.48751535692821,0,0,0.837409064889613
285.8,884.93548962664,NaN,394.000010407439,13.0000200720546,NaN,0.403099959576584,0.089542754424996,1.37652779241769e-08,0.349807868682657,0.48747395385363,0,0,0.837281822536287
285.9,885.104305410063,NaN,394.000010357185,13.0000199751331,NaN,0.403099959711087,0.0895427542019564,1.36988098478248e-08,0.349722043706654,0.487432533974363,0,0,0.837154577681017
286,885.273093072469,NaN,394.000010305122,13.0000198747237,NaN,0.403099959850429,0.08954275397089,1.3629949725281e-08,0.349636233025624,0.487391097289463,0,0,0.837027330315087
286.1,885.441852629593,NaN,394.00001025125,13.0000197708237,NaN,0.403099959994616,0.0895427537317911,1.35586958478539e-08,0.349550436631568,0.48734964379787,0,0,0.836900080429438
286.2,885.610584097628,NaN,394.000010195566,13.0000196634312,NaN,0.403099960143649,0.089542753484655,1.34850467793393e-08,0.349464654516254,0.487308173498407,0,0,0.836772828014661
286.3,885.77928749322,NaN,394.000010138071,13.0000195525444,NaN,0.403099960297532,0.0895427532294777,1.34090013560203e-08,0.349378886671218,0.487266686389785,0,0,0.836645573061003
286.4,885.947962833474,NaN,394.000010078763,13.000019438162,NaN,0.403099960456266,0.0895427529662562,1.33305586866677e-08,0.349293133087767,0.487225182470595,0,0,0.836518315558362
286.5,886.116610135948,NaN,394.000010017643,13.0000193202831,NaN,0.403099960619851,0.0895427526949885,1.32497181525392e-08,0.349207393756973,0.487183661739315,0,0,0.836391055496289
286.6,886.285229418658,NaN,394.000009954709,13.0000191989073,NaN,0.40309996078829,0.0895427524156733,1.31664794073804e-08,0.34912166866968,0.487142124194307,0,0,0.836263792863986
286.7,886.453820700074,NaN,394.000009889962,13.0000190740343,NaN,0.403099960961582,0.0895427521283105,1.30808423774239e-08,0.349035957816496,0.487100569833813,0,0,0.83613652765031
286.8,886.622383999124,NaN,394.000009823402,13.0000189456645,NaN,0.403099961139726,0.0895427518329007,1.29928072613898e-08,0.348950261187803,0.487058998655962,0,0,0.836009259843765
286.9,886.790919335189,NaN,394.000009755029,13.0000188137986,NaN,0.403099961322723,0.0895427515294454,1.29023745304857e-08,0.348864578773747,0.487017410658763,0,0,0.83588198943251
287,886.959426728108,NaN,394.000009684843,13.0000186784376,NaN,0.403099961510569,0.0895427512179473,1.28095449284065e-08,0.348778910564245,0.486975805840109,0,0,0.835754716404354
287.1,887.127906198174,NaN,394.000009612847,13.0000185395832,NaN,0.403099961703264,0.0895427508984096,1.27143194713344e-08,0.348693256548981,0.486934184197773,0,0,0.835627440746753
287.2,887.296357766138,NaN,394.00000953904,13.000018397237,NaN,0.403099961900804,0.0895427505708368,1.26166994479393e-08,0.348607616717407,0.486892545729411,0,0,0.835500162446818
287.3,887.464781453205,NaN,394.000009463423,13.0000182514014,NaN,0.403099962103186,0.089542750235234,1.25166864193781e-08,0.348521991058746,0.486850890432562,0,0,0.835372881491308
287.4,887.633177281036,NaN,394.000009385999,13.0000181020792,NaN,0.403099962310408,0.0895427498916074,1.24142822192953e-08,0.348436379561987,0.486809218304642,0,0,0.835245597866629
287.5,887.801545271748,NaN,394.000009306769,13.0000179492732,NaN,0.403099962522463,0.0895427495399641,1.23094889538228e-08,0.348350782215889,0.486767529342951,0,0,0.83511831155884
287.6,887.969885447915,NaN,394.000009225734,13.0000177929871,NaN,0.403099962739349,0.0895427491803121,1.22023090015798e-08,0.348265199008979,0.486725823544668,0,0,0.834991022553647
287.7,888.138197832565,NaN,394.000009142896,13.0000176332247,NaN,0.403099962961058,0.0895427488126602,1.20927450136729e-08,0.348179629929551,0.486684100906853,0,0,0.834863730836403
287.8,888.306482449182,NaN,394.000009058259,13.0000174699902,NaN,0.403099963187586,0.0895427484370182,1.1980799913696e-08,0.348094074965669,0.486642361426444,0,0,0.834736436392114
287.9,888.474739321707,NaN,394.000008971823,13.0000173032883,NaN,0.403099963418926,0.089542748053397,1.18664768977308e-08,0.348008534105167,0.486600605100261,0,0,0.834609139205428
288,888.642968474535,NaN,394.000008883592,13.0000171331241,NaN,0.40309996365507,0.089542747661808,1.17497794343458e-08,0.347923007335644,0.486558831925,0,0,0.834481839260644
288.1,888.81116993252,NaN,394.000008793569,13.000016959503,NaN,0.403099963896012,0.089542747262264,1.16307112645973e-08,0.347837494644469,0.486517041897238,0,0,0.834354536541707
288.2,888.979343720967,NaN,394.000008701756,13.0000167824308,NaN,0.403099964141743,0.0895427468547783,1.1509276402029e-08,0.347751996018781,0.486475235013429,0,0,0.834227231032211
288.3,889.147489865641,NaN,394.000008608158,13.0000166019139,NaN,0.403099964392254,0.0895427464393653,1.13854791326716e-08,0.347666511445485,0.486433411269907,0,0,0.834099922715392
288.4,889.31560839276,NaN,394.000008512776,13.0000164179588,NaN,0.403099964647537,0.0895427460160404,1.12593240150436e-08,0.347581040911256,0.486391570662881,0,0,0.833972611574137
288.5,889.483699329,NaN,394.000008415616,13.0000162305727,NaN,0.403099964907581,0.0895427455848197,1.11308158801507e-08,0.347495584402537,0.48634971318844,0,0,0.833845297590976
288.6,889.651762701491,NaN,394.00000831668,13.0000160397629,NaN,0.403099965172376,0.0895427451457204,1.0999959831486e-08,0.347410141905539,0.486307838842548,0,0,0.833717980748086
288.7,889.81979853782,NaN,394.000008215973,13.0000158455373,NaN,0.403099965441912,0.0895427446987604,1.086676124503e-08,0.347324713406242,0.486265947621046,0,0,0.833590661027288
288.8,889.98780686603,NaN,394.0000081135,13.0000156479041,NaN,0.403099965716176,0.0895427442439588,1.07312257692506e-08,0.347239298890394,0.486224039519654,0,0,0.833463338410048
288.9,890.155787714617,NaN,394.000008009264,13.000015446872,NaN,0.403099965995158,0.0895427437813355,1.05933593251031e-08,0.347153898343514,0.486182114533965,0,0,0.833336012877479
289,890.323741112536,NaN,394.00000790327,13.00001524245,NaN,0.403099966278843,0.0895427433109111,1.04531681060302e-08,0.347068511750885,0.486140172659449,0,0,0.833208684410334
289.1,890.491667089197,NaN,394.000007795524,13.0000150346475,NaN,0.40309996656722,0.0895427428327075,1.03106585779618e-08,0.346983139097561,0.486098213891451,0,0,0.833081352989012
289.2,890.659565674464,NaN,394.00000768603,13.0000148234744,NaN,0.403099966860274,0.0895427423467471,1.01658374793156e-08,0.346897780368365,0.486056238225192,0,0,0.832954018593557
289.3,890.82743689866,NaN,394.000007574793,13.0000146089408,NaN,0.403099967157992,0.0895427418530537,1.00187118209963e-08,0.346812435547887,0.486014245655767,0,0,0.832826681203654
289.4,890.995280792561,NaN,394.00000746182,13.0000143910575,NaN,0.403099967460359,0.0895427413516514,9.86928888639609e-09,0.346727104620488,0.485972236178145,0,0,0.832699340798632
289.5,891.163097387399,NaN,394.000007347115,13.0000141698353,NaN,0.403099967767359,0.0895427408425659,9.71757623139464e-09,0.346641787570293,0.48593020978717,0,0,0.832571997357463
289.6,891.330886714864,NaN,394.000007230685,13.0000139452857,NaN,0.403099968078976,0.0895427403258232,9.5635816843589e-09,0.346556484381199,0.485888166477559,0,0,0.832444650858759
289.7,891.498648807099,NaN,394.000007112536,13.0000137174206,NaN,0.403099968395195,0.0895427398014506,9.4073133461433e-09,0.346471195036872,0.485846106243904,0,0,0.832317301280776
289.8,891.666383696704,NaN,394.000006992675,13.0000134862521,NaN,0.403099968715998,0.0895427392694762,9.24877959008949e-09,0.346385919520743,0.485804029080667,0,0,0.832189948601411
289.9,891.834091416736,NaN,394.000006871107,13.0000132517929,NaN,0.403099969041367,0.089542738729929,9.08798906202686e-09,0.346300657816015,0.485761934982187,0,0,0.832062592798202
290,892.001772000705,NaN,394.000006747839,13.000013014056,NaN,0.403099969371285,0.0895427381828389,8.92495068027181e-09,0.346215409905657,0.485719823942671,0,0,0.831935233848328
290.1,892.16942548258,NaN,394.000006622879,13.0000127730546,NaN,0.403099969705734,0.0895427376282368,8.75967363562824e-09,0.346130175772407,0.485677695956201,0,0,0.831807871728609
290.2,892.337051896783,NaN,394.000006496233,13.0000125288028,NaN,0.403099970044693,0.0895427370661544,8.59216739138764e-09,0.346044955398774,0.48563555101673,0,0,0.831680506415504
290.3,892.504651278193,NaN,394.00000636791,13.0000122813146,NaN,0.403099970388143,0.0895427364966244,8.42244168332864e-09,0.345959748767031,0.485593389118083,0,0,0.831553137885113
290.4,892.672223662145,NaN,394.000006237916,13.0000120306047,NaN,0.403099970736065,0.0895427359196804,8.25050651971734e-09,0.345874555859223,0.485551210253954,0,0,0.831425766113176
290.5,892.83976908443,NaN,394.000006106259,13.000011776688,NaN,0.403099971088436,0.0895427353353568,8.0763721813072e-09,0.345789376657161,0.485509014417909,0,0,0.83129839107507
290.6,893.007287581292,NaN,394.000005972947,13.0000115195799,NaN,0.403099971445237,0.0895427347436891,7.90004922133917e-09,0.345704211142427,0.485466801603386,0,0,0.831171012745814
290.7,893.174779189435,NaN,394.000005837989,13.0000112592962,NaN,0.403099971806444,0.0895427341447136,7.72154846554148e-09,0.34561905929637,0.485424571803691,0,0,0.831043631100062
290.8,893.342243946017,NaN,394.000005701393,13.0000109958531,NaN,0.403099972172036,0.0895427335384676,7.54088101212968e-09,0.345533921100108,0.485382325012001,0,0,0.830916246112109
290.9,893.50968188865,NaN,394.000005563167,13.0000107292673,NaN,0.403099972541989,0.0895427329249892,7.35805823180698e-09,0.345448796534526,0.485340061221361,0,0,0.830788857755887
291,893.677093055404,NaN,394.00000542332,13.0000104595555,NaN,0.40309997291628,0.0895427323043174,7.1730917677638e-09,0.345363685580279,0.485297780424686,0,0,0.830661466004964
291.1,893.844477484804,NaN,394.000005281862,13.0000101867353,NaN,0.403099973294885,0.0895427316764923,6.98599353567782e-09,0.34527858821779,0.48525548261476,0,0,0.83053407083255
291.2,894.011835215831,NaN,394.000005138801,13.0000099108244,NaN,0.403099973677779,0.0895427310415548,6.79677572371441e-09,0.345193504427251,0.485213167784234,0,0,0.830406672211485
291.3,894.179166287921,NaN,394.000004994147,13.0000096318411,NaN,0.403099974064937,0.0895427303995467,6.60545079252613e-09,0.345108434188622,0.48517083592563,0,0,0.830279270114251
291.4,894.346470740967,NaN,394.00000484791,13.0000093498036,NaN,0.403099974456333,0.0895427297505106,6.41203147525291e-09,0.34502337748163,0.485128487031334,0,0,0.830151864512964
291.5,894.513748615316,NaN,394.000004700098,13.0000090647312,NaN,0.40309997485194,0.0895427290944903,6.21653077752215e-09,0.344938334285774,0.485086121093602,0,0,0.830024455379376
291.6,894.680999951774,NaN,394.000004550724,13.0000087766432,NaN,0.403099975251733,0.0895427284315302,6.01896197744864e-09,0.344853304580317,0.485043738104557,0,0,0.829897042684874
291.7,894.848224791598,NaN,394.000004399796,13.0000084855593,NaN,0.403099975655683,0.089542727761676,5.81933862563445e-09,0.344768288344295,0.485001338056186,0,0,0.829769626400481
291.8,895.015423176506,NaN,394.000004247324,13.0000081914997,NaN,0.403099976063763,0.0895427270849738,5.6176745451691e-09,0.344683285556509,0.484958920940347,0,0,0.829642206496856
291.9,895.182595148667,NaN,394.000004093321,13.0000078944849,NaN,0.403099976475944,0.0895427264014712,5.41398383162964e-09,0.34459829619553,0.484916486748759,0,0,0.829514782944289
292,895.34974075071,NaN,394.000003937796,13.0000075945359,NaN,0.403099976892196,0.0895427257112162,5.20828085308039e-09,0.344513320239697,0.484874035473011,0,0,0.829387355712708
292.1,895.516860025715,NaN,394.000003780761,13.000007291674,NaN,0.403099977312491,0.089542725014258,5.00058025007283e-09,0.344428357667119,0.484831567104554,0,0,0.829259924771673
292.2,895.683953017223,NaN,394.000003622227,13.000006985921,NaN,0.403099977736798,0.0895427243106466,4.79089693564633e-09,0.34434340845567,0.484789081634706,0,0,0.829132490090376
292.3,895.851019769227,NaN,394.000003462205,13.0000066772991,NaN,0.403099978165087,0.089542723600433,4.57924609532725e-09,0.344258472582996,0.48474657905465,0,0,0.829005051637646
292.4,896.018060326177,NaN,394.000003300708,13.0000063658307,NaN,0.403099978597326,0.0895427228836691,4.36564318712943e-09,0.34417355002651,0.484704059355431,0,0,0.828877609381942
292.5,896.185074732979,NaN,394.000003137746,13.0000060515387,NaN,0.403099979033483,0.0895427221604076,4.15010394155417e-09,0.344088640763393,0.484661522527962,0,0,0.828750163291355
292.6,896.352063034994,NaN,394.000002973333,13.0000057344467,NaN,0.403099979473525,0.0895427214307022,3.93264436159007e-09,0.344003744770595,0.484618968563015,0,0,0.82862271333361
292.7,896.51902527804,NaN,394.00000280748,13.0000054145781,NaN,0.403099979917421,0.0895427206946076,3.71328072271318e-09,0.343918862024835,0.484576397451228,0,0,0.828495259476063
292.8,896.68596150839,NaN,394.000002640199,13.0000050919573,NaN,0.403099980365137,0.0895427199521793,3.49202957288692e-09,0.343833992502599,0.484533809183102,0,0,0.828367801685701
292.9,896.852871772772,NaN,394.000002471505,13.0000047666087,NaN,0.403099980816637,0.0895427192034738,3.26890773256194e-09,0.343749136180144,0.484491203749,0,0,0.828240339929144
293,897.019756118372,NaN,394.000002301409,13.0000044385573,NaN,0.403099981271889,0.0895427184485483,3.04393229467676e-09,0.343664293033492,0.484448581139148,0,0,0.82811287417264
293.1,897.186614592828,NaN,394.000002129925,13.0000041078283,NaN,0.403099981730857,0.0895427176874611,2.81712062465664e-09,0.343579463038436,0.484405941343634,0,0,0.82798540438207
293.2,897.353447244238,NaN,394.000001957065,13.0000037744475,NaN,0.403099982193504,0.0895427169202716,2.58849036041477e-09,0.343494646170537,0.484363284352406,0,0,0.827857930522943
293.3,897.520254121153,NaN,394.000001782845,13.000003438441,NaN,0.403099982659795,0.0895427161470396,2.35805941235151e-09,0.343409842405124,0.484320610155274,0,0,0.827730452560398
293.4,897.687035272581,NaN,394.000001607276,13.0000030998353,NaN,0.403099983129694,0.0895427153678263,2.12584596335452e-09,0.343325051717294,0.484277918741911,0,0,0.827602970459206
293.5,897.853790747985,NaN,394.000001430374,13.0000027586574,NaN,0.403099983603161,0.0895427145826936,1.89186846879892e-09,0.343240274081915,0.484235210101849,0,0,0.827475484183764
293.6,898.020520597284,NaN,394.000001252153,13.0000024149346,NaN,0.403099984080161,0.0895427137917043,1.65614565654727e-09,0.34315550947362,0.484192484224479,0,0,0.827347993698099
293.7,898.187224870853,NaN,394.000001072626,13.0000020686944,NaN,0.403099984560654,0.0895427129949222,1.41869652694951e-09,0.343070757866813,0.484149741099054,0,0,0.827220498965867
293.8,898.353903619522,NaN,394.000000891808,13.000001719965,NaN,0.403099985044601,0.089542712192412,1.17954035284285e-09,0.342986019235665,0.484106980714685,0,0,0.82709299995035
293.9,898.520556894579,NaN,394.000000709715,13.0000013687751,NaN,0.403099985531963,0.0895427113842392,9.38696679551965e-10,0.342901293554116,0.484064203060345,0,0,0.82696549661446
294,898.687184747764,NaN,394.00000052636,13.0000010151534,NaN,0.4030999860227,0.0895427105704703,6.96185324889058e-10,0.342816580795874,0.484021408124862,0,0,0.826837988920736
294.1,898.853787231276,NaN,394.00000034176,13.0000006591292,NaN,0.403099986516771,0.0895427097511729,4.52026379153454e-10,0.342731880934417,0.483978595896925,0,0,0.826710476831342
294.2,899.020364397769,NaN,394.00000015593,13.0000003007322,NaN,0.403099987014134,0.0895427089264151,2.0624020513218e-10,0.34264719394299,0.483935766365082,0,0,0.826582960308072
294.3,899.186916300351,NaN,393.999999968885,12.9999999399927,NaN,0.403099987514749,0.0895427080962662,-4.11525619006172e-11,0.342562519794607,0.483892919517736,0,0,0.826455439312343
294.4,899.353442992589,NaN,393.999999780641,12.9999995769408,NaN,0.403099988018572,0.0895427072607964,-2.90131014183271e-10,0.34247785846205,0.48385005534315,0,0,0.8263279138052
294.5,899.519944528502,NaN,393.999999591215,12.9999992116077,NaN,0.403099988525561,0.0895427064200768,-5.40673971466889e-10,0.342393209917869,0.483807173829444,0,0,0.826200383747313
294.6,899.686420962568,NaN,393.999999400622,12.9999988440246,NaN,0.403099989035673,0.0895427055741793,-7.92759981014933e-10,0.342308574134385,0.483764274964592,0,0,0.826072849098978
294.7,899.852872349718,NaN,393.999999208878,12.9999984742231,NaN,0.403099989548863,0.0895427047231769,-1.04636731760366e-09,0.342223951083685,0.483721358736429,0,0,0.825945309820114
294.8,900.019298745342,NaN,393.999999016001,12.9999981022353,NaN,0.403099990065087,0.0895427038671433,-1.30147398352191e-09,0.342139340737625,0.483678425132643,0,0,0.825817765870268
294.9,900.185700205282,NaN,393.999998822007,12.9999977280937,NaN,0.4030999905843,0.0895427030061534,-1.55805770857125e-09,0.342054743067829,0.483635474140778,0,0,0.825690217208608
295,900.352076785838,NaN,393.999998626913,12.9999973518313,NaN,0.403099991106456,0.0895427021402827,-1.81609595006542e-09,0.341970158045692,0.483592505748236,0,0,0.825562663793928
295.1,900.518428543767,NaN,393.999998430737,12.9999969734812,NaN,0.40309999163151,0.0895427012696077,-2.07556589283138e-09,0.341885585642373,0.483549519942271,0,0,0.825435105584644
295.2,900.684755536278,NaN,393.999998233496,12.999996593077,NaN,0.403099992159414,0.0895427003942061,-2.33644444920808e-09,0.341801025828805,0.483506516709992,0,0,0.825307542538797
295.3,900.851057821039,NaN,393.999998035208,12.999996210653,NaN,0.403099992690121,0.0895426995141561,-2.59870825904757e-09,0.341716478575683,0.483463496038366,0,0,0.825179974614049
295.4,901.017335456172,NaN,393.99999783589,12.9999958262434,NaN,0.403099993223583,0.089542698629537,-2.86233368971432e-09,0.341631943853477,0.48342045791421,0,0,0.825052401767687
295.5,901.183588500255,NaN,393.999997635561,12.9999954398833,NaN,0.403099993759752,0.0895426977404292,-3.12729683608549e-09,0.341547421632422,0.483377402324196,0,0,0.824924823956617
295.6,901.349817012324,NaN,393.999997434238,12.9999950516078,NaN,0.40309999429858,0.0895426968469136,-3.39357352055068e-09,0.34146291188252,0.483334329254851,0,0,0.824797241137371
295.7,901.516021051867,NaN,393.999997231941,12.9999946614526,NaN,0.403099994840015,0.0895426959490724,-3.66113929301237e-09,0.341378414573545,0.483291238692553,0,0,0.824669653266098
295.8,901.682200678831,NaN,393.999997028688,12.9999942694537,NaN,0.40309999538401,0.0895426950469884,-3.92996943088538e-09,0.341293929675037,0.483248130623534,0,0,0.824542060298571
295.9,901.848355953616,NaN,393.999996824498,12.9999938756477,NaN,0.403099995930512,0.0895426941407457,-4.20003893909746e-09,0.341209457156306,0.483205005033877,0,0,0.824414462190183
296,902.014486937079,NaN,393.99999661939,12.9999934800712,NaN,0.403099996479471,0.0895426932304289,-4.47132255008844e-09,0.341124996986429,0.483161861909519,0,0,0.824286858895949
296.1,902.180593690534,NaN,393.999996413384,12.9999930827617,NaN,0.403099997030836,0.0895426923161239,-4.74379472381146e-09,0.341040549134254,0.483118701236247,0,0,0.824159250370501
296.2,902.34667627575,NaN,393.999996206498,12.9999926837566,NaN,0.403099997584553,0.0895426913979171,-5.01742964773155e-09,0.340956113568393,0.4830755229997,0,0,0.824031636568093
296.3,902.512734754949,NaN,393.999995998753,12.9999922830942,NaN,0.40309999814057,0.0895426904758961,-5.29220123682683e-09,0.34087169025723,0.483032327185368,0,0,0.823904017442598
296.4,902.678769190813,NaN,393.999995790169,12.9999918808126,NaN,0.403099998698834,0.0895426895501493,-5.56808313358798e-09,0.340787279168918,0.48298911377859,0,0,0.823776392947508
296.5,902.844779646478,NaN,393.999995580765,12.999991476951,NaN,0.403099999259291,0.0895426886207662,-5.84504870801819e-09,0.340702880271376,0.482945882764559,0,0,0.823648763035935
296.6,903.010766185533,NaN,393.999995370562,12.9999910715484,NaN,0.403099999821886,0.089542687687837,-6.1230710576333e-09,0.340618493532292,0.482902634128315,0,0,0.823521127660607
296.7,903.176728872028,NaN,393.999995159581,12.9999906646444,NaN,0.403100000386565,0.0895426867514529,-6.40212300746178e-09,0.340534118919124,0.482859367854747,0,0,0.823393486773871
296.8,903.342667770465,NaN,393.999994947842,12.9999902562792,NaN,0.403100000953272,0.0895426858117059,-6.68217711004461e-09,0.340449756399097,0.482816083928596,0,0,0.823265840327694
296.9,903.508582945804,NaN,393.999994735366,12.999989846493,NaN,0.403100001521951,0.0895426848686892,-6.96320564543564e-09,0.340365405939205,0.48277278233445,0,0,0.823138188273655
297,903.674474463457,NaN,393.999994522174,12.9999894353268,NaN,0.403100002092544,0.0895426839224966,-7.24518062120091e-09,0.340281067506211,0.482729463056745,0,0,0.823010530562956
297.1,903.840342389297,NaN,393.999994308289,12.9999890228218,NaN,0.403100002664996,0.0895426829732229,-7.52807377241954e-09,0.340196741066644,0.482686126079768,0,0,0.822882867146412
297.2,904.006186789647,NaN,393.999994093731,12.9999886090195,NaN,0.403100003239248,0.0895426820209641,-7.81185656168286e-09,0.340112426586806,0.48264277138765,0,0,0.822755197974456
297.3,904.172007731291,NaN,393.999993878522,12.9999881939619,NaN,0.403100003815242,0.0895426810658166,-8.09650017909492e-09,0.340028124032763,0.482599398964372,0,0,0.822627522997135
297.4,904.337805281466,NaN,393.999993662684,12.9999877776916,NaN,0.403100004392919,0.0895426801078781,-8.38197554227268e-09,0.339943833370351,0.482556008793762,0,0,0.822499842164113
297.5,904.503579507865,NaN,393.99999344624,12.9999873602512,NaN,0.40310000497222,0.0895426791472471,-8.66825329634533e-09,0.339859554565175,0.482512600859495,0,0,0.82237215542467
297.6,904.669330478637,NaN,393.999993229211,12.999986941684,NaN,0.403100005553084,0.0895426781840231,-8.95530381395486e-09,0.339775287582609,0.48246917514509,0,0,0.822244462727699
297.7,904.835058262387,NaN,393.99999301162,12.9999865220336,NaN,0.403100006135452,0.0895426772183063,-9.24309719525582e-09,0.339691032387795,0.482425731633915,0,0,0.82211676402171
297.8,905.000762928174,NaN,393.999992793491,12.9999861013439,NaN,0.403100006719262,0.089542676250198,-9.53160326791545e-09,0.339606788945641,0.482382270309183,0,0,0.821989059254824
297.9,905.166444545516,NaN,393.999992574846,12.9999856796595,NaN,0.403100007304452,0.0895426752798004,-9.82079158711363e-09,0.339522557220827,0.482338791153951,0,0,0.821861348374778
298,905.332103184384,NaN,393.999992355708,12.999985257025,NaN,0.403100007890961,0.0895426743072164,-1.01106314355425e-08,0.3394383371778,0.482295294151123,0,0,0.821733631328923
298.1,905.497738915206,NaN,393.999992136102,12.9999848334857,NaN,0.403100008478726,0.0895426733325503,-1.04010918234074e-08,0.339354128780775,0.482251779283445,0,0,0.821605908064221
298.2,905.663351808865,NaN,393.999991916049,12.999984409087,NaN,0.403100009067682,0.0895426723559067,-1.06921414884255e-08,0.339269931993737,0.482208246533511,0,0,0.821478178527248
298.3,905.8289419367,NaN,393.999991695575,12.9999839838751,NaN,0.403100009657768,0.0895426713773916,-1.09837488958273e-08,0.339185746780437,0.482164695883757,0,0,0.821350442664194
298.4,905.994509370506,NaN,393.999991474704,12.9999835578964,NaN,0.403100010248918,0.0895426703971117,-1.12758822383557e-08,0.339101573104397,0.482121127316461,0,0,0.821222700420858
298.5,906.160054182534,NaN,393.999991253458,12.9999831311975,NaN,0.403100010841067,0.0895426694151746,-1.1568509436266e-08,0.339017410928906,0.482077540813747,0,0,0.821094951742652
298.6,906.325576445489,NaN,393.999991031865,12.9999827038256,NaN,0.40310001143415,0.0895426684316889,-1.18615981373265e-08,0.338933260217021,0.48203393635758,0,0,0.820967196574602
298.7,906.491076232534,NaN,393.999990809946,12.9999822758284,NaN,0.403100012028101,0.089542667446764,-1.21551157168177e-08,0.33884912093157,0.48199031392977,0,0,0.82083943486134
298.8,906.656553617288,NaN,393.999990587729,12.9999818472537,NaN,0.403100012622853,0.0895426664605104,-1.24490292775329e-08,0.338764993035146,0.481946673511966,0,0,0.820711666547112
298.9,906.822008673822,NaN,393.999990365237,12.9999814181501,NaN,0.40310001321834,0.0895426654730393,-1.27433056497783e-08,0.338680876490114,0.481903015085661,0,0,0.820583891575775
299,906.987441476667,NaN,393.999990142496,12.9999809885661,NaN,0.403100013814493,0.089542664484463,-1.30379113913719e-08,0.338596771258604,0.481859338632189,0,0,0.820456109890793
299.1,907.152852100807,NaN,393.999989919531,12.9999805585511,NaN,0.403100014411244,0.0895426634948946,-1.33328127876453e-08,0.338512677302517,0.481815644132726,0,0,0.820328321435243
299.2,907.318240621683,NaN,393.999989696369,12.9999801281544,NaN,0.403100015008525,0.0895426625044482,-1.36279758514421e-08,0.338428594583521,0.481771931568286,0,0,0.820200526151807
299.3,907.483607115192,NaN,393.999989473035,12.9999796974262,NaN,0.403100015606265,0.0895426615132387,-1.39233663231184e-08,0.338344523063054,0.481728200919727,0,0,0.820072723982781
299.4,907.648951657685,NaN,393.999989249554,12.9999792664167,NaN,0.403100016204397,0.0895426605213819,-1.42189496705435e-08,0.338260462702321,0.481684452167745,0,0,0.819944914870065
299.5,907.81427432597,NaN,393.999989025955,12.9999788351767,NaN,0.403100016802848,0.0895426595289948,-1.45146910890987e-08,0.338176413462296,0.481640685292875,0,0,0.819817098755171
299.6,907.979575197312,NaN,393.999988802262,12.9999784037575,NaN,0.403100017401547,0.0895426585361949,-1.48105555016784e-08,0.338092375303721,0.481596900275494,0,0,0.819689275579216
299.7,908.144854349429,NaN,393.999988578503,12.9999779722104,NaN,0.403100018000425,0.089542657543101,-1.51065075586895e-08,0.338008348187108,0.481553097095816,0,0,0.819561445282925
299.8,908.310111860496,NaN,393.999988354705,12.9999775405874,NaN,0.403100018599407,0.0895426565498324,-1.5402511638051e-08,0.337924332072736,0.481509275733895,0,0,0.819433607806631
299.9,908.475347809145,NaN,393.999988130895,12.9999771089409,NaN,0.403100019198422,0.0895426555565098,-1.56985318451955e-08,0.337840326920653,0.481465436169621,0,0,0.819305763090274
300,908.640562274462,NaN,393.999987907099,12.9999766773237,NaN,0.403100019797397,0.0895426545632543,-1.59945320130672e-08,0.337756332690674,0.481421578382724,0,0,0.819177911073399
300.1,908.805755335988,NaN,393.999987683347,12.9999762457888,NaN,0.403100020396257,0.0895426535701884,-1.62904757021234e-08,0.337672349342385,0.481377702352772,0,0,0.819050051695157
300.2,908.970927073723,NaN,393.999987459665,12.9999758143897,NaN,0.403100020994929,0.0895426525774353,-1.65863262003342e-08,0.337588376835139,0.481333808059168,0,0,0.818922184894308
300.3,909.136077568119,NaN,393.999987236081,12.9999753831805,NaN,0.403100021593337,0.0895426515851189,-1.68820465231818e-08,0.337504415128058,0.481289895481155,0,0,0.818794310609213
300.4,909.301206900086,NaN,393.999987012624,12.9999749522155,NaN,0.403100022191407,0.0895426505933644,-1.71775994136613e-08,0.337420464180032,0.481245964597808,0,0,0.818666428777841
300.5,909.46631515099,NaN,393.999986789322,12.9999745215493,NaN,0.403100022789062,0.0895426496022976,-1.74729473422806e-08,0.33733652394972,0.481202015388043,0,0,0.818538539337763
300.6,909.631402402651,NaN,393.999986566203,12.9999740912371,NaN,0.403100023386225,0.0895426486120454,-1.77680525070598e-08,0.337252594395548,0.481158047830609,0,0,0.818410642226157
300.7,909.796468737345,NaN,393.999986343297,12.9999736613344,NaN,0.40310002398282,0.0895426476227357,-1.8062876833532e-08,0.337168675475713,0.481114061904091,0,0,0.818282737379804
300.8,909.961514237805,NaN,393.999986120632,12.9999732318971,NaN,0.40310002457877,0.089542646634497,-1.83573819747427e-08,0.337084767148178,0.481070057586909,0,0,0.818154824735087
300.9,910.126538987219,NaN,393.999985898238,12.9999728029816,NaN,0.403100025173995,0.0895426456474589,-1.86515293112501e-08,0.337000869370676,0.481026034857318,0,0,0.818026904227994
301,910.291543069231,NaN,393.999985676143,12.9999723746445,NaN,0.403100025768418,0.089542644661752,-1.89452799511247e-08,0.336916982100707,0.480981993693408,0,0,0.817898975794115
301.1,910.456526567941,NaN,393.999985454378,12.999971946943,NaN,0.403100026361958,0.0895426436775076,-1.923859472995e-08,0.336833105295542,0.480937934073101,0,0,0.817771039368643
301.2,910.621489567902,NaN,393.999985232973,12.9999715199345,NaN,0.403100026954537,0.0895426426948582,-1.95314342108223e-08,0.336749238912218,0.480893855974155,0,0,0.817643094886373
301.3,910.786432154127,NaN,393.999985011957,12.999971093677,NaN,0.403100027546074,0.0895426417139369,-1.98237586843496e-08,0.336665382907542,0.48084975937416,0,0,0.817515142281701
301.4,910.951354412083,NaN,393.99998479136,12.9999706682289,NaN,0.403100028136487,0.0895426407348779,-2.01155281686536e-08,0.336581537238087,0.480805644250539,0,0,0.817387181488626
301.5,911.11625642769,NaN,393.999984571213,12.9999702436486,NaN,0.403100028725696,0.0895426397578164,-2.04067024093678e-08,0.336497701860199,0.480761510580547,0,0,0.817259212440746
301.6,911.281138287328,NaN,393.999984351548,12.9999698199954,NaN,0.403100029313619,0.0895426387828882,-2.06972408796388e-08,0.336413876729988,0.480717358341273,0,0,0.817131235071261
301.7,911.44600007783,NaN,393.999984132393,12.9999693973287,NaN,0.403100029900172,0.0895426378102303,-2.09871027801256e-08,0.336330061803335,0.480673187509637,0,0,0.817003249312972
301.8,911.610841886486,NaN,393.999983913782,12.9999689757085,NaN,0.403100030485273,0.0895426368399805,-2.12762470389998e-08,0.336246257035887,0.480628998062389,0,0,0.816875255098276
301.9,911.775663801041,NaN,393.999983695744,12.999968555195,NaN,0.403100031068839,0.0895426358722775,-2.15646323119459e-08,0.336162462383064,0.480584789976112,0,0,0.816747252359176
302,911.940465909696,NaN,393.999983478311,12.999968135849,NaN,0.403100031650784,0.0895426349072611,-2.18522169821604e-08,0.336078677800049,0.480540563227219,0,0,0.816619241027268
302.1,912.105248301108,NaN,393.999983261515,12.9999677177313,NaN,0.403100032231025,0.0895426339450717,-2.21389591603531e-08,0.335994903241798,0.480496317791954,0,0,0.816491221033752
302.2,912.270011064389,NaN,393.999983045389,12.9999673009037,NaN,0.403100032809475,0.0895426329858508,-2.24248166847459e-08,0.335911138663032,0.480452053646389,0,0,0.816363192309422
302.3,912.434754289107,NaN,393.999982829963,12.999966885428,NaN,0.403100033386049,0.0895426320297409,-2.27097471210737e-08,0.335827384018244,0.48040777076643,0,0,0.816235154784673
302.4,912.599478065285,NaN,393.99998261527,12.9999664713663,NaN,0.403100033960661,0.0895426310768852,-2.29937077625836e-08,0.335743639261691,0.480363469127807,0,0,0.816107108389498
302.5,912.764182483405,NaN,393.999982401343,12.9999660587816,NaN,0.403100034533224,0.089542630127428,-2.32766556300357e-08,0.335659904347403,0.480319148706082,0,0,0.815979053053485
302.6,912.928867634399,NaN,393.999982188215,12.9999656477366,NaN,0.403100035103649,0.0895426291815143,-2.35585474717025e-08,0.335576179229175,0.480274809476646,0,0,0.815850988705821
302.7,913.093533609661,NaN,393.999981975918,12.9999652382949,NaN,0.40310003567185,0.0895426282392903,-2.38393397633691e-08,0.335492463860573,0.480230451414716,0,0,0.81572291527529
302.8,913.258180501036,NaN,393.999981764485,12.9999648305204,NaN,0.403100036237737,0.0895426273009029,-2.41189887083333e-08,0.33540875819493,0.480186074495339,0,0,0.815594832690269
302.9,913.422808400828,NaN,393.99998155395,12.9999644244774,NaN,0.403100036801221,0.0895426263665,-2.43974502374057e-08,0.335325062185347,0.480141678693388,0,0,0.815466740878736
303,913.587417401792,NaN,393.999981344347,12.9999640202305,NaN,0.403100037362212,0.0895426254362304,-2.46746800089091e-08,0.335241375784696,0.480097263983565,0,0,0.81533863976826
303.1,913.752007597145,NaN,393.999981135708,12.9999636178448,NaN,0.403100037920621,0.0895426245102437,-2.4950633408679e-08,0.335157698945613,0.480052830340395,0,0,0.815210529286009
303.2,913.916579080555,NaN,393.999980928068,12.9999632173856,NaN,0.403100038476356,0.0895426235886907,-2.52252655500638e-08,0.335074031620508,0.480008377738234,0,0,0.815082409358743
303.3,914.081131946147,NaN,393.999980721462,12.9999628189189,NaN,0.403100039029326,0.0895426226717227,-2.54985312739243e-08,0.334990373761556,0.479963906151262,0,0,0.814954279912817
303.4,914.245666288503,NaN,393.999980515923,12.999962422511,NaN,0.403100039579439,0.0895426217594924,-2.57703851486338e-08,0.3349067253207,0.479919415553482,0,0,0.814826140874182
303.5,914.410182202659,NaN,393.999980311486,12.9999620282284,NaN,0.403100040126603,0.089542620852153,-2.60407814700785e-08,0.334823086249653,0.479874905918728,0,0,0.814697992168381
303.6,914.574679784108,NaN,393.999980108185,12.9999616361382,NaN,0.403100040670724,0.0895426199498588,-2.6309674261657e-08,0.334739456499897,0.479830377220653,0,0,0.81456983372055
303.7,914.739159128797,NaN,393.999979906057,12.9999612463077,NaN,0.403100041211709,0.0895426190527651,-2.65770172742806e-08,0.33465583602268,0.479785829432739,0,0,0.81444166545542
303.8,914.90362033313,NaN,393.999979705135,12.999960858805,NaN,0.403100041749464,0.0895426181610279,-2.68427639863733e-08,0.334572224769022,0.47974126252829,0,0,0.814313487297312
303.9,915.068063493968,NaN,393.999979505456,12.9999604736982,NaN,0.403100042283894,0.0895426172748043,-2.71068676038715e-08,0.334488622689708,0.479696676480434,0,0,0.814185299170142
304,915.232488708624,NaN,393.999979307054,12.9999600910559,NaN,0.403100042814904,0.0895426163942521,-2.73692810602243e-08,0.334405029735293,0.479652071262124,0,0,0.814057100997416
304.1,915.396896074871,NaN,393.999979109966,12.9999597109472,NaN,0.403100043342398,0.0895426155195303,-2.76299570163934e-08,0.334321445856101,0.479607446846132,0,0,0.813928892702233
304.2,915.561285690935,NaN,393.999978914228,12.9999593334415,NaN,0.403100043866279,0.0895426146507986,-2.78888478608534e-08,0.334237871002223,0.479562803205059,0,0,0.813800674207281
304.3,915.725657655497,NaN,393.999978719876,12.9999589586086,NaN,0.403100044386452,0.0895426137882177,-2.81459057095907e-08,0.33415430512352,0.479518140311322,0,0,0.813672445434842
304.4,915.890012067697,NaN,393.999978526946,12.9999585865187,NaN,0.403100044902818,0.0895426129319491,-2.84010824061054e-08,0.33407074816962,0.479473458137164,0,0,0.813544206306785
304.5,916.054349027127,NaN,393.999978335475,12.9999582172425,NaN,0.403100045415279,0.0895426120821555,-2.86543295214094e-08,0.333987200089922,0.479428756654649,0,0,0.813415956744572
304.6,916.218668633838,NaN,393.999978145499,12.999957850851,NaN,0.403100045923737,0.0895426112390001,-2.89055983540275e-08,0.333903660833591,0.479384035835661,0,0,0.813287696669251
304.7,916.382970988334,NaN,393.999977957056,12.9999574874154,NaN,0.403100046428093,0.0895426104026474,-2.91548399299971e-08,0.33382013034956,0.479339295651906,0,0,0.813159426001465
304.8,916.547256191576,NaN,393.999977770184,12.9999571270078,NaN,0.403100046928246,0.0895426095732625,-2.94020050028684e-08,0.333736608586533,0.479294536074909,0,0,0.813031144661442
304.9,916.711524344982,NaN,393.999977584918,12.9999567697003,NaN,0.403100047424098,0.0895426087510118,-2.9647044053704e-08,0.33365309549298,0.479249757076017,0,0,0.812902852568997
305,916.875775550423,NaN,393.999977401298,12.9999564155655,NaN,0.403100047915547,0.0895426079360622,-2.98899072910789e-08,0.333569591017141,0.479204958626396,0,0,0.812774549643537
305.1,917.040009910226,NaN,393.999977219361,12.9999560646764,NaN,0.403100048402491,0.0895426071285817,-3.0130544651081e-08,0.333486095107024,0.479160140697031,0,0,0.812646235804055
305.2,917.204227527177,NaN,393.999977039144,12.9999557171063,NaN,0.40310004888483,0.0895426063287392,-3.0368905797311e-08,0.333402607710407,0.479115303258726,0,0,0.812517910969133
305.3,917.368428504514,NaN,393.999976860687,12.9999553729292,NaN,0.40310004936246,0.0895426055367047,-3.06049401208816e-08,0.333319128774833,0.479070446282105,0,0,0.812389575056938
305.4,917.532612945932,NaN,393.999976684027,12.9999550322192,NaN,0.403100049835278,0.0895426047526487,-3.08385967404187e-08,0.333235658247616,0.479025569737608,0,0,0.812261227985224
305.5,917.696780955583,NaN,393.999976509204,12.9999546950509,NaN,0.403100050303182,0.0895426039767429,-3.10698245020606e-08,0.333152196075838,0.478980673595494,0,0,0.812132869671332
305.6,917.860932638072,NaN,393.999976336256,12.9999543614991,NaN,0.403100050766067,0.08954260320916,-3.12985719794581e-08,0.33306874220635,0.47893575782584,0,0,0.81200450003219
305.7,918.025068098462,NaN,393.999976165223,12.9999540316395,NaN,0.403100051223828,0.0895426024500734,-3.15247874737748e-08,0.33298529658577,0.47889082239854,0,0,0.81187611898431
305.8,918.189187442271,NaN,393.999975996143,12.9999537055477,NaN,0.40310005167636,0.0895426016996575,-3.17484190136869e-08,0.332901859160486,0.478845867283305,0,0,0.81174772644379
305.9,918.353290775472,NaN,393.999975829056,12.9999533832999,NaN,0.403100052123558,0.0895426009580876,-3.19694143553829e-08,0.332818429876653,0.47880089244966,0,0,0.811619322326313
306,918.517378204495,NaN,393.999975664002,12.9999530649726,NaN,0.403100052565315,0.0895426002255399,-3.21877209825645e-08,0.332735008680196,0.478755897866949,0,0,0.811490906547145
306.1,918.681449836224,NaN,393.999975501021,12.999952750643,NaN,0.403100053001524,0.0895425995021916,-3.24032861064453e-08,0.332651595516807,0.478710883504331,0,0,0.811362479021137
306.2,918.845505778002,NaN,393.999975340153,12.9999524403883,NaN,0.403100053432078,0.0895425987882207,-3.26160566657522e-08,0.332568190331947,0.478665849330778,0,0,0.811234039662725
306.3,919.009546137622,NaN,393.999975181438,12.9999521342863,NaN,0.40310005385687,0.0895425980838061,-3.28259793267242e-08,0.332484793070847,0.478620795315081,0,0,0.811105588385928
306.4,919.173571023338,NaN,393.999975024917,12.9999518324152,NaN,0.40310005427579,0.0895425973891279,-3.30330004831131e-08,0.332401403678504,0.478575721425841,0,0,0.810977125104345
306.5,919.337580543858,NaN,393.99997487063,12.9999515348535,NaN,0.40310005468873,0.0895425967043667,-3.32370662561833e-08,0.332318022099685,0.478530627631478,0,0,0.810848649731162
306.6,919.501574808346,NaN,393.999974718618,12.9999512416802,NaN,0.403100055095579,0.0895425960297042,-3.34381224947118e-08,0.332234648278924,0.47848551390022,0,0,0.810720162179144
306.7,919.665553926419,NaN,393.999974568923,12.9999509529747,NaN,0.403100055496229,0.0895425953653231,-3.36361147749885e-08,0.332151282160527,0.478440380200113,0,0,0.81059166236064
306.8,919.829518008154,NaN,393.999974421586,12.9999506688167,NaN,0.403100055890568,0.089542594711407,-3.38309884008153e-08,0.332067923688563,0.478395226499014,0,0,0.810463150187577
306.9,919.99346716408,NaN,393.999974276649,12.9999503892863,NaN,0.403100056278484,0.0895425940681403,-3.40226884035073e-08,0.331984572806874,0.478350052764594,0,0,0.810334625571468
307,920.157401505185,NaN,393.999974134152,12.9999501144642,NaN,0.403100056659867,0.0895425934357083,-3.42111595418919e-08,0.331901229459069,0.478304858964334,0,0,0.810206088423403
307.1,920.321321142909,NaN,393.999973994139,12.9999498444312,NaN,0.403100057034604,0.0895425928142973,-3.43963463023091e-08,0.331817893588525,0.478259645065529,0,0,0.810077538654054
307.2,920.485226189151,NaN,393.999973856651,12.9999495792688,NaN,0.403100057402582,0.0895425922040946,-3.45781928986118e-08,0.331734565138388,0.478214411035285,0,0,0.809948976173672
307.3,920.649116756265,NaN,393.999973721731,12.9999493190586,NaN,0.403100057763687,0.0895425916052881,-3.4756643272165e-08,0.331651244051572,0.478169156840517,0,0,0.809820400892089
307.4,920.812992957058,NaN,393.999973589422,12.9999490638827,NaN,0.403100058117806,0.0895425910180671,-3.49316410918468e-08,0.33156793027076,0.478123882447955,0,0,0.809691812718715
307.5,920.976854904796,NaN,393.999973459765,12.9999488138239,NaN,0.403100058464824,0.0895425904426213,-3.51031297540478e-08,0.331484623738403,0.478078587824134,0,0,0.809563211562538
307.6,921.140702713199,NaN,393.999973332805,12.9999485689649,NaN,0.403100058804626,0.0895425898791417,-3.5271052382671e-08,0.331401324396721,0.478033272935405,0,0,0.809434597332126
307.7,921.304536496444,NaN,393.999973208584,12.9999483293891,NaN,0.403100059137096,0.08954258932782,-3.54353518291322e-08,0.331318032187702,0.477987937747922,0,0,0.809305969935625
307.8,921.468356369162,NaN,393.999973087146,12.9999480951802,NaN,0.403100059462118,0.0895425887888489,-3.55959706723598e-08,0.331234747053103,0.477942582227655,0,0,0.809177329280758
307.9,921.63216244644,NaN,393.999972968534,12.9999478664224,NaN,0.403100059779576,0.089542588262422,-3.57528512187948e-08,0.331151468934449,0.477897206340377,0,0,0.809048675274826
308,921.795954843823,NaN,393.999972852792,12.9999476432002,NaN,0.403100060089351,0.0895425877487338,-3.59059355023908e-08,0.331068197773033,0.477851810051672,0,0,0.808920007824705
308.1,921.959733677308,NaN,393.999972739965,12.9999474255985,NaN,0.403100060391327,0.0895425872479797,-3.60551652846139e-08,0.330984933509917,0.477806393326933,0,0,0.808791326836851
308.2,922.123499063351,NaN,393.999972630096,12.9999472137026,NaN,0.403100060685384,0.0895425867603561,-3.6200482054443e-08,0.330901676085933,0.477760956131359,0,0,0.808662632217292
308.3,922.287251118862,NaN,393.99997252323,12.9999470075982,NaN,0.403100060971405,0.0895425862860603,-3.63418270283694e-08,0.330818425441678,0.477715498429957,0,0,0.808533923871634
308.4,922.450989961206,NaN,393.999972419412,12.9999468073715,NaN,0.403100061249268,0.0895425858252902,-3.64791411503972e-08,0.33073518151752,0.47767002018754,0,0,0.80840520170506
308.5,922.614715708205,NaN,393.999972318686,12.9999466131089,NaN,0.403100061518855,0.0895425853782452,-3.66123650920432e-08,0.330651944253595,0.47762452136873,0,0,0.808276465622325
308.6,922.778428478137,NaN,393.999972221097,12.9999464248974,NaN,0.403100061780045,0.0895425849451252,-3.67414392523365e-08,0.330568713589808,0.477579001937952,0,0,0.80814771552776
308.7,922.942128389734,NaN,393.999972126692,12.9999462428243,NaN,0.403100062032716,0.089542584526131,-3.6866303757819e-08,0.330485489465832,0.477533461859438,0,0,0.80801895132527
308.8,923,NaN,393.999972035514,12.9999460669772,NaN,0.403100062276747,0.0895425841214645,-3.69868984625452e-08,0.330456067812789,0.477517356476049,0,0,0.807973424288838
308.9,923,NaN,393.999971947611,12.9999458974443,NaN,0.403100062512015,0.0895425837313285,-3.71031629480822e-08,0.330456067739062,0.477517356262976,0,0,0.807973424002038
309,923,NaN,393.999971863027,12.9999457343141,NaN,0.403100062738398,0.0895425833559266,-3.72150365235097e-08,0.33045606766812,0.47751735605795,0,0,0.80797342372607
309.1,923,NaN,393.99997178181,12.9999455776755,NaN,0.403100062955772,0.0895425829954633,-3.73224582254201e-08,0.330456067600001,0.477517355861083,0,0,0.807973423461084
309.2,923,NaN,393.999971704004,12.9999454276178,NaN,0.403100063164014,0.0895425826501442,-3.74253668179183e-08,0.330456067534744,0.477517355672486,0,0,0.80797342320723
309.3,923,NaN,393.999971629657,12.9999452842305,NaN,0.403100063362999,0.0895425823201756,-3.75237007926217e-08,0.330456067472388,0.477517355492273,0,0,0.807973422964661
309.4,923,NaN,393.999971558816,12.999945147604,NaN,0.403100063552602,0.0895425820057649,-3.76173983686606e-08,0.330456067412972,0.477517355320558,0,0,0.807973422733529
309.5,923,NaN,393.999971491527,12.9999450178285,NaN,0.403100063732697,0.0895425817071203,-3.77063974926777e-08,0.330456067356535,0.477517355157453,0,0,0.807973422513988
309.6,923,NaN,393.999971427837,12.9999448949951,NaN,0.403100063903159,0.0895425814244509,-3.77906358388285e-08,0.330456067303117,0.477517355003072,0,0,0.80797342230619
309.7,923,NaN,393.999971367794,12.9999447791949,NaN,0.40310006406386,0.0895425811579667,-3.78700508087808e-08,0.330456067252758,0.477517354857532,0,0,0.80797342211029
309.8,923,NaN,393.999971311446,12.9999446705196,NaN,0.403100064214673,0.0895425809078788,-3.79445795317153e-08,0.330456067205497,0.477517354720946,0,0,0.807973421926443
309.9,923,NaN,393.999971258839,12.9999445690615,NaN,0.403100064355471,0.0895425806743991,-3.80141588643254e-08,0.330456067161375,0.477517354593431,0,0,0.807973421754806
310,923,NaN,393.999971210023,12.9999444749128,NaN,0.403100064486126,0.0895425804577402,-3.80787253908166e-08,0.330456067120432,0.477517354475102,0,0,0.807973421595534
310.1,923,NaN,393.999971165045,12.9999443881664,NaN,0.403100064606507,0.089542580258116,-3.81382154229076e-08,0.330456067082707,0.477517354366077,0,0,0.807973421448785
310.2,923,NaN,393.999971123953,12.9999443089158,NaN,0.403100064716487,0.0895425800757411,-3.81925649998293e-08,0.330456067048243,0.477517354266473,0,0,0.807973421314716
310.3,923,NaN,393.999971086796,12.9999442372544,NaN,0.403100064815935,0.089542579910831,-3.82417098883255e-08,0.330456067017079,0.477517354176407,0,0,0.807973421193486
310.4,923,NaN,393.999971053623,12.9999441732764,NaN,0.40310006490472,0.0895425797636021,-3.82855855826522e-08,0.330456066989256,0.477517354095998,0,0,0.807973421085254
310.5,923,NaN,393.999971024483,12.9999441170762,NaN,0.403100064982712,0.0895425796342719,-3.83241273045787e-08,0.330456066964816,0.477517354025364,0,0,0.80797342099018
310.6,923,NaN,393.999970999425,12.9999440687486,NaN,0.403100065049778,0.0895425795230585,-3.8357270003386e-08,0.330456066943799,0.477517353964625,0,0,0.807973420908424
310.7,923,NaN,393.999970978499,12.999944028389,NaN,0.403100065105787,0.0895425794301813,-3.83849483558687e-08,0.330456066926247,0.4775173539139,0,0,0.807973420840148
310.8,923,NaN,393.999970961753,12.999943996093,NaN,0.403100065150605,0.0895425793558603,-3.84070967663332e-08,0.330456066912203,0.47751735387331,0,0,0.807973420785512
310.9,923,NaN,393.999970949238,12.9999439719565,NaN,0.403100065184101,0.0895425793003165,-3.8423649366599e-08,0.330456066901706,0.477517353842975,0,0,0.807973420744681
311,923,NaN,393.999970941004,12.9999439560761,NaN,0.403100065206139,0.089542579263772,-3.8434540015998e-08,0.3304560668948,0.477517353823016,0,0,0.807973420717816
311.1,923,NaN,393.999970937101,12.9999439485487,NaN,0.403100065216585,0.0895425792464495,-3.84397023013749e-08,0.330456066891527,0.477517353813555,0,0,0.807973420705082
311.2,923,NaN,393.99997093758,12.9999439494714,NaN,0.403100065215304,0.0895425792485728,-3.84390695370865e-08,0.330456066891928,0.477517353814715,2.12554553663018e-07,2.12554553663018e-07,0.807973633261196
311.3,923,NaN,393.99997094249,12.9999439589419,NaN,0.403100065202162,0.0895425792703666,-3.84325747650029e-08,0.330456066896046,0.477517353826617,2.18166549279346e-06,2.18166549279346e-06,0.807975602388157
311.4,923,NaN,393.999970951884,12.9999439770581,NaN,0.403100065177021,0.0895425793120565,-3.84201507545064e-08,0.330456066903925,0.477517353849387,4.17336150667114e-06,4.17336150667114e-06,0.807977594114818
311.5,923,NaN,393.999970965811,12.9999440039186,NaN,0.403100065139746,0.089542579373869,-3.8401730002492e-08,0.330456066915606,0.477517353883146,6.18773926293128e-06,6.18773926293128e-06,0.807979608538014
311.6,923,NaN,393.999970984323,12.9999440396222,NaN,0.403100065090198,0.0895425794560315,-3.83772447333673e-08,0.330456066931133,0.477517353928019,8.22487785327533e-06,8.22487785327533e-06,0.807981645737005
311.7,923,NaN,393.999971007473,12.9999440842681,NaN,0.403100065028241,0.0895425795587724,-3.83466268990526e-08,0.330456066950548,0.477517353984131,1.02848739453384e-05,1.02848739453384e-05,0.807983705808625
311.8,923,NaN,393.99997103531,12.9999441379558,NaN,0.403100064953736,0.089542579682321,-3.83098081789806e-08,0.330456066973896,0.477517354051607,1.23678242067556e-05,1.23678242067556e-05,0.80798578884971
311.9,923,NaN,393.999971067887,12.9999442007856,NaN,0.403100064866544,0.0895425798269073,-3.8266719980097e-08,0.33045606700122,0.477517354130573,1.44738077292283e-05,1.44738077292283e-05,0.807987894939522
312,923,NaN,393.999971105257,12.9999442728577,NaN,0.403100064766527,0.0895425799927626,-3.82172934368597e-08,0.330456067032562,0.477517354221155,1.66029299683494e-05,1.66029299683494e-05,0.807990024183686
312.1,923,NaN,393.999971147471,12.9999443542729,NaN,0.403100064653543,0.0895425801801187,-3.81614594112393e-08,0.330456067067968,0.47751735432348,1.87552788038146e-05,1.87552788038146e-05,0.807992176670252
312.2,923,NaN,393.999971194582,12.9999444451325,NaN,0.403100064527453,0.0895425803892087,-3.80991484927192e-08,0.330456067107481,0.477517354437675,2.09309421152647e-05,2.09309421152647e-05,0.807994352487271
312.3,923,NaN,393.999971246643,12.9999445455382,NaN,0.403100064388116,0.0895425806202662,-3.80302909982954e-08,0.330456067151146,0.477517354563867,2.31300077823643e-05,2.31300077823643e-05,0.807996551722795
312.4,923,NaN,393.999971303706,12.9999446555918,NaN,0.403100064235389,0.0895425808735262,-3.79548169724763e-08,0.330456067199006,0.477517354702186,2.53525724727871e-05,2.53525724727871e-05,0.807998774473664
312.5,923,NaN,393.999971365825,12.9999447753959,NaN,0.403100064069132,0.0895425811492241,-3.78726561872829e-08,0.330456067251106,0.477517354852758,2.75987328541295e-05,2.75987328541295e-05,0.808001020836719
312.6,923,NaN,393.999971433053,12.9999449050531,NaN,0.403100063889201,0.0895425814475967,-3.77837381422492e-08,0.330456067307492,0.477517355015715,2.98685680181059e-05,2.98685680181059e-05,0.808003290891225
312.7,923,NaN,393.999971505443,12.9999450446667,NaN,0.403100063695453,0.0895425817688814,-3.76879920644214e-08,0.330456067368207,0.477517355191185,3.21621834203182e-05,3.21621834203182e-05,0.808005584742812
312.8,923,NaN,393.99997158305,12.9999451943404,NaN,0.403100063487744,0.0895425821133165,-3.75853469083586e-08,0.330456067433297,0.477517355379299,3.44796669404348e-05,3.44796669404348e-05,0.808007902479537
312.9,923,NaN,393.999971665926,12.9999453541781,NaN,0.40310006326593,0.0895425824811414,-3.7475731356132e-08,0.330456067502807,0.477517355580187,3.6821097670157e-05,3.6821097670157e-05,0.808010244180664
313,923,NaN,393.999971754127,12.9999455242841,NaN,0.403100063029866,0.0895425828725964,-3.73590738173261e-08,0.330456067576783,0.477517355793981,3.91865722770983e-05,3.91865722770983e-05,0.808012609943041
313.1,923,NaN,393.999971847706,12.9999457047632,NaN,0.403100062779407,0.0895425832879225,-3.72353024290377e-08,0.33045606765527,0.477517356020812,4.15762050048925e-05,4.15762050048925e-05,0.808014999881086
313.2,923,NaN,393.999971946718,12.9999458957207,NaN,0.403100062514407,0.0895425837273618,-3.71043450558762e-08,0.330456067738314,0.477517356260812,4.39900573692423e-05,4.39900573692423e-05,0.808017414056495
313.3,923,NaN,393.999972051218,12.9999460972622,NaN,0.403100062234719,0.0895425841911574,-3.69661292899634e-08,0.33045606782596,0.477517356514115,4.64282260377788e-05,4.64282260377788e-05,0.808019852566113
313.4,923,NaN,393.999972161261,12.9999463094936,NaN,0.403100061940196,0.089542584679553,-3.68205824509342e-08,0.330456067918255,0.477517356780853,4.8890825254148e-05,4.8890825254148e-05,0.808022315524362
313.5,923,NaN,393.999972276902,12.9999465325213,NaN,0.40310006163069,0.0895425851927935,-3.66676315859358e-08,0.330456068015246,0.47751735706116,5.13779165340404e-05,5.13779165340404e-05,0.808024802992939
313.6,923,NaN,393.999972398196,12.9999467664521,NaN,0.403100061306054,0.0895425857311246,-3.6507203469628e-08,0.330456068116977,0.47751735735517,5.38896053330838e-05,5.38896053330838e-05,0.80802731507748
313.7,923,NaN,393.999972525199,12.9999470113931,NaN,0.403100060966138,0.0895425862947929,-3.63392246041832e-08,0.330456068223497,0.477517357663018,5.64259883189131e-05,5.64259883189131e-05,0.808029851874834
313.8,923,NaN,393.999972657967,12.9999472674519,NaN,0.403100060610794,0.089542586884046,-3.61636212192866e-08,0.330456068334852,0.47751735798484,5.89871533711967e-05,5.89871533711967e-05,0.808032413473063
313.9,923,NaN,393.999972796555,12.9999475347365,NaN,0.403100060239871,0.0895425874991323,-3.59803192721358e-08,0.330456068451089,0.47751735832077,6.1573188369603e-05,6.1573188369603e-05,0.808034999960228
314,923,NaN,393.99997294102,12.9999478133552,NaN,0.40310005985322,0.0895425881403012,-3.57892444474411e-08,0.330456068572255,0.477517358670945,6.41841811937644e-05,6.41841811937644e-05,0.808037611424394
314.1,923,NaN,393.999973091418,12.9999481034169,NaN,0.403100059450688,0.089542588807803,-3.55903221574256e-08,0.330456068698397,0.477517359035502,6.68202372993899e-05,6.68202372993899e-05,0.808040247971198
314.2,923,NaN,393.999973247806,12.9999484050306,NaN,0.403100059032125,0.0895425895018889,-3.53834775418246e-08,0.330456068829563,0.477517359414578,6.94814269901071e-05,6.94814269901071e-05,0.808042909671131
314.3,923,NaN,393.99997341024,12.9999487183059,NaN,0.403100058597379,0.0895425902228109,-3.51686354678863e-08,0.3304560689658,0.47751735980831,7.21678732974473e-05,7.21678732974473e-05,0.808045596647408
314.4,923,NaN,393.999973578778,12.9999490433528,NaN,0.403100058146297,0.0895425909708222,-3.49457205303715e-08,0.330456069107157,0.477517360216838,7.48796377372984e-05,7.48796377372984e-05,0.808048308961732
314.5,923,NaN,393.999973753477,12.9999493802816,NaN,0.403100057678726,0.0895425917461767,-3.47146570515537e-08,0.33045606925368,0.477517360640299,7.76168169771753e-05,7.76168169771753e-05,0.808051046710956
314.6,923,NaN,393.999973934395,12.9999497292031,NaN,0.403100057194512,0.0895425925491292,-3.44753690812185e-08,0.330456069405419,0.477517361078832,8.03795252606869e-05,8.03795252606869e-05,0.808053810009512
314.7,923,NaN,393.999974121588,12.9999500902284,NaN,0.403100056693501,0.0895425933799355,-3.4227780396665e-08,0.330456069562422,0.477517361532578,8.31678241036009e-05,8.31678241036009e-05,0.808056598919104
314.8,923,NaN,393.999974315114,12.9999504634691,NaN,0.403100056175538,0.0895425942388523,-3.39718145027038e-08,0.330456069724737,0.477517362001677,8.59818189615194e-05,8.59818189615194e-05,0.808059413545375
314.9,923,NaN,393.999974515033,12.9999508490371,NaN,0.403100055640468,0.0895425951261371,-3.37073946316593e-08,0.330456069892413,0.477517362486269,8.88216065020773e-05,8.88216065020773e-05,0.808062253985184
315,923,NaN,393.999974721401,12.9999512470447,NaN,0.403100055088135,0.0895425960420486,-3.34344437433673e-08,0.330456070065499,0.477517362986495,9.1687274604892e-05,9.1687274604892e-05,0.808065120326598
315.1,923,NaN,393.999974934278,12.9999516576046,NaN,0.403100054518383,0.0895425969868461,-3.31528845251774e-08,0.330456070244043,0.477517363502497,9.45789111497847e-05,9.45789111497847e-05,0.80806801265769
315.2,923,NaN,393.999975153723,12.9999520808301,NaN,0.403100053931054,0.0895425979607899,-3.2862639391951e-08,0.330456070428095,0.477517364034418,9.74966040162707e-05,9.74966040162707e-05,0.80807093106653
315.3,923,NaN,393.999975379793,12.9999525168346,NaN,0.403100053325991,0.0895425989641414,-3.25636304860623e-08,0.330456070617705,0.4775173645824,0.00010044044987198,0.00010044044987198,0.808073875649977
315.4,923,NaN,393.999975612548,12.9999529657321,NaN,0.403100052703036,0.0895425999971628,-3.22557796773984e-08,0.330456070812922,0.477517365146586,0.000103410554172683,0.000103410554172683,0.80807684651368
315.5,923,NaN,393.999975852047,12.9999534276368,NaN,0.40310005206203,0.089542601060117,-3.19390085633586e-08,0.330456071013795,0.477517365727119,0.000106406978433979,0.000106406978433979,0.808079843719349
315.6,923,NaN,393.999976098351,12.9999539026635,NaN,0.403100051402814,0.0895426021532681,-3.16132384688551e-08,0.330456071220375,0.477517366324145,0.000109429836899493,0.000109429836899493,0.80808286738142
315.7,923,NaN,393.999976348076,12.9999543842896,NaN,0.40310005073444,0.0895426032616059,-3.12829425911695e-08,0.330456071429825,0.477517366929465,0.000110950102432895,0.000110950102432895,0.808084388461723
315.8,923,NaN,393.999976597801,12.9999548659157,NaN,0.403100050066066,0.0895426043699436,-3.09526467138861e-08,0.330456071639274,0.477517367534786,0.000110950102432895,0.000110950102432895,0.808084389276493
315.9,923,NaN,393.999976847526,12.9999553475418,NaN,0.403100049397692,0.0895426054782814,-3.06223508370047e-08,0.330456071848724,0.477517368140106,0.000110950093644928,0.000110950093644928,0.808084390082474
316,923,NaN,393.999977097251,12.9999558291679,NaN,0.403100048729317,0.0895426065866192,-3.02920549605252e-08,0.330456072058174,0.477517368745426,0.000110950102432834,0.000110950102432834,0.808084390906032
316.1,923,NaN,393.999977346976,12.999956310794,NaN,0.403100048060943,0.089542607694957,-2.9961759084448e-08,0.330456072267623,0.477517369350746,0.000110950102432895,0.000110950102432895,0.808084391720802
316.2,923,NaN,393.999977596701,12.9999567924201,NaN,0.403100047392569,0.0895426088032947,-2.96314632087728e-08,0.330456072477073,0.477517369956066,0.000110950093644928,0.000110950093644928,0.808084392526784
316.3,923,NaN,393.999977846426,12.9999572740461,NaN,0.403100046724195,0.0895426099116325,-2.93011673334996e-08,0.330456072686523,0.477517370561386,0.000110950102432834,0.000110950102432834,0.808084393350342
316.4,923,NaN,393.999978096151,12.9999577556722,NaN,0.403100046055821,0.0895426110199703,-2.89708714586286e-08,0.330456072895972,0.477517371166706,0.000110950102432895,0.000110950102432895,0.808084394165111
316.5,923,NaN,393.999978345876,12.9999582372983,NaN,0.403100045387447,0.089542612128308,-2.86405755841597e-08,0.330456073105422,0.477517371772026,0.000110950093644928,0.000110950093644928,0.808084394971093
316.6,923,NaN,393.999978595601,12.9999587189244,NaN,0.403100044719073,0.0895426132366458,-2.83102797100928e-08,0.330456073314872,0.477517372377346,0.000110950102432895,0.000110950102432895,0.808084395794651
316.7,923,NaN,393.999978845326,12.9999592005505,NaN,0.403100044050699,0.0895426143449836,-2.79799838364281e-08,0.330456073524321,0.477517372982667,0.000110950102432895,0.000110950102432895,0.808084396609421
316.8,923,NaN,393.999979095051,12.9999596821765,NaN,0.403100043382325,0.0895426154533213,-2.76496879631654e-08,0.330456073733771,0.477517373587987,0.000110950093644928,0.000110950093644928,0.808084397415402
316.9,923,NaN,393.999979344776,12.9999601638027,NaN,0.403100042713951,0.0895426165616591,-2.73193920903048e-08,0.330456073943221,0.477517374193307,0.000110950102432895,0.000110950102432895,0.80808439823896
317,923,NaN,393.999979594501,12.9999606454287,NaN,0.403100042045576,0.0895426176699969,-2.69890962178461e-08,0.33045607415267,0.477517374798627,0.000110950102432834,0.000110950102432834,0.80808439905373
317.1,923,NaN,393.999979844227,12.9999611270548,NaN,0.403100041377202,0.0895426187783346,-2.66588003457897e-08,0.33045607436212,0.477517375403947,0.000110950093644928,0.000110950093644928,0.808084399859712
317.2,923,NaN,393.999980093952,12.9999616086809,NaN,0.403100040708828,0.0895426198866724,-2.63285044741353e-08,0.33045607457157,0.477517376009267,0.000110950102432895,0.000110950102432895,0.80808440068327
317.3,923,NaN,393.999980343677,12.999962090307,NaN,0.403100040040454,0.0895426209950101,-2.59982086028828e-08,0.330456074781019,0.477517376614587,0.000110950093644867,0.000110950093644867,0.808084401489251
317.4,923,NaN,393.999980593402,12.9999625719331,NaN,0.40310003937208,0.0895426221033479,-2.56679127320326e-08,0.330456074990469,0.477517377219907,0.000110950102432895,0.000110950102432895,0.808084402312809
317.5,923,NaN,393.999980843127,12.9999630535591,NaN,0.403100038703706,0.0895426232116856,-2.53376168615845e-08,0.330456075199919,0.477517377825227,0.000110950093644928,0.000110950093644928,0.808084403118791
317.6,923,NaN,393.999981092852,12.9999635351852,NaN,0.403100038035332,0.0895426243200234,-2.50073209915384e-08,0.330456075409368,0.477517378430548,0.000110950102432895,0.000110950102432895,0.808084403942349
317.7,923,NaN,393.999981342577,12.9999640168113,NaN,0.403100037366958,0.0895426254283611,-2.46770251218945e-08,0.330456075618818,0.477517379035868,0.000110950093644928,0.000110950093644928,0.808084404748331
317.8,923,NaN,393.999981592302,12.9999644984374,NaN,0.403100036698584,0.0895426265366989,-2.43467292526526e-08,0.330456075828268,0.477517379641188,0.000110950102432895,0.000110950102432895,0.808084405571888
317.9,923,NaN,393.999981842027,12.9999649800634,NaN,0.40310003603021,0.0895426276450366,-2.40164333838128e-08,0.330456076037717,0.477517380246508,0.000110950093644928,0.000110950093644928,0.80808440637787
318,923,NaN,393.999982091752,12.9999654616895,NaN,0.403100035361836,0.0895426287533744,-2.36861375153748e-08,0.330456076247167,0.477517380851828,0.000110950093644867,0.000110950093644867,0.80808440719264
318.1,923,NaN,393.999982341477,12.9999659433155,NaN,0.403100034693462,0.0895426298617121,-2.33558416473392e-08,0.330456076456617,0.477517381457148,0.000110950102432895,0.000110950102432895,0.808084408016197
318.2,923,NaN,393.999982591202,12.9999664249417,NaN,0.403100034025087,0.0895426309700499,-2.30255457797056e-08,0.330456076666066,0.477517382062468,0.000110950093644928,0.000110950093644928,0.808084408822179
318.3,923,NaN,393.999982840927,12.9999669065678,NaN,0.403100033356713,0.0895426320783876,-2.26952499124739e-08,0.330456076875516,0.477517382667788,0.000110950102432834,0.000110950102432834,0.808084409645737
318.4,923,NaN,393.999983090652,12.9999673881938,NaN,0.403100032688339,0.0895426331867254,-2.23649540456445e-08,0.330456077084965,0.477517383273108,0.000110950093644928,0.000110950093644928,0.808084410451719
318.5,923,NaN,393.999983340377,12.9999678698199,NaN,0.403100032019965,0.0895426342950631,-2.20346581792172e-08,0.330456077294415,0.477517383878428,0.000110950093644928,0.000110950093644928,0.808084411266488
318.6,923,NaN,393.999983590102,12.9999683514459,NaN,0.403100031351591,0.0895426354034008,-2.17043623131919e-08,0.330456077503865,0.477517384483748,0.000110950102432895,0.000110950102432895,0.808084412090046
318.7,923,NaN,393.999983839827,12.999968833072,NaN,0.403100030683217,0.0895426365117386,-2.13740664475687e-08,0.330456077713314,0.477517385089069,0.000110950093644928,0.000110950093644928,0.808084412896028
318.8,923,NaN,393.999984089552,12.9999693146981,NaN,0.403100030014843,0.0895426376200763,-2.10437705823476e-08,0.330456077922764,0.477517385694389,0.000110950093644928,0.000110950093644928,0.808084413710798
318.9,923,NaN,393.999984339278,12.9999697963241,NaN,0.403100029346469,0.089542638728414,-2.07134747175286e-08,0.330456078132214,0.477517386299709,0.000110950102432895,0.000110950102432895,0.808084414534355
319,923,NaN,393.999984589003,12.9999702779502,NaN,0.403100028678095,0.0895426398367518,-2.03831788531116e-08,0.330456078341663,0.477517386905029,0.000110950093644928,0.000110950093644928,0.808084415340337
319.1,923,NaN,393.999984838728,12.9999707595763,NaN,0.403100028009721,0.0895426409450895,-2.00528829890966e-08,0.330456078551113,0.477517387510349,0.000110950093644867,0.000110950093644867,0.808084416155107
319.2,923,NaN,393.999985088453,12.9999712412023,NaN,0.403100027341347,0.0895426420534272,-1.97225871254838e-08,0.330456078760563,0.477517388115669,0.000110950093644928,0.000110950093644928,0.808084416969877
319.3,923,NaN,393.999985338178,12.9999717228284,NaN,0.403100026672973,0.089542643161765,-1.93922912622729e-08,0.330456078970012,0.477517388720989,0.000110950102432834,0.000110950102432834,0.808084417793434
319.4,923,NaN,393.999985587903,12.9999722044544,NaN,0.403100026004599,0.0895426442701027,-1.90619953994643e-08,0.330456079179462,0.477517389326309,0.000110950093644928,0.000110950093644928,0.808084418599416
319.5,923,NaN,393.999985837628,12.9999726860805,NaN,0.403100025336225,0.0895426453784404,-1.87316995370577e-08,0.330456079388912,0.477517389931629,0.000110950093644928,0.000110950093644928,0.808084419414186
319.6,923,NaN,393.999986087353,12.9999731677066,NaN,0.40310002466785,0.0895426464867782,-1.84014036750532e-08,0.330456079598361,0.477517390536949,0.000110950093644928,0.000110950093644928,0.808084420228955
319.7,923,NaN,393.999986337078,12.9999736493327,NaN,0.403100023999476,0.0895426475951159,-1.80711078134508e-08,0.330456079807811,0.477517391142269,0.000110950093644928,0.000110950093644928,0.808084421043725
319.8,923,NaN,393.999986586803,12.9999741309587,NaN,0.403100023331102,0.0895426487034536,-1.77408119522505e-08,0.330456080017261,0.47751739174759,0.000110950093644928,0.000110950093644928,0.808084421858495
319.9,923,NaN,393.999986836528,12.9999746125848,NaN,0.403100022662728,0.0895426498117913,-1.74105160914522e-08,0.33045608022671,0.47751739235291,0.000110950102432895,0.000110950102432895,0.808084422682053
320,923,NaN,393.999987086253,12.9999750942109,NaN,0.403100021994354,0.089542650920129,-1.70802202310561e-08,0.33045608043616,0.47751739295823,0.000110950093644928,0.000110950093644928,0.808084423488035
320.1,923,NaN,393.999987335978,12.9999755758369,NaN,0.40310002132598,0.0895426520284668,-1.67499243710618e-08,0.33045608064561,0.47751739356355,0.000110950093644867,0.000110950093644867,0.808084424302804
320.2,923,NaN,393.999987585703,12.999976057463,NaN,0.403100020657606,0.0895426531368045,-1.64196285114698e-08,0.330456080855059,0.47751739416887,0.000110950093644928,0.000110950093644928,0.808084425117574
320.3,923,NaN,393.999987835428,12.999976539089,NaN,0.403100019989232,0.0895426542451422,-1.60893326522797e-08,0.330456081064509,0.47751739477419,0.000110950093644867,0.000110950093644867,0.808084425932344
320.4,923,NaN,393.999988085153,12.9999770207151,NaN,0.403100019320858,0.0895426553534799,-1.57590367934918e-08,0.330456081273959,0.47751739537951,0.000110950093644928,0.000110950093644928,0.808084426747114
320.5,923,NaN,393.999988334878,12.9999775023412,NaN,0.403100018652484,0.0895426564618176,-1.54287409351061e-08,0.330456081483408,0.47751739598483,0.000110950093644928,0.000110950093644928,0.808084427561883
320.6,923,NaN,393.999988584603,12.9999779839672,NaN,0.40310001798411,0.0895426575701553,-1.50984450771224e-08,0.330456081692858,0.47751739659015,0.000110950093644928,0.000110950093644928,0.808084428376653
320.7,923,NaN,393.999988834328,12.9999784655933,NaN,0.403100017315736,0.0895426586784931,-1.47681492195408e-08,0.330456081902307,0.47751739719547,0.000110950093644928,0.000110950093644928,0.808084429191423
320.8,923,NaN,393.999989084053,12.9999789472193,NaN,0.403100016647362,0.0895426597868308,-1.44378533623612e-08,0.330456082111757,0.47751739780079,0.000110950093644928,0.000110950093644928,0.808084430006192
320.9,923,NaN,393.999989333778,12.9999794288454,NaN,0.403100015978988,0.0895426608951685,-1.41075575055838e-08,0.330456082321207,0.47751739840611,0.000110950093644928,0.000110950093644928,0.808084430820962
321,923,NaN,393.999989583503,12.9999799104715,NaN,0.403100015310614,0.0895426620035062,-1.37772616492084e-08,0.330456082530656,0.47751739901143,0.000110950093644928,0.000110950093644928,0.808084431635732
321.1,923,NaN,393.999989833228,12.9999803920975,NaN,0.40310001464224,0.0895426631118439,-1.34469657932349e-08,0.330456082740106,0.47751739961675,0.000110950093644867,0.000110950093644867,0.808084432450501
321.2,923,NaN,393.999990082954,12.9999808737236,NaN,0.403100013973865,0.0895426642201816,-1.31166699376637e-08,0.330456082949556,0.47751740022207,0.000110950093644928,0.000110950093644928,0.808084433265271
321.3,923,NaN,393.999990332679,12.9999813553496,NaN,0.403100013305491,0.0895426653285193,-1.27863740824943e-08,0.330456083159005,0.477517400827391,0.000110950093644867,0.000110950093644867,0.808084434080041
321.4,923,NaN,393.999990582404,12.9999818369757,NaN,0.403100012637117,0.089542666436857,-1.24560782277273e-08,0.330456083368455,0.477517401432711,0.000110950093644928,0.000110950093644928,0.80808443489481
321.5,923,NaN,393.999990832129,12.9999823186017,NaN,0.403100011968743,0.0895426675451947,-1.21257823733623e-08,0.330456083577905,0.477517402038031,0.000110950093644928,0.000110950093644928,0.80808443570958
321.6,923,NaN,393.999991081854,12.9999828002278,NaN,0.403100011300369,0.0895426686535324,-1.17954865193994e-08,0.330456083787354,0.477517402643351,0.000110950093644928,0.000110950093644928,0.80808443652435
321.7,923,NaN,393.999991331579,12.9999832818539,NaN,0.403100010631995,0.0895426697618701,-1.14651906658385e-08,0.330456083996804,0.477517403248671,0.000110950084856961,0.000110950084856961,0.808084437330332
321.8,923,NaN,393.999991581304,12.9999837634799,NaN,0.403100009963621,0.0895426708702078,-1.11348948126798e-08,0.330456084206253,0.477517403853991,0.000110950093644928,0.000110950093644928,0.808084438153889
321.9,923,NaN,393.999991831029,12.9999842451059,NaN,0.403100009295247,0.0895426719785455,-1.08045989599231e-08,0.330456084415703,0.477517404459311,0.000110950093644928,0.000110950093644928,0.808084438968659
322,923,NaN,393.999992080754,12.999984726732,NaN,0.403100008626873,0.0895426730868832,-1.04743031075685e-08,0.330456084625153,0.477517405064631,0.000110950093644928,0.000110950093644928,0.808084439783429
322.1,923,NaN,393.999992330479,12.999985208358,NaN,0.403100007958499,0.0895426741952209,-1.01440072556158e-08,0.330456084834602,0.477517405669951,0.000110950093644867,0.000110950093644867,0.808084440598198
322.2,923,NaN,393.999992580204,12.9999856899841,NaN,0.403100007290125,0.0895426753035586,-9.81371140406538e-09,0.330456085044052,0.477517406275271,0.000110950084856961,0.000110950084856961,0.80808444140418
322.3,923,NaN,393.999992829929,12.9999861716102,NaN,0.403100006621751,0.0895426764118962,-9.48341555291683e-09,0.330456085253502,0.477517406880591,0.000110950093644867,0.000110950093644867,0.808084442227738
322.4,923,NaN,393.999993079654,12.9999866532361,NaN,0.403100005953377,0.0895426775202339,-9.15311970217054e-09,0.330456085462951,0.477517407485911,0.000110950093644928,0.000110950093644928,0.808084443042507
322.5,923,NaN,393.999993329379,12.9999871348622,NaN,0.403100005285003,0.0895426786285716,-8.82282385182634e-09,0.330456085672401,0.477517408091231,0.000110950093644928,0.000110950093644928,0.808084443857277
322.6,923,NaN,393.999993579104,12.9999876164883,NaN,0.403100004616629,0.0895426797369093,-8.49252800188422e-09,0.330456085881851,0.477517408696551,0.000110950084856961,0.000110950084856961,0.808084444663259
322.7,923,NaN,393.999993828829,12.9999880981143,NaN,0.403100003948255,0.089542680845247,-8.16223215234417e-09,0.3304560860913,0.477517409301871,0.000110950093644928,0.000110950093644928,0.808084445486816
322.8,923,NaN,393.999994078554,12.9999885797403,NaN,0.403100003279881,0.0895426819535847,-7.8319363032062e-09,0.33045608630075,0.477517409907191,0.000110950093644928,0.000110950093644928,0.808084446301586
322.9,923,NaN,393.999994328279,12.9999890613664,NaN,0.403100002611507,0.0895426830619223,-7.50164045447031e-09,0.3304560865102,0.477517410512512,0.000110950084856961,0.000110950084856961,0.808084447107568
323,923,NaN,393.999994578004,12.9999895429924,NaN,0.403100001943133,0.08954268417026,-7.17134460613649e-09,0.330456086719649,0.477517411117831,0.000110950093644928,0.000110950093644928,0.808084447931125
323.1,923,NaN,393.999994827729,12.9999900246185,NaN,0.403100001274759,0.0895426852785977,-6.84104875820458e-09,0.330456086929099,0.477517411723152,0.000110950093644867,0.000110950093644867,0.808084448745895
323.2,923,NaN,393.999995077454,12.9999905062445,NaN,0.403100000606385,0.0895426863869354,-6.51075291067493e-09,0.330456087138548,0.477517412328471,0.000110950084856961,0.000110950084856961,0.808084449551877
323.3,923,NaN,393.999995327179,12.9999909878706,NaN,0.403099999938011,0.0895426874952731,-6.18045706354717e-09,0.330456087347998,0.477517412933792,0.000110950093644867,0.000110950093644867,0.808084450375435
323.4,923,NaN,393.999995576904,12.9999914694966,NaN,0.403099999269636,0.0895426886036107,-5.85016121682167e-09,0.330456087557448,0.477517413539111,0.000110950093644928,0.000110950093644928,0.808084451190204
323.5,923,NaN,393.999995826629,12.9999919511227,NaN,0.403099998601262,0.0895426897119484,-5.51986537049826e-09,0.330456087766897,0.477517414144432,0.000110950084856961,0.000110950084856961,0.808084451996186
323.6,923,NaN,393.999996076354,12.9999924327487,NaN,0.403099997932888,0.0895426908202861,-5.1895695245769e-09,0.330456087976347,0.477517414749752,0.000110950093644928,0.000110950093644928,0.808084452819744
323.7,923,NaN,393.999996326079,12.9999929143747,NaN,0.403099997264514,0.0895426919286237,-4.85927367905764e-09,0.330456088185797,0.477517415355072,0.000110950084856961,0.000110950084856961,0.808084453625725
323.8,923,NaN,393.999996575804,12.9999933960008,NaN,0.40309999659614,0.0895426930369614,-4.52897783394046e-09,0.330456088395246,0.477517415960392,0.000110950093644928,0.000110950093644928,0.808084454449283
323.9,923,NaN,393.999996825529,12.9999938776268,NaN,0.403099995927766,0.0895426941452991,-4.19868198922535e-09,0.330456088604696,0.477517416565712,0.000110950084856961,0.000110950084856961,0.808084455255265
324,923,NaN,393.999997075254,12.9999943592529,NaN,0.403099995259392,0.0895426952536368,-3.86838614491233e-09,0.330456088814145,0.477517417171032,0.000110950093644928,0.000110950093644928,0.808084456078822
324.1,923,NaN,393.999997324979,12.9999948408789,NaN,0.403099994591018,0.0895426963619744,-3.53809030100118e-09,0.330456089023595,0.477517417776352,0.0001109500848569,0.0001109500848569,0.808084456884804
324.2,923,NaN,393.999997574704,12.9999953225049,NaN,0.403099993922644,0.0895426974703121,-3.20779445749232e-09,0.330456089233045,0.477517418381672,0.000110950093644928,0.000110950093644928,0.808084457708361
324.3,923,NaN,393.999997824429,12.999995804131,NaN,0.40309999325427,0.0895426985786497,-2.87749861438534e-09,0.330456089442494,0.477517418986992,0.0001109500848569,0.0001109500848569,0.808084458514343
324.4,923,NaN,393.999998074154,12.999996285757,NaN,0.403099992585896,0.0895426996869874,-2.54720277168064e-09,0.330456089651944,0.477517419592312,0.000110950093644928,0.000110950093644928,0.808084459337901
324.5,923,NaN,393.999998323879,12.999996767383,NaN,0.403099991917522,0.0895427007953251,-2.21690692937799e-09,0.330456089861394,0.477517420197632,0.000110950084856961,0.000110950084856961,0.808084460143882
324.6,923,NaN,393.999998573604,12.999997249009,NaN,0.403099991249148,0.0895427019036627,-1.88661108747744e-09,0.330456090070843,0.477517420802952,0.000110950093644928,0.000110950093644928,0.80808446096744
324.7,923,NaN,393.999998823329,12.9999977306351,NaN,0.403099990580774,0.0895427030120004,-1.55631524597896e-09,0.330456090280293,0.477517421408272,0.000110950084856961,0.000110950084856961,0.808084461773422
324.8,923,NaN,393.999999073054,12.9999982122611,NaN,0.4030999899124,0.089542704120338,-1.22601940488256e-09,0.330456090489742,0.477517422013592,0.000110950084856961,0.000110950084856961,0.808084462588191
324.9,923,NaN,393.999999322779,12.9999986938872,NaN,0.403099989244026,0.0895427052286757,-8.95723564188234e-10,0.330456090699192,0.477517422618912,0.000110950093644928,0.000110950093644928,0.808084463411749
325,923,NaN,393.999999572504,12.9999991755132,NaN,0.403099988575652,0.0895427063370133,-5.65427723895995e-10,0.330456090908642,0.477517423224232,0.000110950084856961,0.000110950084856961,0.808084464217731
325.1,923,NaN,393.999999822229,12.9999996571392,NaN,0.403099987907278,0.089542707445351,-2.35131884005646e-10,0.330456091118091,0.477517423829552,0.0001109500848569,0.0001109500848569,0.8080844650325
325.2,923,NaN,394.000000071954,13.0000001387652,NaN,0.403099987238904,0.0895427085536886,9.51639554824403e-11,0.330456091327541,0.477517424434872,0.000110950093644928,0.000110950093644928,0.808084465856058
325.3,923,NaN,394.000000321679,13.0000006203913,NaN,0.40309998657053,0.0895427096620263,4.25459794568448e-10,0.330456091536991,0.477517425040192,0.000110950084856961,0.000110950084856961,0.80808446666204
325.4,923,NaN,394.000000571404,13.0000011020173,NaN,0.403099985902156,0.0895427107703639,7.55755633252559e-10,0.33045609174644,0.477517425645512,0.0001109500848569,0.0001109500848569,0.808084467476809
325.5,923,NaN,394.000000821129,13.0000015836433,NaN,0.403099985233782,0.0895427118787016,1.08605147153441e-09,0.33045609195589,0.477517426250832,0.000110950093644928,0.000110950093644928,0.808084468300367
325.6,923,NaN,394.000001070854,13.0000020652694,NaN,0.403099984565408,0.0895427129870392,1.41634730941418e-09,0.330456092165339,0.477517426856152,0.000110950084856961,0.000110950084856961,0.808084469106349
325.7,923,NaN,394.000001320579,13.0000025468954,NaN,0.403099983897034,0.0895427140953769,1.74664314689187e-09,0.330456092374789,0.477517427461472,0.000110950084856961,0.000110950084856961,0.808084469921118
325.8,923,NaN,394.000001570304,13.0000030285214,NaN,0.40309998322866,0.0895427152037145,2.07693898396749e-09,0.330456092584239,0.477517428066792,0.000110950084856961,0.000110950084856961,0.808084470735888
325.9,923,NaN,394.000001820029,13.0000035101475,NaN,0.403099982560286,0.0895427163120522,2.40723482064103e-09,0.330456092793688,0.477517428672112,0.000110950084856961,0.000110950084856961,0.808084471550657
326,923,NaN,394.000002069754,13.0000039917735,NaN,0.403099981891912,0.0895427174203898,2.7375306569125e-09,0.330456093003138,0.477517429277432,0.000110950093644928,0.000110950093644928,0.808084472374215
326.1,923,NaN,394.000002319479,13.0000044733995,NaN,0.403099981223538,0.0895427185287274,3.06782649278205e-09,0.330456093212587,0.477517429882752,0.0001109500848569,0.0001109500848569,0.808084473180196
326.2,923,NaN,394.000002569204,13.0000049550255,NaN,0.403099980555164,0.0895427196370651,3.39812232824936e-09,0.330456093422037,0.477517430488072,0.000110950084856961,0.000110950084856961,0.808084473994966
326.3,923,NaN,394.000002818929,13.0000054366516,NaN,0.40309997988679,0.0895427207454027,3.72841816331457e-09,0.330456093631487,0.477517431093392,0.000110950084856961,0.000110950084856961,0.808084474809736
326.4,923,NaN,394.000003068654,13.0000059182776,NaN,0.403099979218416,0.0895427218537403,4.05871399797791e-09,0.330456093840936,0.477517431698712,0.0001109500848569,0.0001109500848569,0.808084475624506
326.5,923,NaN,394.000003318379,13.0000063999036,NaN,0.403099978550042,0.089542722962078,4.38900983223897e-09,0.330456094050386,0.477517432304032,0.000110950084856961,0.000110950084856961,0.808084476439275
326.6,923,NaN,394.000003568104,13.0000068815296,NaN,0.403099977881668,0.0895427240704156,4.71930566609795e-09,0.330456094259836,0.477517432909352,0.000110950093644928,0.000110950093644928,0.808084477262833
326.7,923,NaN,394.000003817829,13.0000073631556,NaN,0.403099977213294,0.0895427251787532,5.04960149955487e-09,0.330456094469285,0.477517433514672,0.000110950084856961,0.000110950084856961,0.808084478068814
326.8,923,NaN,394.000004067554,13.0000078447816,NaN,0.40309997654492,0.0895427262870909,5.37989733260971e-09,0.330456094678735,0.477517434119992,0.000110950084856961,0.000110950084856961,0.808084478883584
326.9,923,NaN,394.000004317279,13.0000083264077,NaN,0.403099975876546,0.0895427273954285,5.71019316526246e-09,0.330456094888184,0.477517434725312,0.000110950084856961,0.000110950084856961,0.808084479698354
327,923,NaN,394.000004567004,13.0000088080337,NaN,0.403099975208172,0.0895427285037661,6.04048899751313e-09,0.330456095097634,0.477517435330632,0.000110950084856961,0.000110950084856961,0.808084480513123
327.1,923,NaN,394.000004816729,13.0000092896597,NaN,0.403099974539798,0.0895427296121037,6.37078482936191e-09,0.330456095307084,0.477517435935952,0.0001109500848569,0.0001109500848569,0.808084481327893
327.2,923,NaN,394.000005066454,13.0000097712857,NaN,0.403099973871424,0.0895427307204414,6.70108066080843e-09,0.330456095516533,0.477517436541272,0.000110950084856961,0.000110950084856961,0.808084482142662
327.3,923,NaN,394.000005316179,13.0000102529117,NaN,0.40309997320305,0.089542731828779,7.03137649185287e-09,0.330456095725983,0.477517437146592,0.000110950084856961,0.000110950084856961,0.808084482957432
327.4,923,NaN,394.000005565904,13.0000107345378,NaN,0.403099972534676,0.0895427329371166,7.36167232249541e-09,0.330456095935432,0.477517437751912,0.0001109500848569,0.0001109500848569,0.808084483772202
327.5,923,NaN,394.000005815629,13.0000112161638,NaN,0.403099971866302,0.0895427340454542,7.69196815273569e-09,0.330456096144882,0.477517438357232,0.000110950084856961,0.000110950084856961,0.808084484586971
327.6,923,NaN,394.000006065354,13.0000116977898,NaN,0.403099971197928,0.0895427351537918,8.0222639825739e-09,0.330456096354332,0.477517438962552,0.000110950084856961,0.000110950084856961,0.808084485401741
327.7,923,NaN,394.000006315079,13.0000121794158,NaN,0.403099970529554,0.0895427362621295,8.35255981201003e-09,0.330456096563781,0.477517439567872,0.000110950084856961,0.000110950084856961,0.80808448621651
327.8,923,NaN,394.000006564804,13.0000126610418,NaN,0.40309996986118,0.0895427373704671,8.68285564104407e-09,0.330456096773231,0.477517440173192,0.000110950084856961,0.000110950084856961,0.80808448703128
327.9,923,NaN,394.000006814529,13.0000131426678,NaN,0.403099969192806,0.0895427384788047,9.01315146967604e-09,0.33045609698268,0.477517440778512,0.000110950076068995,0.000110950076068995,0.808084487837262
328,923,NaN,394.000007064254,13.0000136242938,NaN,0.403099968524432,0.0895427395871423,9.34344729790592e-09,0.33045609719213,0.477517441383832,0.000110950084856961,0.000110950084856961,0.808084488660819
328.1,923,NaN,394.000007313979,13.0000141059199,NaN,0.403099967856058,0.0895427406954799,9.67374312573393e-09,0.33045609740158,0.477517441989152,0.0001109500848569,0.0001109500848569,0.808084489475589
328.2,923,NaN,394.000007563704,13.0000145875459,NaN,0.403099967187684,0.0895427418038175,1.00040389531597e-08,0.330456097611029,0.477517442594472,0.000110950084856961,0.000110950084856961,0.808084490290358
328.3,923,NaN,394.000007813429,13.0000150691719,NaN,0.40309996651931,0.0895427429121551,1.03343347801833e-08,0.330456097820479,0.477517443199792,0.000110950084856961,0.000110950084856961,0.808084491105128
328.4,923,NaN,394.000008063154,13.0000155507978,NaN,0.403099965850936,0.0895427440204927,1.06646306068051e-08,0.330456098029928,0.477517443805112,0.0001109500848569,0.0001109500848569,0.808084491919897
328.5,923,NaN,394.000008312879,13.0000160324239,NaN,0.403099965182562,0.0895427451288303,1.09949264330246e-08,0.330456098239378,0.477517444410432,0.000110950084856961,0.000110950084856961,0.808084492734667
328.6,923,NaN,394.000008562604,13.0000165140499,NaN,0.403099964514188,0.0895427462371679,1.1325222258842e-08,0.330456098448828,0.477517445015752,0.000110950076068995,0.000110950076068995,0.808084493540649
328.7,923,NaN,394.000008812329,13.0000169956759,NaN,0.403099963845814,0.0895427473455055,1.16555180842573e-08,0.330456098658277,0.477517445621072,0.000110950084856961,0.000110950084856961,0.808084494364206
328.8,923,NaN,394.000009062054,13.0000174773019,NaN,0.40309996317744,0.0895427484538431,1.19858139092706e-08,0.330456098867727,0.477517446226392,0.000110950084856961,0.000110950084856961,0.808084495178976
328.9,923,NaN,394.000009311779,13.0000179589279,NaN,0.403099962509066,0.0895427495621807,1.23161097338818e-08,0.330456099077176,0.477517446831712,0.000110950084856961,0.000110950084856961,0.808084495993745
329,923,NaN,394.000009561504,13.0000184405539,NaN,0.403099961840692,0.0895427506705183,1.26464055580909e-08,0.330456099286626,0.477517447437032,0.000110950076068995,0.000110950076068995,0.808084496799727
329.1,923,NaN,394.000009811229,13.0000189221799,NaN,0.403099961172318,0.0895427517788559,1.29767013818981e-08,0.330456099496076,0.477517448042352,0.0001109500848569,0.0001109500848569,0.808084497623284
329.2,923,NaN,394.000010060954,13.000019403806,NaN,0.403099960503944,0.0895427528871935,1.33069972053031e-08,0.330456099705525,0.477517448647672,0.000110950084856961,0.000110950084856961,0.808084498438054
329.3,923,NaN,394.000010310679,13.0000198854319,NaN,0.40309995983557,0.0895427539955311,1.36372930283059e-08,0.330456099914975,0.477517449252992,0.000110950084856961,0.000110950084856961,0.808084499252824
329.4,923,NaN,394.000010560404,13.000020367058,NaN,0.403099959167196,0.0895427551038687,1.39675888509069e-08,0.330456100124425,0.477517449858312,0.000110950076068933,0.000110950076068933,0.808084500058805
329.5,923,NaN,394.000010810129,13.000020848684,NaN,0.403099958498822,0.0895427562122063,1.42978846731056e-08,0.330456100333874,0.477517450463632,0.000110950084856961,0.000110950084856961,0.808084500882363
329.6,923,NaN,394.000011059854,13.00002133031,NaN,0.403099957830448,0.0895427573205439,1.46281804949022e-08,0.330456100543324,0.477517451068952,0.000110950084856961,0.000110950084856961,0.808084501697132
329.7,923,NaN,394.000011309579,13.0000218119359,NaN,0.403099957162074,0.0895427584288815,1.49584763162968e-08,0.330456100752773,0.477517451674272,0.000110950076068995,0.000110950076068995,0.808084502503114
329.8,923,NaN,394.000011559304,13.000022293562,NaN,0.4030999564937,0.0895427595372191,1.52887721372893e-08,0.330456100962223,0.477517452279592,0.000110950084856961,0.000110950084856961,0.808084503326672
329.9,923,NaN,394.000011809029,13.000022775188,NaN,0.403099955825326,0.0895427606455567,1.56190679578797e-08,0.330456101171673,0.477517452884912,0.000110950076068995,0.000110950076068995,0.808084504132653
330,923,NaN,394.000012058754,13.000023256814,NaN,0.403099955156952,0.0895427617538943,1.5949363778068e-08,0.330456101381122,0.477517453490232,0.000110950084856961,0.000110950084856961,0.808084504956211
330.1,923,NaN,394.000012308479,13.00002373844,NaN,0.403099954488578,0.0895427628622318,1.62796595978544e-08,0.330456101590572,0.477517454095552,0.000110950076068933,0.000110950076068933,0.808084505762192
330.2,923,NaN,394.000012558204,13.0000242200659,NaN,0.403099953820204,0.0895427639705694,1.66099554172386e-08,0.330456101800021,0.477517454700871,0.000110950084856961,0.000110950084856961,0.80808450658575
330.3,923,NaN,394.000012807929,13.000024701692,NaN,0.40309995315183,0.089542765078907,1.69402512362207e-08,0.330456102009471,0.477517455306191,0.000110950084856961,0.000110950084856961,0.808084507400519
330.4,923,NaN,394.000013057654,13.000025183318,NaN,0.403099952483456,0.0895427661872446,1.72705470548008e-08,0.33045610221892,0.477517455911511,0.000110950076068933,0.000110950076068933,0.808084508206501
330.5,923,NaN,394.000013307379,13.000025664944,NaN,0.403099951815082,0.0895427672955822,1.76008428729788e-08,0.33045610242837,0.477517456516831,0.000110950084856961,0.000110950084856961,0.808084509030058
330.6,923,NaN,394.000013557104,13.0000261465699,NaN,0.403099951146708,0.0895427684039197,1.79311386907546e-08,0.33045610263782,0.477517457122151,0.000110950076068995,0.000110950076068995,0.80808450983604
330.7,923,NaN,394.000013806829,13.000026628196,NaN,0.403099950478334,0.0895427695122573,1.82614345081284e-08,0.330456102847269,0.477517457727471,0.000110950084856961,0.000110950084856961,0.808084510659597
330.8,923,NaN,394.000014056554,13.000027109822,NaN,0.40309994980996,0.0895427706205949,1.85917303251001e-08,0.330456103056719,0.477517458332791,0.000110950076068995,0.000110950076068995,0.808084511465579
330.9,923,NaN,394.000014306279,13.0000275914479,NaN,0.403099949141586,0.0895427717289324,1.89220261416697e-08,0.330456103266168,0.477517458938111,0.000110950076068995,0.000110950076068995,0.808084512280349
331,923,NaN,394.000014556004,13.0000280730739,NaN,0.403099948473212,0.08954277283727,1.92523219578373e-08,0.330456103475618,0.477517459543431,0.000110950084856961,0.000110950084856961,0.808084513103906
331.1,923,NaN,394.000014805729,13.0000285546999,NaN,0.403099947804838,0.0895427739456076,1.95826177736029e-08,0.330456103685068,0.477517460148751,0.000110950076068933,0.000110950076068933,0.808084513909888
331.2,923,NaN,394.000015055454,13.0000290363259,NaN,0.403099947136464,0.0895427750539452,1.99129135889663e-08,0.330456103894517,0.477517460754071,0.000110950084856961,0.000110950084856961,0.808084514733445
331.3,923,NaN,394.000015305179,13.0000295179519,NaN,0.40309994646809,0.0895427761622827,2.02432094039276e-08,0.330456104103967,0.477517461359391,0.000110950076068995,0.000110950076068995,0.808084515539427
331.4,923,NaN,394.000015554904,13.000029999578,NaN,0.403099945799716,0.0895427772706203,2.0573505218487e-08,0.330456104313416,0.477517461964711,0.000110950076068933,0.000110950076068933,0.808084516354197
331.5,923,NaN,394.000015804629,13.0000304812039,NaN,0.403099945131342,0.0895427783789579,2.09038010326441e-08,0.330456104522866,0.477517462570031,0.000110950084856961,0.000110950084856961,0.808084517177754
331.6,923,NaN,394.000016054354,13.0000309628299,NaN,0.403099944462968,0.0895427794872954,2.12340968463992e-08,0.330456104732316,0.477517463175351,0.000110950076068995,0.000110950076068995,0.808084517983735
331.7,923,NaN,394.000016304079,13.0000314444559,NaN,0.403099943794594,0.089542780595633,2.15643926597522e-08,0.330456104941765,0.477517463780671,0.000110950076068995,0.000110950076068995,0.808084518798505
331.8,923,NaN,394.000016553804,13.0000319260819,NaN,0.40309994312622,0.0895427817039706,2.18946884727031e-08,0.330456105151215,0.477517464385991,0.000110950084856961,0.000110950084856961,0.808084519622062
331.9,923,NaN,394.000016803529,13.0000324077079,NaN,0.403099942457846,0.0895427828123081,2.2224984285252e-08,0.330456105360664,0.477517464991311,0.000110950076068995,0.000110950076068995,0.808084520428044
332,923,NaN,394.000017053254,13.0000328893338,NaN,0.403099941789472,0.0895427839206457,2.25552800973987e-08,0.330456105570114,0.477517465596631,0.000110950076068995,0.000110950076068995,0.808084521242814
332.1,923,NaN,394.000017302979,13.0000333709598,NaN,0.403099941121098,0.0895427850289832,2.28855759091434e-08,0.330456105779564,0.477517466201951,0.000110950084856961,0.000110950084856961,0.808084522066371
332.2,923,NaN,394.000017552704,13.0000338525858,NaN,0.403099940452724,0.0895427861373208,2.32158717204862e-08,0.330456105989013,0.47751746680727,0.000110950076068933,0.000110950076068933,0.808084522872353
332.3,923,NaN,394.000017802428,13.0000343342118,NaN,0.40309993978435,0.0895427872456583,2.35461675314267e-08,0.330456106198463,0.47751746741259,0.000110950076068995,0.000110950076068995,0.808084523687122
332.4,923,NaN,394.000018052153,13.0000348158378,NaN,0.403099939115977,0.0895427883539959,2.38764633419653e-08,0.330456106407912,0.47751746801791,0.000110950076068933,0.000110950076068933,0.808084524501891
332.5,923,NaN,394.000018301878,13.0000352974638,NaN,0.403099938447603,0.0895427894623334,2.42067591521016e-08,0.330456106617362,0.47751746862323,0.000110950076068995,0.000110950076068995,0.808084525316661
332.6,923,NaN,394.000018551603,13.0000357790898,NaN,0.403099937779229,0.089542790570671,2.45370549618359e-08,0.330456106826811,0.47751746922855,0.000110950084856961,0.000110950084856961,0.808084526140219
332.7,923,NaN,394.000018801328,13.0000362607158,NaN,0.403099937110855,0.0895427916790086,2.48673507711681e-08,0.330456107036261,0.47751746983387,0.000110950076068995,0.000110950076068995,0.8080845269462
332.8,923,NaN,394.000019051053,13.0000367423417,NaN,0.403099936442481,0.0895427927873461,2.51976465800983e-08,0.330456107245711,0.47751747043919,0.000110950076068995,0.000110950076068995,0.80808452776097
332.9,923,NaN,394.000019300778,13.0000372239677,NaN,0.403099935774107,0.0895427938956836,2.55279423886263e-08,0.33045610745516,0.47751747104451,0.000110950076068995,0.000110950076068995,0.808084528575739
333,923,NaN,394.000019550503,13.0000377055937,NaN,0.403099935105733,0.0895427950040212,2.58582381967523e-08,0.33045610766461,0.47751747164983,0.000110950076068995,0.000110950076068995,0.808084529390509
333.1,923,NaN,394.000019800228,13.0000381872197,NaN,0.403099934437359,0.0895427961123587,2.61885340044762e-08,0.330456107874059,0.47751747225515,0.000110950076068995,0.000110950076068995,0.808084530205278
333.2,923,NaN,394.000020049953,13.0000386688456,NaN,0.403099933768985,0.0895427972206963,2.65188298117982e-08,0.330456108083509,0.47751747286047,0.000110950076068933,0.000110950076068933,0.808084531020048
333.3,923,NaN,394.000020299678,13.0000391504716,NaN,0.403099933100611,0.0895427983290338,2.68491256187179e-08,0.330456108292958,0.47751747346579,0.000110950076068995,0.000110950076068995,0.808084531834817
333.4,923,NaN,394.000020549403,13.0000396320976,NaN,0.403099932432237,0.0895427994373714,2.71794214252357e-08,0.330456108502408,0.47751747407111,0.0001109500848569,0.0001109500848569,0.808084532658375
333.5,923,NaN,394.000020799128,13.0000401137236,NaN,0.403099931763863,0.0895428005457089,2.75097172313513e-08,0.330456108711858,0.47751747467643,0.000110950076068995,0.000110950076068995,0.808084533464356
333.6,923,NaN,394.000021048853,13.0000405953496,NaN,0.403099931095489,0.0895428016540464,2.78400130370648e-08,0.330456108921307,0.47751747528175,0.000110950076068995,0.000110950076068995,0.808084534279126
333.7,923,NaN,394.000021298578,13.0000410769755,NaN,0.403099930427115,0.089542802762384,2.81703088423763e-08,0.330456109130757,0.477517475887069,0.000110950076068995,0.000110950076068995,0.808084535093895
333.8,923,NaN,394.000021548303,13.0000415586015,NaN,0.403099929758741,0.0895428038707215,2.85006046472856e-08,0.330456109340206,0.477517476492389,0.000110950076068995,0.000110950076068995,0.808084535908665
333.9,923,NaN,394.000021798028,13.0000420402275,NaN,0.403099929090367,0.089542804979059,2.88309004517928e-08,0.330456109549656,0.477517477097709,0.000110950076068995,0.000110950076068995,0.808084536723434
334,923,NaN,394.000022047753,13.0000425218535,NaN,0.403099928421993,0.0895428060873966,2.9161196255898e-08,0.330456109759106,0.477517477703029,0.000110950076068995,0.000110950076068995,0.808084537538204
334.1,923,NaN,394.000022297478,13.0000430034794,NaN,0.403099927753619,0.0895428071957341,2.94914920596011e-08,0.330456109968555,0.477517478308349,0.000110950076068995,0.000110950076068995,0.808084538352973
334.2,923,NaN,394.000022547203,13.0000434851054,NaN,0.403099927085245,0.0895428083040716,2.98217878629023e-08,0.330456110178005,0.477517478913669,0.000110950067280966,0.000110950067280966,0.808084539158955
334.3,923,NaN,394.000022796928,13.0000439667314,NaN,0.403099926416871,0.0895428094124091,3.01520836658013e-08,0.330456110387454,0.477517479518989,0.000110950076068995,0.000110950076068995,0.808084539982512
334.4,923,NaN,394.000023046653,13.0000444483574,NaN,0.403099925748497,0.0895428105207467,3.04823794682983e-08,0.330456110596904,0.477517480124309,0.000110950076068933,0.000110950076068933,0.808084540797282
334.5,923,NaN,394.000023296378,13.0000449299833,NaN,0.403099925080123,0.0895428116290842,3.08126752703931e-08,0.330456110806353,0.477517480729629,0.000110950076068995,0.000110950076068995,0.808084541612051
334.6,923,NaN,394.000023546103,13.0000454116093,NaN,0.40309992441175,0.0895428127374217,3.11429710720859e-08,0.330456111015803,0.477517481334949,0.000110950076068995,0.000110950076068995,0.808084542426821
334.7,923,NaN,394.000023795827,13.0000458932353,NaN,0.403099923743376,0.0895428138457592,3.14732668733765e-08,0.330456111225252,0.477517481940269,0.000110950076068995,0.000110950076068995,0.80808454324159
334.8,923,NaN,394.000024045552,13.0000463748612,NaN,0.403099923075002,0.0895428149540968,3.1803562674265e-08,0.330456111434702,0.477517482545589,0.000110950076068995,0.000110950076068995,0.80808454405636
334.9,923,NaN,394.000024295277,13.0000468564872,NaN,0.403099922406628,0.0895428160624343,3.21338584747515e-08,0.330456111644152,0.477517483150909,0.000110950076068995,0.000110950076068995,0.808084544871129
335,923,NaN,394.000024545002,13.0000473381132,NaN,0.403099921738254,0.0895428171707718,3.24641542748359e-08,0.330456111853601,0.477517483756228,0.000110950067281028,0.000110950067281028,0.808084545677111
335.1,923,NaN,394.000024794727,13.0000478197392,NaN,0.40309992106988,0.0895428182791093,3.27944500745182e-08,0.330456112063051,0.477517484361548,0.000110950076068995,0.000110950076068995,0.808084546500668
335.2,923,NaN,394.000025044452,13.0000483013651,NaN,0.403099920401506,0.0895428193874468,3.31247458737987e-08,0.3304561122725,0.477517484966868,0.000110950076068933,0.000110950076068933,0.808084547315437
335.3,923,NaN,394.000025294177,13.0000487829911,NaN,0.403099919733132,0.0895428204957843,3.34550416726769e-08,0.33045611248195,0.477517485572188,0.000110950076068995,0.000110950076068995,0.808084548130207
335.4,923,NaN,394.000025543902,13.0000492646171,NaN,0.403099919064758,0.0895428216041219,3.37853374711531e-08,0.3304561126914,0.477517486177508,0.000110950067280966,0.000110950067280966,0.808084548936189
335.5,923,NaN,394.000025793627,13.000049746243,NaN,0.403099918396384,0.0895428227124594,3.41156332692271e-08,0.330456112900849,0.477517486782828,0.000110950076068995,0.000110950076068995,0.808084549759746
335.6,923,NaN,394.000026043352,13.000050227869,NaN,0.40309991772801,0.0895428238207969,3.44459290668991e-08,0.330456113110299,0.477517487388148,0.000110950076068995,0.000110950076068995,0.808084550574516
335.7,923,NaN,394.000026293077,13.000050709495,NaN,0.403099917059636,0.0895428249291344,3.47762248641689e-08,0.330456113319748,0.477517487993468,0.000110950076068995,0.000110950076068995,0.808084551389285
335.8,923,NaN,394.000026542802,13.0000511911209,NaN,0.403099916391262,0.0895428260374719,3.51065206610367e-08,0.330456113529198,0.477517488598788,0.000110950067281028,0.000110950067281028,0.808084552195266
335.9,923,NaN,394.000026792527,13.0000516727469,NaN,0.403099915722888,0.0895428271458094,3.54368164575024e-08,0.330456113738647,0.477517489204107,0.000110950076068995,0.000110950076068995,0.808084553018824
336,923,NaN,394.000027042252,13.0000521543728,NaN,0.403099915054514,0.0895428282541469,3.5767112253566e-08,0.330456113948097,0.477517489809427,0.000110950076068995,0.000110950076068995,0.808084553833593
336.1,923,NaN,394.000027291977,13.0000526359988,NaN,0.40309991438614,0.0895428293624844,3.60974080492275e-08,0.330456114157546,0.477517490414747,0.000110950067281028,0.000110950067281028,0.808084554639575
336.2,923,NaN,394.000027541702,13.0000531176248,NaN,0.403099913717766,0.0895428304708219,3.64277038444872e-08,0.330456114366996,0.477517491020067,0.000110950076068933,0.000110950076068933,0.808084555463132
336.3,923,NaN,394.000027791427,13.0000535992507,NaN,0.403099913049393,0.0895428315791594,3.67579996393446e-08,0.330456114576446,0.477517491625387,0.000110950076068995,0.000110950076068995,0.808084556277902
336.4,923,NaN,394.000028041152,13.0000540808767,NaN,0.403099912381019,0.0895428326874969,3.70882954338e-08,0.330456114785895,0.477517492230707,0.000110950067280966,0.000110950067280966,0.808084557083883
336.5,923,NaN,394.000028290877,13.0000545625027,NaN,0.403099911712645,0.0895428337958344,3.74185912278533e-08,0.330456114995345,0.477517492836027,0.000110950076068995,0.000110950076068995,0.808084557907441
336.6,923,NaN,394.000028540601,13.0000550441286,NaN,0.403099911044271,0.0895428349041719,3.77488870215044e-08,0.330456115204794,0.477517493441347,0.000110950067281028,0.000110950067281028,0.808084558713422
336.7,923,NaN,394.000028790326,13.0000555257546,NaN,0.403099910375897,0.0895428360125094,3.80791828147535e-08,0.330456115414244,0.477517494046667,0.000110950076068995,0.000110950076068995,0.80808455953698
336.8,923,NaN,394.000029040051,13.0000560073805,NaN,0.403099909707523,0.0895428371208469,3.84094786076005e-08,0.330456115623693,0.477517494651987,0.000110950067281028,0.000110950067281028,0.808084560342961
336.9,923,NaN,394.000029289776,13.0000564890065,NaN,0.403099909039149,0.0895428382291844,3.87397744000454e-08,0.330456115833143,0.477517495257306,0.000110950076068995,0.000110950076068995,0.808084561166518
337,923,NaN,394.000029539501,13.0000569706325,NaN,0.403099908370775,0.0895428393375219,3.90700701920882e-08,0.330456116042593,0.477517495862626,0.000110950067281028,0.000110950067281028,0.8080845619725
337.1,923,NaN,394.000029789226,13.0000574522584,NaN,0.403099907702401,0.0895428404458594,3.9400365983729e-08,0.330456116252042,0.477517496467946,0.000110950076068995,0.000110950076068995,0.808084562796057
337.2,923,NaN,394.000030038951,13.0000579338844,NaN,0.403099907034027,0.0895428415541969,3.97306617749678e-08,0.330456116461492,0.477517497073266,0.000110950067280966,0.000110950067280966,0.808084563602039
337.3,923,NaN,394.000030288676,13.0000584155103,NaN,0.403099906365653,0.0895428426625343,4.00609575658044e-08,0.330456116670941,0.477517497678586,0.000110950076068995,0.000110950076068995,0.808084564425596
337.4,923,NaN,394.000030538401,13.0000588971363,NaN,0.403099905697279,0.0895428437708718,4.03912533562391e-08,0.330456116880391,0.477517498283906,0.000110950067280966,0.000110950067280966,0.808084565231578
337.5,923,NaN,394.000030788126,13.0000593787622,NaN,0.403099905028905,0.0895428448792093,4.07215491462716e-08,0.33045611708984,0.477517498889226,0.000110950076068995,0.000110950076068995,0.808084566055135
337.6,923,NaN,394.000031037851,13.0000598603882,NaN,0.403099904360532,0.0895428459875468,4.10518449359019e-08,0.33045611729929,0.477517499494546,0.000110950067281028,0.000110950067281028,0.808084566861117
337.7,923,NaN,394.000031287576,13.0000603420141,NaN,0.403099903692158,0.0895428470958843,4.13821407251302e-08,0.330456117508739,0.477517500099866,0.000110950076068995,0.000110950076068995,0.808084567684674
337.8,923,NaN,394.000031537301,13.0000608236401,NaN,0.403099903023784,0.0895428482042217,4.17124365139564e-08,0.330456117718189,0.477517500705185,0.000110950067281028,0.000110950067281028,0.808084568490656
337.9,923,NaN,394.000031787026,13.000061305266,NaN,0.40309990235541,0.0895428493125592,4.20427323023805e-08,0.330456117927639,0.477517501310505,0.000110950067281028,0.000110950067281028,0.808084569305425
338,923,NaN,394.00003203675,13.0000617868919,NaN,0.403099901687036,0.0895428504208967,4.23730280904026e-08,0.330456118137088,0.477517501915825,0.000110950076068995,0.000110950076068995,0.808084570128982
338.1,923,NaN,394.000032286475,13.0000622685179,NaN,0.403099901018662,0.0895428515292342,4.27033238780226e-08,0.330456118346538,0.477517502521145,0.000110950067281028,0.000110950067281028,0.808084570934964
338.2,923,NaN,394.0000325362,13.0000627501439,NaN,0.403099900350288,0.0895428526375717,4.30336196652407e-08,0.330456118555987,0.477517503126465,0.000110950067280966,0.000110950067280966,0.808084571749733
338.3,923,NaN,394.000032785925,13.0000632317699,NaN,0.403099899681914,0.0895428537459091,4.33639154520565e-08,0.330456118765437,0.477517503731785,0.000110950076068995,0.000110950076068995,0.808084572573291
338.4,923,NaN,394.00003303565,13.0000637133958,NaN,0.40309989901354,0.0895428548542466,4.36942112384702e-08,0.330456118974886,0.477517504337105,0.000110950067281028,0.000110950067281028,0.808084573379272
338.5,923,NaN,394.000033285375,13.0000641950217,NaN,0.403099898345166,0.0895428559625841,4.4024507024482e-08,0.330456119184336,0.477517504942424,0.000110950067280966,0.000110950067280966,0.808084574194041
338.6,923,NaN,394.0000335351,13.0000646766477,NaN,0.403099897676792,0.0895428570709215,4.43548028100916e-08,0.330456119393785,0.477517505547744,0.000110950067281028,0.000110950067281028,0.808084575008811
338.7,923,NaN,394.000033784825,13.0000651582736,NaN,0.403099897008418,0.089542858179259,4.46850985952991e-08,0.330456119603235,0.477517506153064,0.000110950076068995,0.000110950076068995,0.808084575832368
338.8,923,NaN,394.00003403455,13.0000656398995,NaN,0.403099896340045,0.0895428592875965,4.50153943801045e-08,0.330456119812685,0.477517506758384,0.000110950067281028,0.000110950067281028,0.80808457663835
338.9,923,NaN,394.000034284275,13.0000661215255,NaN,0.403099895671671,0.0895428603959339,4.53456901645078e-08,0.330456120022134,0.477517507363704,0.000110950067281028,0.000110950067281028,0.808084577453119
339,923,NaN,394.000034534,13.0000666031514,NaN,0.403099895003297,0.0895428615042714,4.56759859485091e-08,0.330456120231584,0.477517507969024,0.000110950067281028,0.000110950067281028,0.808084578267888
339.1,923,NaN,394.000034783725,13.0000670847774,NaN,0.403099894334923,0.0895428626126089,4.60062817321083e-08,0.330456120441033,0.477517508574344,0.000110950067281028,0.000110950067281028,0.808084579082658
339.2,923,NaN,394.00003503345,13.0000675664034,NaN,0.403099893666549,0.0895428637209463,4.63365775153056e-08,0.330456120650483,0.477517509179664,0.000110950076068933,0.000110950076068933,0.808084579906215
339.3,923,NaN,394.000035283175,13.0000680480293,NaN,0.403099892998175,0.0895428648292838,4.66668732981006e-08,0.330456120859932,0.477517509784983,0.000110950067281028,0.000110950067281028,0.808084580712197
339.4,923,NaN,394.000035532899,13.0000685296552,NaN,0.403099892329801,0.0895428659376212,4.69971690804936e-08,0.330456121069382,0.477517510390303,0.000110950067281028,0.000110950067281028,0.808084581526966
339.5,923,NaN,394.000035782624,13.0000690112812,NaN,0.403099891661427,0.0895428670459587,4.73274648624846e-08,0.330456121278831,0.477517510995623,0.000110950067280966,0.000110950067280966,0.808084582341735
339.6,923,NaN,394.000036032349,13.0000694929071,NaN,0.403099890993053,0.0895428681542962,4.76577606440735e-08,0.330456121488281,0.477517511600943,0.000110950067281028,0.000110950067281028,0.808084583156505
339.7,923,NaN,394.000036282074,13.000069974533,NaN,0.403099890324679,0.0895428692626336,4.79880564252602e-08,0.33045612169773,0.477517512206263,0.000110950067281028,0.000110950067281028,0.808084583971274
339.8,923,NaN,394.000036531799,13.000070456159,NaN,0.403099889656305,0.0895428703709711,4.83183522060448e-08,0.33045612190718,0.477517512811583,0.000110950067281028,0.000110950067281028,0.808084584786044
339.9,923,NaN,394.000036781524,13.0000709377849,NaN,0.403099888987932,0.0895428714793085,4.86486479864273e-08,0.33045612211663,0.477517513416903,0.000110950067281028,0.000110950067281028,0.808084585600813
340,923,NaN,394.000037031249,13.0000714194109,NaN,0.403099888319558,0.089542872587646,4.89789437664078e-08,0.330456122326079,0.477517514022222,0.000110950067281028,0.000110950067281028,0.808084586415583
340.1,923,NaN,394.000037280974,13.0000719010368,NaN,0.403099887651184,0.0895428736959834,4.93092395459862e-08,0.330456122535529,0.477517514627542,0.000110950067281028,0.000110950067281028,0.808084587230352
340.2,923,NaN,394.000037530699,13.0000723826627,NaN,0.40309988698281,0.0895428748043209,4.96395353251627e-08,0.330456122744978,0.477517515232862,0.000110950067280966,0.000110950067280966,0.808084588045121
340.3,923,NaN,394.000037780424,13.0000728642886,NaN,0.403099886314436,0.0895428759126583,4.9969831103937e-08,0.330456122954428,0.477517515838182,0.000110950067281028,0.000110950067281028,0.808084588859891
340.4,923,NaN,394.000038030149,13.0000733459146,NaN,0.403099885646062,0.0895428770209958,5.03001268823091e-08,0.330456123163877,0.477517516443502,0.000110950067281028,0.000110950067281028,0.80808458967466
340.5,923,NaN,394.000038279874,13.0000738275406,NaN,0.403099884977688,0.0895428781293332,5.06304226602794e-08,0.330456123373327,0.477517517048822,0.000110950067280966,0.000110950067280966,0.808084590489429
340.6,923,NaN,394.000038529598,13.0000743091665,NaN,0.403099884309314,0.0895428792376706,5.09607184378474e-08,0.330456123582776,0.477517517654141,0.000110950067281028,0.000110950067281028,0.808084591304199
340.7,923,NaN,394.000038779323,13.0000747907924,NaN,0.40309988364094,0.0895428803460081,5.12910142150134e-08,0.330456123792226,0.477517518259461,0.000110950067281028,0.000110950067281028,0.808084592118968
340.8,923,NaN,394.000039029048,13.0000752724183,NaN,0.403099882972566,0.0895428814543455,5.16213099917772e-08,0.330456124001675,0.477517518864781,0.000110950067281028,0.000110950067281028,0.808084592933737
340.9,923,NaN,394.000039278773,13.0000757540443,NaN,0.403099882304193,0.089542882562683,5.19516057681389e-08,0.330456124211125,0.477517519470101,0.000110950067281028,0.000110950067281028,0.808084593748507
341,923,NaN,394.000039528498,13.0000762356702,NaN,0.403099881635819,0.0895428836710204,5.22819015440987e-08,0.330456124420574,0.477517520075421,0.000110950067281028,0.000110950067281028,0.808084594563276
341.1,923,NaN,394.000039778223,13.0000767172961,NaN,0.403099880967445,0.0895428847793578,5.26121973196563e-08,0.330456124630024,0.477517520680741,0.000110950067281028,0.000110950067281028,0.808084595378046
341.2,923,NaN,394.000040027948,13.000077198922,NaN,0.403099880299071,0.0895428858876953,5.29424930948121e-08,0.330456124839474,0.47751752128606,0.000110950067280966,0.000110950067280966,0.808084596192815
341.3,923,NaN,394.000040277673,13.000077680548,NaN,0.403099879630697,0.0895428869960327,5.32727888695655e-08,0.330456125048923,0.47751752189138,0.000110950067281028,0.000110950067281028,0.808084597007584
341.4,923,NaN,394.000040527398,13.0000781621739,NaN,0.403099878962323,0.0895428881043701,5.36030846439169e-08,0.330456125258373,0.4775175224967,0.000110950058493061,0.000110950058493061,0.808084597813566
341.5,923,NaN,394.000040777123,13.0000786437999,NaN,0.403099878293949,0.0895428892127076,5.39333804178664e-08,0.330456125467822,0.47751752310202,0.000110950067280966,0.000110950067280966,0.808084598637123
341.6,923,NaN,394.000041026848,13.0000791254258,NaN,0.403099877625575,0.089542890321045,5.42636761914136e-08,0.330456125677272,0.47751752370734,0.000110950067281028,0.000110950067281028,0.808084599451893
341.7,923,NaN,394.000041276573,13.0000796070517,NaN,0.403099876957201,0.0895428914293824,5.45939719645588e-08,0.330456125886721,0.47751752431266,0.000110950067281028,0.000110950067281028,0.808084600266662
341.8,923,NaN,394.000041526297,13.0000800886777,NaN,0.403099876288828,0.0895428925377198,5.49242677373018e-08,0.330456126096171,0.477517524917979,0.000110950067281028,0.000110950067281028,0.808084601081431
341.9,923,NaN,394.000041776022,13.0000805703036,NaN,0.403099875620454,0.0895428936460573,5.52545635096428e-08,0.33045612630562,0.477517525523299,0.000110950058493061,0.000110950058493061,0.808084601887413
342,923,NaN,394.000042025747,13.0000810519295,NaN,0.40309987495208,0.0895428947543947,5.55848592815817e-08,0.33045612651507,0.477517526128619,0.000110950067281028,0.000110950067281028,0.80808460271097
342.1,923,NaN,394.000042275472,13.0000815335555,NaN,0.403099874283706,0.0895428958627321,5.59151550531185e-08,0.330456126724519,0.477517526733939,0.000110950067281028,0.000110950067281028,0.80808460352574
342.2,923,NaN,394.000042525197,13.0000820151814,NaN,0.403099873615332,0.0895428969710695,5.62454508242535e-08,0.330456126933969,0.477517527339259,0.000110950067280966,0.000110950067280966,0.808084604340509
342.3,923,NaN,394.000042774922,13.0000824968072,NaN,0.403099872946958,0.0895428980794069,5.65757465949861e-08,0.330456127143419,0.477517527944579,0.000110950058493061,0.000110950058493061,0.80808460514649
342.4,923,NaN,394.000043024647,13.0000829784332,NaN,0.403099872278584,0.0895428991877444,5.69060423653167e-08,0.330456127352868,0.477517528549898,0.000110950067281028,0.000110950067281028,0.808084605970048
342.5,923,NaN,394.000043274372,13.0000834600591,NaN,0.40309987161021,0.0895429002960818,5.72363381352455e-08,0.330456127562317,0.477517529155218,0.000110950067280966,0.000110950067280966,0.808084606784817
342.6,923,NaN,394.000043524097,13.000083941685,NaN,0.403099870941837,0.0895429014044192,5.75666339047719e-08,0.330456127771767,0.477517529760538,0.000110950058493061,0.000110950058493061,0.808084607590798
342.7,923,NaN,394.000043773822,13.000084423311,NaN,0.403099870273463,0.0895429025127566,5.78969296738962e-08,0.330456127981217,0.477517530365858,0.000110950067281028,0.000110950067281028,0.808084608414355
342.8,923,NaN,394.000044023546,13.0000849049369,NaN,0.403099869605089,0.089542903621094,5.82272254426185e-08,0.330456128190666,0.477517530971178,0.000110950058493061,0.000110950058493061,0.808084609220337
342.9,923,NaN,394.000044273271,13.0000853865628,NaN,0.403099868936715,0.0895429047294314,5.85575212109387e-08,0.330456128400116,0.477517531576498,0.000110950067281028,0.000110950067281028,0.808084610043894
343,923,NaN,394.000044522996,13.0000858681887,NaN,0.403099868268341,0.0895429058377688,5.88878169788569e-08,0.330456128609565,0.477517532181817,0.000110950067281028,0.000110950067281028,0.808084610858663
343.1,923,NaN,394.000044772721,13.0000863498147,NaN,0.403099867599967,0.0895429069461063,5.9218112746373e-08,0.330456128819015,0.477517532787137,0.000110950058493061,0.000110950058493061,0.808084611664645
343.2,923,NaN,394.000045022446,13.0000868314405,NaN,0.403099866931593,0.0895429080544437,5.95484085134871e-08,0.330456129028464,0.477517533392457,0.000110950067280966,0.000110950067280966,0.808084612488202
343.3,923,NaN,394.000045272171,13.0000873130665,NaN,0.403099866263219,0.0895429091627811,5.9878704280199e-08,0.330456129237914,0.477517533997777,0.000110950058493061,0.000110950058493061,0.808084613294184
343.4,923,NaN,394.000045521896,13.0000877946924,NaN,0.403099865594846,0.0895429102711185,6.02090000465087e-08,0.330456129447363,0.477517534603097,0.000110950067281028,0.000110950067281028,0.808084614117741
343.5,923,NaN,394.000045771621,13.0000882763183,NaN,0.403099864926472,0.0895429113794559,6.05392958124167e-08,0.330456129656813,0.477517535208416,0.000110950058492999,0.000110950058492999,0.808084614923722
343.6,923,NaN,394.000046021346,13.0000887579442,NaN,0.403099864258098,0.0895429124877933,6.08695915779223e-08,0.330456129866262,0.477517535813736,0.000110950067281028,0.000110950067281028,0.80808461574728
343.7,923,NaN,394.000046271071,13.0000892395702,NaN,0.403099863589724,0.0895429135961307,6.11998873430259e-08,0.330456130075712,0.477517536419056,0.000110950058493061,0.000110950058493061,0.808084616553261
343.8,923,NaN,394.000046520795,13.0000897211961,NaN,0.40309986292135,0.0895429147044681,6.15301831077274e-08,0.330456130285161,0.477517537024376,0.000110950067281028,0.000110950067281028,0.808084617376818
343.9,923,NaN,394.00004677052,13.000090202822,NaN,0.403099862252976,0.0895429158128055,6.18604788720268e-08,0.330456130494611,0.477517537629696,0.000110950058493061,0.000110950058493061,0.8080846181828
344,923,NaN,394.000047020245,13.0000906844479,NaN,0.403099861584602,0.0895429169211429,6.21907746359243e-08,0.33045613070406,0.477517538235016,0.000110950067281028,0.000110950067281028,0.808084619006357
344.1,923,NaN,394.00004726997,13.0000911660738,NaN,0.403099860916228,0.0895429180294803,6.25210703994195e-08,0.33045613091351,0.477517538840335,0.000110950058493061,0.000110950058493061,0.808084619812338
344.2,923,NaN,394.000047519695,13.0000916476997,NaN,0.403099860247855,0.0895429191378177,6.28513661625128e-08,0.33045613112296,0.477517539445655,0.000110950058492999,0.000110950058492999,0.808084620627108
344.3,923,NaN,394.00004776942,13.0000921293256,NaN,0.403099859579481,0.0895429202461551,6.31816619252039e-08,0.330456131332409,0.477517540050975,0.000110950067281028,0.000110950067281028,0.808084621450665
344.4,923,NaN,394.000048019145,13.0000926109516,NaN,0.403099858911107,0.0895429213544924,6.3511957687493e-08,0.330456131541859,0.477517540656295,0.000110950058493061,0.000110950058493061,0.808084622256646
344.5,923,NaN,394.00004826887,13.0000930925774,NaN,0.403099858242733,0.0895429224628298,6.38422534493801e-08,0.330456131751308,0.477517541261615,0.000110950067280966,0.000110950067280966,0.808084623080204
344.6,923,NaN,394.000048518595,13.0000935742033,NaN,0.403099857574359,0.0895429235711672,6.4172549210865e-08,0.330456131960758,0.477517541866934,0.000110950058493061,0.000110950058493061,0.808084623886185
344.7,923,NaN,394.000048768319,13.0000940558293,NaN,0.403099856905985,0.0895429246795046,6.45028449719478e-08,0.330456132170207,0.477517542472254,0.000110950058493061,0.000110950058493061,0.808084624700954
344.8,923,NaN,394.000049018044,13.0000945374552,NaN,0.403099856237611,0.089542925787842,6.48331407326285e-08,0.330456132379657,0.477517543077574,0.000110950058493061,0.000110950058493061,0.808084625515723
344.9,923,NaN,394.000049267769,13.000095019081,NaN,0.403099855569237,0.0895429268961794,6.51634364929072e-08,0.330456132589106,0.477517543682894,0.000110950067281028,0.000110950067281028,0.808084626339281
345,923,NaN,394.000049517494,13.000095500707,NaN,0.403099854900864,0.0895429280045168,6.54937322527837e-08,0.330456132798556,0.477517544288214,0.000110950058493061,0.000110950058493061,0.808084627145262
345.1,923,NaN,394.000049767219,13.0000959823329,NaN,0.40309985423249,0.0895429291128541,6.58240280122582e-08,0.330456133008005,0.477517544893533,0.000110950058493061,0.000110950058493061,0.808084627960032
345.2,923,NaN,394.000050016944,13.0000964639588,NaN,0.403099853564116,0.0895429302211915,6.61543237713306e-08,0.330456133217455,0.477517545498853,0.000110950067281028,0.000110950067281028,0.808084628783589
345.3,923,NaN,394.000050266669,13.0000969455847,NaN,0.403099852895742,0.0895429313295289,6.64846195300011e-08,0.330456133426904,0.477517546104173,0.000110950058492999,0.000110950058492999,0.80808462958957
345.4,923,NaN,394.000050516394,13.0000974272106,NaN,0.403099852227368,0.0895429324378663,6.68149152882693e-08,0.330456133636354,0.477517546709493,0.000110950058493061,0.000110950058493061,0.808084630404339
345.5,923,NaN,394.000050766119,13.0000979088365,NaN,0.403099851558994,0.0895429335462037,6.71452110461357e-08,0.330456133845803,0.477517547314812,0.000110950058492999,0.000110950058492999,0.808084631219109
345.6,923,NaN,394.000051015843,13.0000983904624,NaN,0.403099850890621,0.089542934654541,6.74755068035998e-08,0.330456134055253,0.477517547920132,0.000110950058493061,0.000110950058493061,0.808084632033878
345.7,923,NaN,394.000051265568,13.0000988720883,NaN,0.403099850222247,0.0895429357628784,6.78058025606618e-08,0.330456134264702,0.477517548525452,0.000110950067281028,0.000110950067281028,0.808084632857435
345.8,923,NaN,394.000051515293,13.0000993537142,NaN,0.403099849553873,0.0895429368712158,6.81360983173216e-08,0.330456134474152,0.477517549130772,0.000110950058493061,0.000110950058493061,0.808084633663417
345.9,923,NaN,394.000051765018,13.0000998353401,NaN,0.403099848885499,0.0895429379795531,6.84663940735797e-08,0.330456134683601,0.477517549736092,0.000110950058493061,0.000110950058493061,0.808084634478186
346,923,NaN,394.000052014743,13.000100316966,NaN,0.403099848217125,0.0895429390878905,6.87966898294354e-08,0.330456134893051,0.477517550341411,0.000110950058493061,0.000110950058493061,0.808084635292955
346.1,923,NaN,394.000052264468,13.000100798592,NaN,0.403099847548751,0.0895429401962279,6.91269855848891e-08,0.3304561351025,0.477517550946731,0.000110950058493061,0.000110950058493061,0.808084636107725
346.2,923,NaN,394.000052514193,13.0001012802178,NaN,0.403099846880377,0.0895429413045652,6.94572813399407e-08,0.33045613531195,0.477517551552051,0.000110950058493061,0.000110950058493061,0.808084636922494
346.3,923,NaN,394.000052763918,13.0001017618437,NaN,0.403099846212004,0.0895429424129026,6.97875770945905e-08,0.330456135521399,0.477517552157371,0.000110950058492999,0.000110950058492999,0.808084637737263
346.4,923,NaN,394.000053013642,13.0001022434696,NaN,0.40309984554363,0.08954294352124,7.01178728488378e-08,0.330456135730849,0.47751755276269,0.000110950058493061,0.000110950058493061,0.808084638552032
346.5,923,NaN,394.000053263367,13.0001027250955,NaN,0.403099844875256,0.0895429446295773,7.04481686026835e-08,0.330456135940298,0.47751755336801,0.000110950058492999,0.000110950058492999,0.808084639366802
346.6,923,NaN,394.000053513092,13.0001032067214,NaN,0.403099844206882,0.0895429457379147,7.07784643561268e-08,0.330456136149748,0.47751755397333,0.000110950058493061,0.000110950058493061,0.808084640181571
346.7,923,NaN,394.000053762817,13.0001036883473,NaN,0.403099843538508,0.0895429468462521,7.1108760109168e-08,0.330456136359197,0.47751755457865,0.000110950058493061,0.000110950058493061,0.80808464099634
346.8,923,NaN,394.000054012542,13.0001041699732,NaN,0.403099842870134,0.0895429479545894,7.14390558618071e-08,0.330456136568647,0.47751755518397,0.000110950058493061,0.000110950058493061,0.808084641811109
346.9,923,NaN,394.000054262267,13.0001046515991,NaN,0.40309984220176,0.0895429490629268,7.17693516140442e-08,0.330456136778096,0.477517555789289,0.000110950058493061,0.000110950058493061,0.808084642625879
347,923,NaN,394.000054511992,13.000105133225,NaN,0.403099841533387,0.0895429501712642,7.20996473658793e-08,0.330456136987546,0.477517556394609,0.000110950058493061,0.000110950058493061,0.808084643440648
347.1,923,NaN,394.000054761717,13.0001056148509,NaN,0.403099840865013,0.0895429512796015,7.24299431173121e-08,0.330456137196995,0.477517556999929,0.000110950058493061,0.000110950058493061,0.808084644255417
347.2,923,NaN,394.000055011441,13.0001060964768,NaN,0.403099840196639,0.0895429523879388,7.2760238868343e-08,0.330456137406445,0.477517557605249,0.000110950058493061,0.000110950058493061,0.808084645070187
347.3,923,NaN,394.000055261166,13.0001065781027,NaN,0.403099839528265,0.0895429534962762,7.30905346189719e-08,0.330456137615894,0.477517558210568,0.000110950058492999,0.000110950058492999,0.808084645884956
347.4,923,NaN,394.000055510891,13.0001070597286,NaN,0.403099838859891,0.0895429546046135,7.34208303691985e-08,0.330456137825344,0.477517558815888,0.000110950058493061,0.000110950058493061,0.808084646699725
347.5,923,NaN,394.000055760616,13.0001075413544,NaN,0.403099838191517,0.0895429557129509,7.37511261190233e-08,0.330456138034793,0.477517559421208,0.000110950058492999,0.000110950058492999,0.808084647514494
347.6,923,NaN,394.000056010341,13.0001080229804,NaN,0.403099837523144,0.0895429568212883,7.40814218684458e-08,0.330456138244243,0.477517560026528,0.000110950058493061,0.000110950058493061,0.808084648329264
347.7,923,NaN,394.000056260066,13.0001085046062,NaN,0.40309983685477,0.0895429579296256,7.44117176174663e-08,0.330456138453692,0.477517560631848,0.000110950058493061,0.000110950058493061,0.808084649144033
347.8,923,NaN,394.000056509791,13.0001089862321,NaN,0.403099836186396,0.0895429590379629,7.47420133660846e-08,0.330456138663142,0.477517561237167,0.000110950058493061,0.000110950058493061,0.808084649958802
347.9,923,NaN,394.000056759516,13.0001094678581,NaN,0.403099835518022,0.0895429601463003,7.5072309114301e-08,0.330456138872591,0.477517561842487,0.000110950049705094,0.000110950049705094,0.808084650764784
348,923,NaN,394.00005700924,13.0001099494839,NaN,0.403099834849648,0.0895429612546376,7.54026048621152e-08,0.330456139082041,0.477517562447807,0.000110950058493061,0.000110950058493061,0.808084651588341
348.1,923,NaN,394.000057258965,13.0001104311098,NaN,0.403099834181274,0.089542962362975,7.57329006095274e-08,0.33045613929149,0.477517563053127,0.000110950058493061,0.000110950058493061,0.80808465240311
348.2,923,NaN,394.00005750869,13.0001109127357,NaN,0.403099833512901,0.0895429634713123,7.60631963565374e-08,0.33045613950094,0.477517563658446,0.000110950058493061,0.000110950058493061,0.808084653217879
348.3,923,NaN,394.000057758415,13.0001113943616,NaN,0.403099832844527,0.0895429645796497,7.63934921031455e-08,0.330456139710389,0.477517564263766,0.000110950058492999,0.000110950058492999,0.808084654032649
348.4,923,NaN,394.00005800814,13.0001118759874,NaN,0.403099832176153,0.089542965687987,7.67237878493514e-08,0.330456139919839,0.477517564869086,0.000110950049705094,0.000110950049705094,0.80808465483863
348.5,923,NaN,394.000058257865,13.0001123576133,NaN,0.403099831507779,0.0895429667963243,7.70540835951554e-08,0.330456140129288,0.477517565474406,0.000110950058492999,0.000110950058492999,0.808084655662187
348.6,923,NaN,394.00005850759,13.0001128392392,NaN,0.403099830839405,0.0895429679046617,7.73843793405571e-08,0.330456140338738,0.477517566079726,0.000110950058493061,0.000110950058493061,0.808084656476956
348.7,923,NaN,394.000058757314,13.0001133208651,NaN,0.403099830171031,0.089542969012999,7.77146750855568e-08,0.330456140548187,0.477517566685045,0.000110950049705094,0.000110950049705094,0.808084657282938
348.8,923,NaN,394.000059007039,13.000113802491,NaN,0.403099829502658,0.0895429701213363,7.80449708301544e-08,0.330456140757637,0.477517567290365,0.000110950058493061,0.000110950058493061,0.808084658106495
348.9,923,NaN,394.000059256764,13.0001142841169,NaN,0.403099828834284,0.0895429712296736,7.837526657435e-08,0.330456140967086,0.477517567895685,0.000110950058493061,0.000110950058493061,0.808084658921264
349,923,NaN,394.000059506489,13.0001147657427,NaN,0.40309982816591,0.089542972338011,7.87055623181434e-08,0.330456141176536,0.477517568501004,0.000110950049705094,0.000110950049705094,0.808084659727245
349.1,923,NaN,394.000059756214,13.0001152473687,NaN,0.403099827497536,0.0895429734463483,7.90358580615347e-08,0.330456141385985,0.477517569106324,0.000110950058493061,0.000110950058493061,0.808084660550803
349.2,923,NaN,394.000060005939,13.0001157289946,NaN,0.403099826829162,0.0895429745546856,7.93661538045239e-08,0.330456141595435,0.477517569711644,0.000110950058493061,0.000110950058493061,0.808084661365572
349.3,923,NaN,394.000060255664,13.0001162106204,NaN,0.403099826160788,0.089542975663023,7.96964495471113e-08,0.330456141804884,0.477517570316964,0.000110950049705033,0.000110950049705033,0.808084662171553
349.4,923,NaN,394.000060505389,13.0001166922463,NaN,0.403099825492415,0.0895429767713603,8.00267452892965e-08,0.330456142014334,0.477517570922283,0.000110950058493061,0.000110950058493061,0.80808466299511
349.5,923,NaN,394.000060755113,13.0001171738722,NaN,0.403099824824041,0.0895429778796976,8.03570410310796e-08,0.330456142223783,0.477517571527603,0.000110950058492999,0.000110950058492999,0.80808466380988
349.6,923,NaN,394.000061004838,13.0001176554981,NaN,0.403099824155667,0.0895429789880349,8.06873367724606e-08,0.330456142433233,0.477517572132923,0.000110950049705094,0.000110950049705094,0.808084664615861
349.7,923,NaN,394.000061254563,13.0001181371239,NaN,0.403099823487293,0.0895429800963722,8.10176325134396e-08,0.330456142642682,0.477517572738243,0.000110950058493061,0.000110950058493061,0.808084665439418
349.8,923,NaN,394.000061504288,13.0001186187498,NaN,0.403099822818919,0.0895429812047095,8.13479282540162e-08,0.330456142852132,0.477517573343562,0.000110950049705094,0.000110950049705094,0.808084666245399
349.9,923,NaN,394.000061754013,13.0001191003757,NaN,0.403099822150545,0.0895429823130469,8.16782239941911e-08,0.330456143061581,0.477517573948882,0.000110950058493061,0.000110950058493061,0.808084667068956
350,923,NaN,394.000062003738,13.0001195820016,NaN,0.403099821482172,0.0895429834213842,8.20085197339636e-08,0.330456143271031,0.477517574554202,0.000110950049705094,0.000110950049705094,0.808084667874938
350.1,923,NaN,394.000062253462,13.0001200636274,NaN,0.403099820813798,0.0895429845297215,8.23388154733342e-08,0.33045614348048,0.477517575159522,0.000110950058493061,0.000110950058493061,0.808084668698495
350.2,923,NaN,394.000062503187,13.0001205452533,NaN,0.403099820145424,0.0895429856380588,8.26691112123027e-08,0.33045614368993,0.477517575764841,0.000110950049705094,0.000110950049705094,0.808084669504476
350.3,923,NaN,394.000062752912,13.0001210268792,NaN,0.40309981947705,0.0895429867463961,8.29994069508692e-08,0.330456143899379,0.477517576370161,0.000110950058492999,0.000110950058492999,0.808084670328033
350.4,923,NaN,394.000063002637,13.0001215085051,NaN,0.403099818808676,0.0895429878547334,8.33297026890336e-08,0.330456144108829,0.477517576975481,0.000110950049705094,0.000110950049705094,0.808084671134015
350.5,923,NaN,394.000063252362,13.0001219901309,NaN,0.403099818140302,0.0895429889630708,8.3659998426796e-08,0.330456144318278,0.477517577580801,0.000110950058492999,0.000110950058492999,0.808084671957572
350.6,923,NaN,394.000063502087,13.0001224717568,NaN,0.403099817471929,0.089542990071408,8.39902941641561e-08,0.330456144527728,0.47751757818612,0.000110950049705094,0.000110950049705094,0.808084672763553
350.7,923,NaN,394.000063751812,13.0001229533827,NaN,0.403099816803555,0.0895429911797454,8.43205899011143e-08,0.330456144737177,0.47751757879144,0.000110950049705094,0.000110950049705094,0.808084673578322
350.8,923,NaN,394.000064001537,13.0001234350086,NaN,0.403099816135181,0.0895429922880827,8.46508856376704e-08,0.330456144946627,0.47751757939676,0.000110950058493061,0.000110950058493061,0.80808467440188
350.9,923,NaN,394.000064251261,13.0001239166344,NaN,0.403099815466807,0.08954299339642,8.49811813738242e-08,0.330456145156076,0.47751758000208,0.000110950049705094,0.000110950049705094,0.808084675207861
351,923,NaN,394.000064500986,13.0001243982602,NaN,0.403099814798433,0.0895429945047573,8.53114771095761e-08,0.330456145365526,0.477517580607399,0.000110950049705094,0.000110950049705094,0.80808467602263
351.1,923,NaN,394.000064750711,13.0001248798862,NaN,0.40309981413006,0.0895429956130946,8.56417728449259e-08,0.330456145574975,0.477517581212719,0.000110950058493061,0.000110950058493061,0.808084676846187
351.2,923,NaN,394.000065000436,13.000125361512,NaN,0.403099813461686,0.0895429967214319,8.59720685798735e-08,0.330456145784425,0.477517581818039,0.000110950049705094,0.000110950049705094,0.808084677652168
351.3,923,NaN,394.000065250161,13.0001258431379,NaN,0.403099812793312,0.0895429978297692,8.63023643144193e-08,0.330456145993874,0.477517582423358,0.000110950049705033,0.000110950049705033,0.808084678466937
351.4,923,NaN,394.000065499886,13.0001263247637,NaN,0.403099812124938,0.0895429989381065,8.66326600485629e-08,0.330456146203324,0.477517583028678,0.000110950058493061,0.000110950058493061,0.808084679290495
351.5,923,NaN,394.00006574961,13.0001268063896,NaN,0.403099811456564,0.0895430000464438,8.69629557823043e-08,0.330456146412773,0.477517583633998,0.000110950049705094,0.000110950049705094,0.808084680096476
351.6,923,NaN,394.000065999335,13.0001272880155,NaN,0.403099810788191,0.0895430011547811,8.7293251515644e-08,0.330456146622223,0.477517584239318,0.000110950049705033,0.000110950049705033,0.808084680911245
351.7,923,NaN,394.00006624906,13.0001277696414,NaN,0.403099810119817,0.0895430022631183,8.76235472485812e-08,0.330456146831672,0.477517584844637,0.000110950058493061,0.000110950058493061,0.808084681734802
351.8,923,NaN,394.000066498785,13.0001282512672,NaN,0.403099809451443,0.0895430033714556,8.79538429811165e-08,0.330456147041122,0.477517585449957,0.000110950049705094,0.000110950049705094,0.808084682540784
351.9,923,NaN,394.00006674851,13.000128732893,NaN,0.403099808783069,0.0895430044797929,8.82841387132497e-08,0.330456147250571,0.477517586055277,0.000110950049705094,0.000110950049705094,0.808084683355553
352,923,NaN,394.000066998235,13.000129214519,NaN,0.403099808114695,0.0895430055881302,8.86144344449807e-08,0.330456147460021,0.477517586660596,0.000110950049705094,0.000110950049705094,0.808084684170322
352.1,923,NaN,394.00006724796,13.0001296961448,NaN,0.403099807446322,0.0895430066964675,8.89447301763098e-08,0.33045614766947,0.477517587265916,0.000110950049705094,0.000110950049705094,0.808084684985091
352.2,923,NaN,394.000067497684,13.0001301777707,NaN,0.403099806777948,0.0895430078048048,8.92750259072368e-08,0.33045614787892,0.477517587871236,0.000110950058493061,0.000110950058493061,0.808084685808648
352.3,923,NaN,394.000067747409,13.0001306593965,NaN,0.403099806109574,0.0895430089131421,8.96053216377616e-08,0.330456148088369,0.477517588476556,0.000110950049705033,0.000110950049705033,0.80808468661463
352.4,923,NaN,394.000067997134,13.0001311410224,NaN,0.4030998054412,0.0895430100214794,8.99356173678845e-08,0.330456148297818,0.477517589081875,0.000110950049705094,0.000110950049705094,0.808084687429399
352.5,923,NaN,394.000068246859,13.0001316226483,NaN,0.403099804772826,0.0895430111298166,9.02659130976051e-08,0.330456148507268,0.477517589687195,0.000110950049705094,0.000110950049705094,0.808084688244168
352.6,923,NaN,394.000068496584,13.0001321042741,NaN,0.403099804104453,0.0895430122381539,9.0596208826924e-08,0.330456148716717,0.477517590292515,0.000110950049705033,0.000110950049705033,0.808084689058937
352.7,923,NaN,394.000068746309,13.0001325858999,NaN,0.403099803436079,0.0895430133464912,9.09265045558404e-08,0.330456148926167,0.477517590897834,0.000110950049705094,0.000110950049705094,0.808084689873706
352.8,923,NaN,394.000068996033,13.0001330675258,NaN,0.403099802767705,0.0895430144548285,9.12568002843549e-08,0.330456149135616,0.477517591503154,0.000110950049705094,0.000110950049705094,0.808084690688475
352.9,923,NaN,394.000069245758,13.0001335491517,NaN,0.403099802099331,0.0895430155631658,9.15870960124673e-08,0.330456149345066,0.477517592108474,0.000110950049705094,0.000110950049705094,0.808084691503245
353,923,NaN,394.000069495483,13.0001340307776,NaN,0.403099801430957,0.089543016671503,9.19173917401775e-08,0.330456149554515,0.477517592713794,0.000110950049705094,0.000110950049705094,0.808084692318014
353.1,923,NaN,394.000069745208,13.0001345124034,NaN,0.403099800762584,0.0895430177798403,9.22476874674857e-08,0.330456149763965,0.477517593319113,0.000110950049705094,0.000110950049705094,0.808084693132783
353.2,923,NaN,394.000069994933,13.0001349940292,NaN,0.40309980009421,0.0895430188881776,9.25779831943918e-08,0.330456149973414,0.477517593924433,0.000110950049705094,0.000110950049705094,0.808084693947552
353.3,923,NaN,394.000070244658,13.0001354756551,NaN,0.403099799425836,0.0895430199965148,9.29082789208961e-08,0.330456150182864,0.477517594529753,0.000110950049705033,0.000110950049705033,0.808084694762321
353.4,923,NaN,394.000070494382,13.000135957281,NaN,0.403099798757462,0.0895430211048521,9.3238574646998e-08,0.330456150392313,0.477517595135072,0.000110950049705094,0.000110950049705094,0.808084695577091
353.5,923,NaN,394.000070744107,13.0001364389068,NaN,0.403099798089088,0.0895430222131894,9.3568870372698e-08,0.330456150601763,0.477517595740392,0.000110950049705094,0.000110950049705094,0.80808469639186
353.6,923,NaN,394.000070993832,13.0001369205327,NaN,0.403099797420715,0.0895430233215267,9.3899166097996e-08,0.330456150811212,0.477517596345712,0.000110950049705033,0.000110950049705033,0.808084697206629
353.7,923,NaN,394.000071243557,13.0001374021585,NaN,0.403099796752341,0.0895430244298639,9.42294618228918e-08,0.330456151020662,0.477517596951031,0.000110950049705094,0.000110950049705094,0.808084698021398
353.8,923,NaN,394.000071493282,13.0001378837844,NaN,0.403099796083967,0.0895430255382012,9.45597575473854e-08,0.330456151230111,0.477517597556351,0.000110950049705094,0.000110950049705094,0.808084698836168
353.9,923,NaN,394.000071743007,13.0001383654103,NaN,0.403099795415593,0.0895430266465384,9.4890053271477e-08,0.330456151439561,0.477517598161671,0.000110950049705094,0.000110950049705094,0.808084699650937
354,923,NaN,394.000071992731,13.0001388470361,NaN,0.403099794747219,0.0895430277548757,9.52203489951665e-08,0.33045615164901,0.477517598766991,0.000110950049705094,0.000110950049705094,0.808084700465706
354.1,923,NaN,394.000072242456,13.0001393286619,NaN,0.403099794078846,0.089543028863213,9.55506447184538e-08,0.33045615185846,0.47751759937231,0.000110950049705094,0.000110950049705094,0.808084701280475
354.2,923,NaN,394.000072492181,13.0001398102878,NaN,0.403099793410472,0.0895430299715502,9.58809404413393e-08,0.330456152067909,0.47751759997763,0.000110950049705094,0.000110950049705094,0.808084702095244
354.3,923,NaN,394.000072741906,13.0001402919137,NaN,0.403099792742098,0.0895430310798875,9.62112361638226e-08,0.330456152277358,0.47751760058295,0.000110950049705033,0.000110950049705033,0.808084702910013
354.4,923,NaN,394.000072991631,13.0001407735395,NaN,0.403099792073724,0.0895430321882247,9.65415318859039e-08,0.330456152486808,0.477517601188269,0.000110950040917127,0.000110950040917127,0.808084703715994
354.5,923,NaN,394.000073241356,13.0001412551653,NaN,0.403099791405351,0.089543033296562,9.6871827607583e-08,0.330456152696257,0.477517601793589,0.000110950049705094,0.000110950049705094,0.808084704539552
354.6,923,NaN,394.00007349108,13.0001417367912,NaN,0.403099790736977,0.0895430344048992,9.72021233288603e-08,0.330456152905707,0.477517602398909,0.000110950049705033,0.000110950049705033,0.808084705354321
354.7,923,NaN,394.000073740805,13.000142218417,NaN,0.403099790068603,0.0895430355132365,9.75324190497352e-08,0.330456153115156,0.477517603004228,0.000110950049705094,0.000110950049705094,0.80808470616909
354.8,923,NaN,394.00007399053,13.0001427000429,NaN,0.403099789400229,0.0895430366215737,9.7862714770208e-08,0.330456153324606,0.477517603609548,0.000110950049705094,0.000110950049705094,0.808084706983859
354.9,923,NaN,394.000074240255,13.0001431816687,NaN,0.403099788731855,0.089543037729911,9.81930104902788e-08,0.330456153534055,0.477517604214868,0.000110950040917127,0.000110950040917127,0.80808470778984
355,923,NaN,394.00007448998,13.0001436632946,NaN,0.403099788063482,0.0895430388382482,9.85233062099475e-08,0.330456153743505,0.477517604820187,0.000110950049705094,0.000110950049705094,0.808084708613397
355.1,923,NaN,394.000074739705,13.0001441449204,NaN,0.403099787395108,0.0895430399465855,9.88536019292142e-08,0.330456153952954,0.477517605425507,0.000110950049705094,0.000110950049705094,0.808084709428167
355.2,923,NaN,394.000074989429,13.0001446265463,NaN,0.403099786726734,0.0895430410549227,9.91838976480788e-08,0.330456154162404,0.477517606030827,0.000110950040917127,0.000110950040917127,0.808084710234148
355.3,923,NaN,394.000075239154,13.0001451081721,NaN,0.40309978605836,0.08954304216326,9.95141933665415e-08,0.330456154371853,0.477517606636146,0.000110950049705033,0.000110950049705033,0.808084711057705
355.4,923,NaN,394.000075488879,13.0001455897979,NaN,0.403099785389987,0.0895430432715972,9.98444890846019e-08,0.330456154581303,0.477517607241466,0.000110950049705094,0.000110950049705094,0.808084711872474
355.5,923,NaN,394.000075738604,13.0001460714238,NaN,0.403099784721613,0.0895430443799345,1.0017478480226e-07,0.330456154790752,0.477517607846786,0.000110950040917127,0.000110950040917127,0.808084712678455
355.6,923,NaN,394.000075988329,13.0001465530496,NaN,0.403099784053239,0.0895430454882717,1.00505080519517e-07,0.330456155000201,0.477517608452105,0.000110950049705033,0.000110950049705033,0.808084713502012
355.7,923,NaN,394.000076238053,13.0001470346755,NaN,0.403099783384865,0.0895430465966089,1.00835376236371e-07,0.330456155209651,0.477517609057425,0.000110950049705094,0.000110950049705094,0.808084714316781
355.8,923,NaN,394.000076487778,13.0001475163013,NaN,0.403099782716491,0.0895430477049462,1.01165671952823e-07,0.330456155419101,0.477517609662745,0.000110950040917127,0.000110950040917127,0.808084715122762
355.9,923,NaN,394.000076737503,13.0001479979272,NaN,0.403099782048118,0.0895430488132834,1.01495967668873e-07,0.33045615562855,0.477517610268065,0.000110950049705094,0.000110950049705094,0.80808471594632
356,923,NaN,394.000076987228,13.000148479553,NaN,0.403099781379744,0.0895430499216206,1.01826263384521e-07,0.330456155837999,0.477517610873384,0.000110950049705094,0.000110950049705094,0.808084716761089
356.1,923,NaN,394.000077236953,13.0001489611788,NaN,0.40309978071137,0.0895430510299579,1.02156559099767e-07,0.330456156047449,0.477517611478704,0.000110950040917127,0.000110950040917127,0.80808471756707
356.2,923,NaN,394.000077486678,13.0001494428046,NaN,0.403099780042996,0.0895430521382951,1.02486854814611e-07,0.330456156256898,0.477517612084024,0.000110950049705094,0.000110950049705094,0.808084718390627
356.3,923,NaN,394.000077736402,13.0001499244305,NaN,0.403099779374623,0.0895430532466324,1.02817150529052e-07,0.330456156466348,0.477517612689343,0.000110950040917066,0.000110950040917066,0.808084719196608
356.4,923,NaN,394.000077986127,13.0001504060564,NaN,0.403099778706249,0.0895430543549696,1.03147446243092e-07,0.330456156675797,0.477517613294663,0.000110950049705094,0.000110950049705094,0.808084720020165
356.5,923,NaN,394.000078235852,13.0001508876822,NaN,0.403099778037875,0.0895430554633068,1.0347774195673e-07,0.330456156885247,0.477517613899983,0.000110950040917127,0.000110950040917127,0.808084720826146
356.6,923,NaN,394.000078485577,13.000151369308,NaN,0.403099777369501,0.089543056571644,1.03808037669965e-07,0.330456157094696,0.477517614505302,0.000110950049705033,0.000110950049705033,0.808084721649703
356.7,923,NaN,394.000078735302,13.0001518509338,NaN,0.403099776701128,0.0895430576799812,1.04138333382799e-07,0.330456157304146,0.477517615110622,0.000110950040917127,0.000110950040917127,0.808084722455685
356.8,923,NaN,394.000078985026,13.0001523325597,NaN,0.403099776032754,0.0895430587883185,1.0446862909523e-07,0.330456157513595,0.477517615715942,0.000110950049705094,0.000110950049705094,0.808084723279242
356.9,923,NaN,394.000079234751,13.0001528141855,NaN,0.40309977536438,0.0895430598966557,1.04798924807259e-07,0.330456157723045,0.477517616321261,0.000110950040917127,0.000110950040917127,0.808084724085223
357,923,NaN,394.000079484476,13.0001532958114,NaN,0.403099774696006,0.0895430610049929,1.05129220518886e-07,0.330456157932494,0.477517616926581,0.000110950049705094,0.000110950049705094,0.80808472490878
357.1,923,NaN,394.000079734201,13.0001537774372,NaN,0.403099774027632,0.0895430621133301,1.05459516230111e-07,0.330456158141943,0.477517617531901,0.000110950040917127,0.000110950040917127,0.808084725714761
357.2,923,NaN,394.000079983926,13.000154259063,NaN,0.403099773359259,0.0895430632216674,1.05789811940934e-07,0.330456158351393,0.47751761813722,0.000110950040917127,0.000110950040917127,0.80808472652953
357.3,923,NaN,394.00008023365,13.0001547406888,NaN,0.403099772690885,0.0895430643300046,1.06120107651356e-07,0.330456158560842,0.47751761874254,0.000110950049705033,0.000110950049705033,0.808084727353087
357.4,923,NaN,394.000080483375,13.0001552223147,NaN,0.403099772022511,0.0895430654383418,1.06450403361374e-07,0.330456158770292,0.47751761934786,0.000110950040917127,0.000110950040917127,0.808084728159068
357.5,923,NaN,394.0000807331,13.0001557039405,NaN,0.403099771354137,0.089543066546679,1.06780699070991e-07,0.330456158979741,0.477517619953179,0.000110950040917127,0.000110950040917127,0.808084728973838
357.6,923,NaN,394.000080982825,13.0001561855663,NaN,0.403099770685764,0.0895430676550162,1.07110994780206e-07,0.330456159189191,0.477517620558499,0.000110950049705033,0.000110950049705033,0.808084729797395
357.7,923,NaN,394.00008123255,13.0001566671922,NaN,0.40309977001739,0.0895430687633534,1.07441290489019e-07,0.33045615939864,0.477517621163819,0.000110950040917127,0.000110950040917127,0.808084730603376
357.8,923,NaN,394.000081482275,13.000157148818,NaN,0.403099769349016,0.0895430698716906,1.07771586197429e-07,0.33045615960809,0.477517621769138,0.000110950040917127,0.000110950040917127,0.808084731418145
357.9,923,NaN,394.000081731999,13.0001576304438,NaN,0.403099768680642,0.0895430709800279,1.08101881905437e-07,0.330456159817539,0.477517622374458,0.000110950049705094,0.000110950049705094,0.808084732241702
358,923,NaN,394.000081981724,13.0001581120696,NaN,0.403099768012269,0.0895430720883651,1.08432177613044e-07,0.330456160026988,0.477517622979777,0.000110950040917127,0.000110950040917127,0.808084733047683
358.1,923,NaN,394.000082231449,13.0001585936955,NaN,0.403099767343895,0.0895430731967023,1.08762473320248e-07,0.330456160236438,0.477517623585097,0.000110950040917127,0.000110950040917127,0.808084733862452
358.2,923,NaN,394.000082481174,13.0001590753213,NaN,0.403099766675521,0.0895430743050395,1.09092769027051e-07,0.330456160445887,0.477517624190417,0.000110950049705094,0.000110950049705094,0.808084734686009
358.3,923,NaN,394.000082730899,13.0001595569471,NaN,0.403099766007147,0.0895430754133767,1.09423064733451e-07,0.330456160655337,0.477517624795736,0.000110950040917127,0.000110950040917127,0.80808473549199
358.4,923,NaN,394.000082980623,13.0001600385729,NaN,0.403099765338774,0.0895430765217139,1.09753360439449e-07,0.330456160864786,0.477517625401056,0.000110950040917066,0.000110950040917066,0.80808473630676
358.5,923,NaN,394.000083230348,13.0001605201987,NaN,0.4030997646704,0.0895430776300511,1.10083656145045e-07,0.330456161074236,0.477517626006376,0.000110950040917127,0.000110950040917127,0.808084737121528
358.6,923,NaN,394.000083480073,13.0001610018246,NaN,0.403099764002026,0.0895430787383883,1.10413951850239e-07,0.330456161283685,0.477517626611695,0.000110950040917066,0.000110950040917066,0.808084737936298
358.7,923,NaN,394.000083729798,13.0001614834504,NaN,0.403099763333652,0.0895430798467255,1.10744247555031e-07,0.330456161493135,0.477517627217015,0.000110950049705094,0.000110950049705094,0.808084738759855
358.8,923,NaN,394.000083979523,13.0001619650762,NaN,0.403099762665279,0.0895430809550627,1.1107454325942e-07,0.330456161702584,0.477517627822335,0.000110950040917127,0.000110950040917127,0.808084739565836
358.9,923,NaN,394.000084229247,13.000162446702,NaN,0.403099761996905,0.0895430820633999,1.11404838963408e-07,0.330456161912034,0.477517628427654,0.000110950040917127,0.000110950040917127,0.808084740380605
359,923,NaN,394.000084478972,13.0001629283279,NaN,0.403099761328531,0.0895430831717371,1.11735134666994e-07,0.330456162121483,0.477517629032974,0.000110950040917127,0.000110950040917127,0.808084741195374
359.1,923,NaN,394.000084728697,13.0001634099537,NaN,0.403099760660157,0.0895430842800743,1.12065430370177e-07,0.330456162330932,0.477517629638293,0.000110950040917127,0.000110950040917127,0.808084742010143
359.2,923,NaN,394.000084978422,13.0001638915795,NaN,0.403099759991784,0.0895430853884115,1.12395726072959e-07,0.330456162540382,0.477517630243613,0.000110950040917127,0.000110950040917127,0.808084742824912
359.3,923,NaN,394.000085228147,13.0001643732053,NaN,0.40309975932341,0.0895430864967486,1.12726021775338e-07,0.330456162749831,0.477517630848933,0.000110950040917127,0.000110950040917127,0.808084743639681
359.4,923,NaN,394.000085477871,13.0001648548312,NaN,0.403099758655036,0.0895430876050858,1.13056317477315e-07,0.330456162959281,0.477517631454252,0.000110950040917066,0.000110950040917066,0.80808474445445
359.5,923,NaN,394.000085727596,13.0001653364569,NaN,0.403099757986662,0.0895430887134228,1.13386613121754e-07,0.33045616316873,0.477517632059572,0.00011095003212916,0.00011095003212916,0.808084745260431
359.6,923,NaN,394.000085977318,13.0001658180769,NaN,0.403099757318297,0.0895430898217466,1.1371690484571e-07,0.330456163378177,0.477517632664884,0.000110948705146108,0.000110948705146108,0.808084744748208
359.7,923,NaN,394.000086227035,13.0001662996876,NaN,0.403099756649944,0.0895430909300492,1.1404719021135e-07,0.33045616358762,0.477517633270185,0.00011094656967023,0.00011094656967023,0.808084743427475
359.8,923,NaN,394.000086476747,13.0001667812889,NaN,0.403099755981604,0.0895430920383299,1.14377469086111e-07,0.330456163797059,0.477517633875474,0.00011094438146649,0.00011094438146649,0.808084742053999
359.9,923,NaN,394.000086726454,13.0001672628805,NaN,0.403099755313278,0.0895430931465884,1.14707741339281e-07,0.330456164006493,0.47751763448075,0.00011094216689885,0.00011094216689885,0.808084740654142
360,923,NaN,394.000086976156,13.0001677444624,NaN,0.403099754644965,0.0895430942548242,1.15038006842003e-07,0.330456164215924,0.477517635086015,0.000110939899603408,0.000110939899603408,0.808084739201542
360.1,923,NaN,394.000087225853,13.0001682260341,NaN,0.403099753976667,0.089543095363037,1.15368265467269e-07,0.33045616442535,0.477517635691266,0.000110937588368132,0.000110937588368132,0.808084737704984
360.2,923,NaN,394.000087475544,13.0001687075956,NaN,0.403099753308382,0.0895430964712263,1.15698517089926e-07,0.330456164634771,0.477517636296505,0.000110935233193023,0.000110935233193023,0.808084736164469
360.3,923,NaN,394.00008772523,13.0001691891468,NaN,0.403099752640112,0.0895430975793916,1.16028761586671e-07,0.330456164844188,0.477517636901731,0.000110932842866045,0.000110932842866045,0.808084734588785
360.4,923,NaN,394.000087974911,13.0001696706874,NaN,0.403099751971857,0.0895430986875327,1.16358998836056e-07,0.3304561650536,0.477517637506944,0.000110930399811206,0.000110930399811206,0.808084732960355
360.5,923,NaN,394.000088224586,13.0001701522172,NaN,0.403099751303616,0.089543099795649,1.16689228718483e-07,0.330456165263008,0.477517638112142,0.000110927939180555,0.000110927939180555,0.808084731314331
360.6,923,NaN,394.000088474255,13.0001706337361,NaN,0.403099750635391,0.0895431009037402,1.17019451116207e-07,0.330456165472411,0.477517638717328,0.000110925417034014,0.000110925417034014,0.808084729606773
360.7,923,NaN,394.000088723919,13.0001711152439,NaN,0.403099749967181,0.0895431020118059,1.17349665913336e-07,0.330456165681809,0.477517639322499,0.000110922859735729,0.000110922859735729,0.808084727864044
360.8,923,NaN,394.000088973577,13.0001715967406,NaN,0.403099749298986,0.0895431031198458,1.17679872995831e-07,0.330456165891202,0.477517639927656,0.000110920276073482,0.000110920276073482,0.808084726094932
360.9,923,NaN,394.000089223229,13.0001720782257,NaN,0.403099748630808,0.0895431042278593,1.18010072251503e-07,0.330456166100591,0.477517640532799,0.000110917639683433,0.000110917639683433,0.808084724273073
361,923,NaN,394.000089472874,13.0001725596993,NaN,0.403099747962645,0.0895431053358462,1.18340263570017e-07,0.330456166309974,0.477517641137928,0.000110914985717451,0.000110914985717451,0.808084722433619
361.1,923,NaN,394.000089722514,13.0001730411613,NaN,0.403099747294499,0.0895431064438062,1.1867044684289e-07,0.330456166519352,0.477517641743041,0.000110912270235702,0.000110912270235702,0.808084720532629
361.2,923,NaN,394.000089972148,13.0001735226112,NaN,0.403099746626369,0.0895431075517387,1.19000621963493e-07,0.330456166728725,0.47751764234814,0.000110909537178018,0.000110909537178018,0.808084718614043
361.3,923,NaN,394.000090221775,13.0001740040492,NaN,0.403099745958256,0.0895431086596436,1.19330788827045e-07,0.330456166938093,0.477517642953223,0.000110906760180501,0.000110906760180501,0.808084716651497
361.4,923,NaN,394.000090471396,13.0001744854749,NaN,0.40309974529016,0.0895431097675204,1.19660947330623e-07,0.330456167147455,0.477517643558291,0.000110903956819021,0.000110903956819021,0.808084714662566
361.5,923,NaN,394.000090721011,13.0001749668884,NaN,0.403099744622081,0.0895431108753688,1.19991097373152e-07,0.330456167356812,0.477517644163344,0.000110901118305797,0.000110901118305797,0.808084712638462
361.6,923,NaN,394.000090970619,13.0001754482893,NaN,0.403099743954019,0.0895431119831885,1.20321238855411e-07,0.330456167566164,0.477517644768381,0.000110898235852616,0.000110898235852616,0.808084710570398
361.7,923,NaN,394.000091220221,13.0001759296776,NaN,0.403099743285975,0.0895431130909791,1.2065137168003e-07,0.33045616777551,0.477517645373402,0.000110895327035658,0.000110895327035658,0.808084708475948
361.8,923,NaN,394.000091469816,13.0001764110532,NaN,0.403099742617949,0.0895431141987404,1.20981495751495e-07,0.330456167984851,0.477517645978407,0.000110892391854737,0.000110892391854737,0.808084706355113
361.9,923,NaN,394.000091719404,13.0001768924158,NaN,0.40309974194994,0.089543115306472,1.21311610976141e-07,0.330456168194186,0.477517646583396,0.000110889412733983,0.000110889412733983,0.808084704190316
362,923,NaN,394.000091968986,13.0001773737654,NaN,0.40309974128195,0.0895431164141736,1.21641717262155e-07,0.330456168403515,0.477517647188369,0.000110886416037294,0.000110886416037294,0.808084702007921
362.1,923,NaN,394.00009221856,13.0001778551018,NaN,0.403099740613977,0.0895431175218449,1.21971814519579e-07,0.330456168612839,0.477517647793325,0.000110883384188739,0.000110883384188739,0.808084699790352
362.2,923,NaN,394.000092468128,13.000178336425,NaN,0.403099739946024,0.0895431186294856,1.22301902660306e-07,0.330456168822156,0.477517648398264,0.000110880317188316,0.000110880317188316,0.808084697537608
362.3,923,NaN,394.000092717689,13.0001788177348,NaN,0.403099739278089,0.0895431197370954,1.22631981598081e-07,0.330456169031468,0.477517649003186,0.000110877223823992,0.000110877223823992,0.808084695258479
362.4,923,NaN,394.000092967243,13.000179299031,NaN,0.403099738610172,0.089543120844674,1.22962051248502e-07,0.330456169240774,0.477517649608092,0.000110874112883674,0.000110874112883674,0.80808469296175
362.5,923,NaN,394.00009321679,13.0001797803135,NaN,0.403099737942275,0.0895431219522212,1.23292111529018e-07,0.330456169450075,0.47751765021298,0.000110870958003644,0.000110870958003644,0.808084690621058
362.6,923,NaN,394.00009346633,13.0001802615822,NaN,0.403099737274397,0.0895431230597367,1.23622162358933e-07,0.330456169659369,0.477517650817851,0.000110867785547558,0.000110867785547558,0.808084688262767
362.7,923,NaN,394.000093715862,13.0001807428371,NaN,0.403099736606538,0.0895431241672203,1.239522036594e-07,0.330456169868657,0.477517651422704,0.000110864586727694,0.000110864586727694,0.808084685878089
362.8,923,NaN,394.000093965387,13.0001812240779,NaN,0.403099735938698,0.0895431252746715,1.24282235353427e-07,0.330456170077939,0.47751765202754,0.000110861361543868,0.000110861361543868,0.808084683467023
362.9,923,NaN,394.000094214905,13.0001817053047,NaN,0.403099735270878,0.0895431263820903,1.24612257365874e-07,0.330456170287215,0.477517652632358,0.000110858101208175,0.000110858101208175,0.808084681020781
363,923,NaN,394.000094464416,13.0001821865172,NaN,0.403099734603078,0.0895431274894764,1.24942269623453e-07,0.330456170496484,0.477517653237158,0.000110854832084515,0.000110854832084515,0.808084678565727
363.1,923,NaN,394.000094713919,13.0001826677154,NaN,0.403099733935298,0.0895431285968295,1.25272272054726e-07,0.330456170705748,0.47751765384194,0.000110851527808988,0.000110851527808988,0.808084676075497
363.2,923,NaN,394.000094963414,13.0001831488991,NaN,0.403099733267538,0.0895431297041494,1.25602264590112e-07,0.330456170915005,0.477517654446704,0.000110848205957527,0.000110848205957527,0.808084673567667
363.3,923,NaN,394.000095212902,13.0001836300683,NaN,0.403099732599798,0.0895431308114358,1.25932247161879e-07,0.330456171124256,0.47751765505145,0.000110844857742166,0.000110844857742166,0.808084671033448
363.4,923,NaN,394.000095462383,13.0001841112229,NaN,0.403099731932078,0.0895431319186886,1.26262219704148e-07,0.3304561713335,0.477517655656177,0.000110841483162842,0.000110841483162842,0.808084668472841
363.5,923,NaN,394.000095711856,13.0001845923628,NaN,0.403099731264378,0.0895431330259076,1.26592182152893e-07,0.330456171542739,0.477517656260886,0.000110838099795675,0.000110838099795675,0.808084665903421
363.6,923,NaN,394.000095961321,13.0001850734879,NaN,0.403099730596699,0.0895431341330924,1.2692213444594e-07,0.33045617175197,0.477517656865576,0.000110834690064485,0.000110834690064485,0.808084663307611
363.7,923,NaN,394.000096210778,13.0001855545981,NaN,0.403099729929041,0.089543135240243,1.27252076522967e-07,0.330456171961195,0.477517657470248,0.000110831253969516,0.000110831253969516,0.808084660685413
363.8,923,NaN,394.000096460228,13.0001860356933,NaN,0.403099729261404,0.0895431363473591,1.27582008325505e-07,0.330456172170414,0.477517658074901,0.000110827800298553,0.000110827800298553,0.808084658045614
363.9,923,NaN,394.00009670967,13.0001865167734,NaN,0.403099728593788,0.0895431374544405,1.27911929796937e-07,0.330456172379626,0.477517658679534,0.000110824337839623,0.000110824337839623,0.808084655397
364,923,NaN,394.000096959104,13.0001869978383,NaN,0.403099727926192,0.0895431385614871,1.28241840882497e-07,0.330456172588832,0.477517659284149,0.000110820840228826,0.000110820840228826,0.80808465271321
364.1,923,NaN,394.00009720853,13.0001874788881,NaN,0.403099727258618,0.0895431396684986,1.28571741529275e-07,0.330456172798031,0.477517659888745,0.000110817342618028,0.000110817342618028,0.808084650029394
364.2,923,NaN,394.000097457948,13.0001879599226,NaN,0.403099726591065,0.0895431407754749,1.2890163168621e-07,0.330456173007223,0.477517660493321,0.000110813809855363,0.000110813809855363,0.8080846473104
364.3,923,NaN,394.000097707358,13.0001884409417,NaN,0.403099725923533,0.0895431418824159,1.29231511304094e-07,0.330456173216409,0.477517661097878,0.000110810277092699,0.000110810277092699,0.80808464459138
364.4,923,NaN,394.00009795676,13.0001889219454,NaN,0.403099725256023,0.0895431429893214,1.29561380335573e-07,0.330456173425587,0.477517661702416,0.000110806717966072,0.000110806717966072,0.80808464184597
364.5,923,NaN,394.000098206154,13.0001894029335,NaN,0.403099724588534,0.0895431440961912,1.29891238735143e-07,0.33045617363476,0.477517662306934,0.000110803150051601,0.000110803150051601,0.808084639091745
364.6,923,NaN,394.00009845554,13.0001898839061,NaN,0.403099723921066,0.0895431452030251,1.30221086459155e-07,0.330456173843925,0.477517662911433,0.000110799555773169,0.000110799555773169,0.808084636311131
364.7,923,NaN,394.000098704918,13.000190364863,NaN,0.403099723253621,0.0895431463098231,1.30550923465809e-07,0.330456174053083,0.477517663515912,0.000110795961494675,0.000110795961494675,0.80808463353049
364.8,923,NaN,394.000098954288,13.0001908458043,NaN,0.403099722586197,0.089543147416585,1.3088074971516e-07,0.330456174262235,0.477517664120371,0.00011079234964037,0.00011079234964037,0.808084630732247
364.9,923,NaN,394.00009920365,13.0001913267298,NaN,0.403099721918795,0.0895431485233107,1.31210565169115e-07,0.33045617447138,0.477517664724811,0.00011078872021007,0.00011078872021007,0.808084627916401
365,923,NaN,394.000099453003,13.0001918076396,NaN,0.403099721251415,0.08954314963,1.31540369791432e-07,0.330456174680518,0.47751766532923,0.000110785081991803,0.000110785081991803,0.80808462509174
365.1,923,NaN,394.000099702349,13.0001922885335,NaN,0.403099720584057,0.0895431507366529,1.31870163547724e-07,0.330456174889649,0.47751766593363,0.000110781426197603,0.000110781426197603,0.808084622249477
365.2,923,NaN,394.000099951686,13.0001927694115,NaN,0.403099719916721,0.0895431518432692,1.32199946405453e-07,0.330456175098773,0.47751766653801,0.000110777779191369,0.000110777779191369,0.808084619415975
365.3,923,NaN,394.000100201015,13.0001932502736,NaN,0.403099719249407,0.0895431529498488,1.32529718333936e-07,0.330456175307891,0.477517667142369,0.000110774097033269,0.000110774097033269,0.808084616547294
365.4,923,NaN,394.000100450335,13.0001937311196,NaN,0.403099718582116,0.0895431540563916,1.3285947930434e-07,0.330456175517001,0.477517667746709,0.000110770414875106,0.000110770414875106,0.808084613678585
365.5,923,NaN,394.000100699647,13.0001942119497,NaN,0.403099717914846,0.0895431551628976,1.33189229289688e-07,0.330456175726104,0.477517668351028,0.000110766732717067,0.000110766732717067,0.80808461080985
365.6,923,NaN,394.000100948951,13.0001946927637,NaN,0.403099717247599,0.0895431562693667,1.33518968264851e-07,0.330456175935201,0.477517668955328,0.000110763032983032,0.000110763032983032,0.808084607923512
365.7,923,NaN,394.000101198247,13.0001951735617,NaN,0.403099716580374,0.0895431573757987,1.33848696206555e-07,0.33045617614429,0.477517669559607,0.00011075932446097,0.00011075932446097,0.808084605028358
365.8,923,NaN,394.000101447534,13.0001956543435,NaN,0.403099715913172,0.0895431584821936,1.34178413093378e-07,0.330456176353373,0.477517670163866,0.000110755607151063,0.000110755607151063,0.80808460212439
365.9,923,NaN,394.000101696813,13.0001961351092,NaN,0.403099715245992,0.0895431595885514,1.34508118905751e-07,0.330456176562448,0.477517670768104,0.000110751889841095,0.000110751889841095,0.808084599220393
366,923,NaN,394.000101946083,13.0001966158586,NaN,0.403099714578834,0.0895431606948719,1.34837813625955e-07,0.330456176771516,0.477517671372323,0.00011074816374316,0.00011074816374316,0.808084596307582
366.1,923,NaN,394.000102195345,13.0001970965919,NaN,0.403099713911699,0.0895431618011552,1.35167497238125e-07,0.330456176980578,0.47751767197652,0.000110744437645225,0.000110744437645225,0.808084593394743
366.2,923,NaN,394.000102444598,13.0001975773089,NaN,0.403099713244586,0.0895431629074011,1.35497169728249e-07,0.330456177189632,0.477517672580698,0.000110740693971356,0.000110740693971356,0.808084590464301
366.3,923,NaN,394.000102693844,13.0001980580098,NaN,0.403099712577496,0.0895431640136097,1.35826831084166e-07,0.330456177398679,0.477517673184855,0.000110736959085455,0.000110736959085455,0.80808458754262
366.4,923,NaN,394.00010294308,13.0001985386944,NaN,0.403099711910429,0.0895431651197809,1.36156481295569e-07,0.330456177607719,0.477517673788992,0.000110733215411524,0.000110733215411524,0.808084584612122
366.5,923,NaN,394.000103192309,13.0001990193627,NaN,0.403099711243384,0.0895431662259147,1.36486120354e-07,0.330456177816752,0.477517674393108,0.000110729471737717,0.000110729471737717,0.808084581681598
366.6,923,NaN,394.000103441529,13.0001995000148,NaN,0.403099710576361,0.089543167332011,1.36815748252858e-07,0.330456178025778,0.477517674997204,0.000110725710487915,0.000110725710487915,0.80808457873347
366.7,923,NaN,394.00010369074,13.0001999806505,NaN,0.403099709909361,0.0895431684380698,1.37145364987391e-07,0.330456178234797,0.477517675601279,0.000110721975601952,0.000110721975601952,0.808084575811678
366.8,923,NaN,394.000103939943,13.00020046127,NaN,0.403099709242384,0.0895431695440912,1.374749705547e-07,0.330456178443809,0.477517676205334,0.000110718214352211,0.000110718214352211,0.808084572863495
366.9,923,NaN,394.000104189138,13.0002009418732,NaN,0.403099708575429,0.0895431706500751,1.37804564953739e-07,0.330456178652813,0.477517676809368,0.000110714470678342,0.000110714470678342,0.80808456993286
367,923,NaN,394.000104438324,13.0002014224601,NaN,0.403099707908498,0.0895431717560215,1.38134148185315e-07,0.330456178861811,0.477517677413382,0.00011071070942854,0.00011071070942854,0.808084566984621
367.1,923,NaN,394.000104687501,13.0002019030307,NaN,0.403099707241588,0.0895431728619305,1.38463720252084e-07,0.330456179070802,0.477517678017375,0.000110706965754671,0.000110706965754671,0.808084564053932
367.2,923,NaN,394.00010493667,13.0002023835851,NaN,0.403099706574701,0.089543173967802,1.38793281158559e-07,0.330456179279785,0.477517678621348,0.000110703213292836,0.000110703213292836,0.808084561114426
367.3,923,NaN,394.000105185831,13.0002028641232,NaN,0.403099705907837,0.0895431750736361,1.39122830911103e-07,0.330456179488761,0.477517679225301,0.000110699469618967,0.000110699469618967,0.808084558183681
367.4,923,NaN,394.000105434984,13.000203344645,NaN,0.403099705240995,0.0895431761794328,1.3945236951793e-07,0.330456179697731,0.477517679829233,0.000110695725945037,0.000110695725945037,0.808084555252909
367.5,923,NaN,394.000105684128,13.0002038251507,NaN,0.403099704574176,0.0895431772851921,1.39781896989109e-07,0.330456179906693,0.477517680433145,0.00011069198227123,0.00011069198227123,0.808084552322109
367.6,923,NaN,394.000105933263,13.0002043056401,NaN,0.403099703907379,0.0895431783909141,1.4011141333656e-07,0.330456180115648,0.477517681037036,0.000110688247385328,0.000110688247385328,0.80808454940007
367.7,923,NaN,394.00010618239,13.0002047861132,NaN,0.403099703240605,0.0895431794965988,1.40440918574055e-07,0.330456180324596,0.477517681640907,0.000110684521287332,0.000110684521287332,0.808084546486791
367.8,923,NaN,394.000106431509,13.0002052665702,NaN,0.403099702573853,0.0895431806022463,1.4077041271722e-07,0.330456180533538,0.477517682244757,0.000110680786401491,0.000110680786401491,0.808084543564697
367.9,923,NaN,394.000106680619,13.0002057470112,NaN,0.403099701907124,0.0895431817078566,1.41099895783531e-07,0.330456180742472,0.477517682848588,0.000110677069091523,0.000110677069091523,0.808084540660151
368,923,NaN,394.000106929721,13.0002062274358,NaN,0.403099701240417,0.0895431828134298,1.41429367792318e-07,0.330456180951399,0.477517683452398,0.000110673351781555,0.000110673351781555,0.808084537755578
368.1,923,NaN,394.000107178815,13.0002067078445,NaN,0.403099700573733,0.089543183918966,1.41758828764763e-07,0.330456181160319,0.477517684056188,0.000110669643259554,0.000110669643259554,0.808084534859766
368.2,923,NaN,394.0001074279,13.0002071882371,NaN,0.40309969990707,0.0895431850244652,1.420882787239e-07,0.330456181369232,0.477517684659957,0.000110665952313486,0.000110665952313486,0.808084531981503
368.3,923,NaN,394.000107676977,13.0002076686136,NaN,0.40309969924043,0.0895431861299276,1.42417717694617e-07,0.330456181578138,0.477517685263707,0.000110662252579452,0.000110662252579452,0.808084529094425
368.4,923,NaN,394.000107926046,13.0002081489742,NaN,0.403099698573812,0.0895431872353531,1.42747145703652e-07,0.330456181787037,0.477517685867436,0.000110658570421289,0.000110658570421289,0.808084526224895
368.5,923,NaN,394.000108175107,13.0002086293188,NaN,0.403099697907216,0.089543188340742,1.43076562779596e-07,0.33045618199593,0.477517686471146,0.000110654905839184,0.000110654905839184,0.808084523372914
368.6,923,NaN,394.000108424159,13.0002091096476,NaN,0.403099697240643,0.0895431894460943,1.43405968952893e-07,0.330456182204815,0.477517687074835,0.000110651241257016,0.000110651241257016,0.808084520520907
368.7,923,NaN,394.000108673203,13.0002095899605,NaN,0.403099696574091,0.0895431905514101,1.4373536425584e-07,0.330456182413693,0.477517687678504,0.000110647585462755,0.000110647585462755,0.808084517677661
368.8,923,NaN,394.000108922239,13.0002100702576,NaN,0.403099695907561,0.0895431916566896,1.44064748722585e-07,0.330456182622565,0.477517688282154,0.000110643947244549,0.000110643947244549,0.808084514851964
368.9,923,NaN,394.000109171266,13.0002105505389,NaN,0.403099695241053,0.0895431927619328,1.44394122389128e-07,0.33045618283143,0.477517688885784,0.00011064031781425,0.00011064031781425,0.808084512035028
369,923,NaN,394.000109420286,13.0002110308045,NaN,0.403099694574567,0.0895431938671399,1.44723485293323e-07,0.330456183040288,0.477517689489394,0.000110636705959883,0.000110636705959883,0.808084509235642
369.1,923,NaN,394.000109669297,13.0002115110545,NaN,0.403099693908103,0.089543194972311,1.45052837474875e-07,0.330456183249139,0.477517690092984,0.000110633102893484,0.000110633102893484,0.808084506445017
369.2,923,NaN,394.000109918301,13.000211991289,NaN,0.40309969324166,0.0895431960774463,1.45382178975342e-07,0.330456183457983,0.477517690696555,0.000110629508615051,0.000110629508615051,0.808084503663154
369.3,923,NaN,394.000110167296,13.0002124715079,NaN,0.403099692575238,0.0895431971825459,1.45711509838134e-07,0.330456183666821,0.477517691300107,0.000110625940700519,0.000110625940700519,0.808084500907628
369.4,923,NaN,394.000110416283,13.0002129517114,NaN,0.403099691908838,0.0895431982876099,1.46040830108514e-07,0.330456183875652,0.477517691903639,0.00011062239036186,0.00011062239036186,0.808084498169652
369.5,923,NaN,394.000110665262,13.0002134318994,NaN,0.40309969124246,0.0895431993926386,1.46370139833597e-07,0.330456184084476,0.477517692507151,0.000110618840023323,0.000110618840023323,0.80808449543165
369.6,923,NaN,394.000110914234,13.0002139120722,NaN,0.403099690576103,0.089543200497632,1.46699439062351e-07,0.330456184293293,0.477517693110645,0.000110615307260658,0.000110615307260658,0.808084492711199
369.7,923,NaN,394.000111163197,13.0002143922298,NaN,0.403099689909766,0.0895432016025904,1.47028727845594e-07,0.330456184502104,0.477517693714119,0.000110611809649799,0.000110611809649799,0.808084490025873
369.8,923,NaN,394.000111412153,13.0002148723722,NaN,0.403099689243451,0.0895432027075139,1.47358006235998e-07,0.330456184710908,0.477517694317574,0.000110608312039063,0.000110608312039063,0.808084487340522
369.9,923,NaN,394.000111661101,13.0002153524995,NaN,0.403099688577157,0.0895432038124027,1.47687274288089e-07,0.330456184919706,0.47751769492101,0.000110604849580133,0.000110604849580133,0.808084484690297
370,923,NaN,394.000111910041,13.0002158326119,NaN,0.403099687910884,0.089543204917257,1.48016532058243e-07,0.330456185128497,0.477517695524428,0.000110601387121203,0.000110601387121203,0.808084482040046
370.1,923,NaN,394.000112158973,13.0002163127093,NaN,0.403099687244631,0.089543206022077,1.48345779604688e-07,0.330456185337282,0.477517696127827,0.000110597951026173,0.000110597951026173,0.808084479416135
370.2,923,NaN,394.000112407898,13.0002167927919,NaN,0.403099686578399,0.0895432071268629,1.48675016987507e-07,0.33045618554606,0.477517696731207,0.000110594541295044,0.000110594541295044,0.808084476818562
370.3,923,NaN,394.000112656815,13.0002172728598,NaN,0.403099685912187,0.0895432082316149,1.49004244268633e-07,0.330456185754832,0.477517697334568,0.000110591149139848,0.000110591149139848,0.80808447423854
370.4,923,NaN,394.000112905724,13.000217752913,NaN,0.403099685245996,0.0895432093363333,1.49333461511852e-07,0.330456185963598,0.477517697937911,0.000110587774560525,0.000110587774560525,0.80808447167607
370.5,923,NaN,394.000113154626,13.0002182329517,NaN,0.403099684579824,0.0895432104410181,1.49662668782803e-07,0.330456186172357,0.477517698541236,0.000110584426345225,0.000110584426345225,0.808084469139939
370.6,923,NaN,394.00011340352,13.000218712976,NaN,0.403099683913673,0.0895432115456697,1.49991866148977e-07,0.33045618638111,0.477517699144543,0.000110581095705797,0.000110581095705797,0.808084466621359
370.7,923,NaN,394.000113652407,13.0002191929859,NaN,0.403099683247542,0.0895432126502884,1.50321053679716e-07,0.330456186589857,0.477517699747832,0.000110577791430209,0.000110577791430209,0.808084464129118
370.8,923,NaN,394.000113901287,13.0002196729816,NaN,0.40309968258143,0.0895432137548742,1.50650231446216e-07,0.330456186798597,0.477517700351102,0.000110574513518643,0.000110574513518643,0.808084461663218
370.9,923,NaN,394.000114150159,13.0002201529631,NaN,0.403099681915338,0.0895432148594276,1.50979399521526e-07,0.330456187007332,0.477517700954355,0.000110571261970917,0.000110571261970917,0.808084459223658
371,923,NaN,394.000114399024,13.0002206329306,NaN,0.403099681249266,0.0895432159639486,1.51308557980545e-07,0.33045618721606,0.477517701557591,0.000110568027999124,0.000110568027999124,0.80808445680165
371.1,923,NaN,394.000114647881,13.0002211128843,NaN,0.403099680583213,0.0895432170684377,1.51637706900027e-07,0.330456187424782,0.477517702160809,0.000110564829179199,0.000110564829179199,0.80808445441477
371.2,923,NaN,394.000114896732,13.0002215928241,NaN,0.403099679917179,0.089543218172895,1.51966846358575e-07,0.330456187633498,0.477517702764009,0.000110561639147241,0.000110561639147241,0.808084452036655
371.3,923,NaN,394.000115145575,13.0002220727502,NaN,0.403099679251164,0.0895432192773208,1.52295976436648e-07,0.330456187842209,0.477517703367193,0.000110558501843083,0.000110558501843083,0.808084449711244
371.4,923,NaN,394.000115394412,13.0002225526628,NaN,0.403099678585168,0.0895432203817155,1.52625097216555e-07,0.330456188050913,0.477517703970359,0.000110555364538926,0.000110555364538926,0.808084447385811
371.5,923,NaN,394.000115643241,13.000223032562,NaN,0.40309967791919,0.0895432214860792,1.52954208782458e-07,0.330456188259611,0.477517704573509,0.000110552279962508,0.000110552279962508,0.808084445113083
371.6,923,NaN,394.000115892064,13.0002235124478,NaN,0.403099677253231,0.0895432225904123,1.53283311220372e-07,0.330456188468304,0.477517705176641,0.000110549212962146,0.000110549212962146,0.808084442857907
371.7,923,NaN,394.00011614088,13.0002239923205,NaN,0.40309967658729,0.089543223694715,1.53612404618163e-07,0.330456188676991,0.477517705779758,0.000110546172325562,0.000110546172325562,0.808084440629074
371.8,923,NaN,394.000116389689,13.00022447218,NaN,0.403099675921367,0.0895432247989877,1.5394148906555e-07,0.330456188885672,0.477517706382857,0.000110543166840969,0.000110543166840969,0.808084438435371
371.9,923,NaN,394.000116638491,13.0002249520268,NaN,0.403099675255463,0.0895432259032307,1.54270564654105e-07,0.330456189094348,0.477517706985941,0.000110540196508181,0.000110540196508181,0.808084436276797
372,923,NaN,394.000116887287,13.0002254318607,NaN,0.403099674589576,0.0895432270074443,1.54599631477252e-07,0.330456189303018,0.477517707589008,0.000110537243751327,0.000110537243751327,0.808084434135778
372.1,923,NaN,394.000117136076,13.0002259116819,NaN,0.403099673923706,0.0895432281116288,1.54928689630267e-07,0.330456189511683,0.47751770819206,0.000110534334934307,0.000110534334934307,0.808084432038677
372.2,923,NaN,394.000117384858,13.0002263914907,NaN,0.403099673257854,0.0895432292157845,1.55257739210278e-07,0.330456189720342,0.477517708795096,0.000110531452481187,0.000110531452481187,0.808084429967919
372.3,923,NaN,394.000117633634,13.000226871287,NaN,0.403099672592019,0.0895432303199117,1.55586780316266e-07,0.330456189928996,0.477517709398116,0.000110528613967902,0.000110528613967902,0.80808442794108
372.4,923,NaN,394.000117882404,13.0002273510712,NaN,0.403099671926201,0.0895432314240109,1.55915813049065e-07,0.330456190137644,0.477517710001121,0.00011052579303055,0.00011052579303055,0.808084425931796
372.5,923,NaN,394.000118131168,13.0002278308434,NaN,0.4030996712604,0.0895432325280824,1.5624483751136e-07,0.330456190346288,0.477517710604111,0.000110523016032971,0.000110523016032971,0.808084423966432
372.6,923,NaN,394.000118379925,13.0002283106036,NaN,0.403099670594615,0.0895432336321264,1.56573853807689e-07,0.330456190554926,0.477517711207086,0.000110520274187382,0.000110520274187382,0.808084422036199
372.7,923,NaN,394.000118628677,13.0002287903522,NaN,0.403099669928846,0.0895432347361434,1.56902862044443e-07,0.330456190763559,0.477517711810046,0.000110517567493538,0.000110517567493538,0.808084420141098
372.8,923,NaN,394.000118877422,13.000229270089,NaN,0.403099669263094,0.0895432358401337,1.57231862329863e-07,0.330456190972187,0.477517712412991,0.000110514895951684,0.000110514895951684,0.80808441828113
372.9,923,NaN,394.000119126162,13.0002297498144,NaN,0.403099668597357,0.0895432369440976,1.57560854774046e-07,0.33045619118081,0.477517713015922,0.000110512268349602,0.000110512268349602,0.808084416465082
373,923,NaN,394.000119374895,13.0002302295286,NaN,0.403099667931637,0.0895432380480357,1.57889839488938e-07,0.330456191389428,0.47751771361884,0.000110509658323454,0.000110509658323454,0.808084414666591
373.1,923,NaN,394.000119623623,13.0002307092317,NaN,0.403099667265931,0.0895432391519482,1.58218816588339e-07,0.330456191598041,0.477517714221742,0.000110507109813074,0.000110507109813074,0.808084412929597
373.2,923,NaN,394.000119872345,13.0002311889238,NaN,0.403099666600241,0.0895432402558355,1.58547786187901e-07,0.33045619180665,0.477517714824632,0.000110504587666595,0.000110504587666595,0.808084411218948
373.3,923,NaN,394.000120121062,13.0002316686052,NaN,0.403099665934565,0.0895432413596981,1.58876748405129e-07,0.330456192015253,0.477517715427508,0.000110502109459949,0.000110502109459949,0.808084409552221
373.4,923,NaN,394.000120369773,13.000232148276,NaN,0.403099665268905,0.0895432424635363,1.5920570335938e-07,0.330456192223853,0.47751771603037,0.000110499675193138,0.000110499675193138,0.808084407929416
373.5,923,NaN,394.000120618478,13.0002326279363,NaN,0.403099664603259,0.0895432435673505,1.59534651171862e-07,0.330456192432447,0.477517716633219,0.000110497267290166,0.000110497267290166,0.808084406332957
373.6,923,NaN,394.000120867179,13.0002331075865,NaN,0.403099663937627,0.0895432446711412,1.59863591965637e-07,0.330456192641038,0.477517717236056,0.000110494912115117,0.000110494912115117,0.808084404789209
373.7,923,NaN,394.000121115874,13.0002335872266,NaN,0.403099663272008,0.0895432457749087,1.6019252586562e-07,0.330456192849623,0.47751771783888,0.00011049260087978,0.00011049260087978,0.808084403289383
373.8,923,NaN,394.000121364564,13.0002340668568,NaN,0.403099662606404,0.0895432468786535,1.60521452998575e-07,0.330456193058205,0.477517718441691,0.000110490316008466,0.000110490316008466,0.808084401815905
373.9,923,NaN,394.000121613249,13.0002345464773,NaN,0.403099661940813,0.0895432479823761,1.60850373493123e-07,0.330456193266782,0.477517719044491,0.000110488101440826,0.000110488101440826,0.808084400412714
374,923,NaN,394.000121861929,13.0002350260884,NaN,0.403099661275235,0.0895432490860768,1.61179287479733e-07,0.330456193475355,0.477517719647278,0.000110485904449119,0.000110485904449119,0.808084399027083
374.1,923,NaN,394.000122110604,13.0002355056901,NaN,0.403099660609671,0.0895432501897561,1.61508195090729e-07,0.330456193683925,0.477517720250053,0.00011048376897318,0.00011048376897318,0.808084397702951
374.2,923,NaN,394.000122359275,13.0002359852827,NaN,0.403099659944118,0.0895432512934145,1.61837096460286e-07,0.33045619389249,0.477517720852818,0.000110481668649108,0.000110481668649108,0.808084396413957
374.3,923,NaN,394.000122607941,13.0002364648665,NaN,0.403099659278579,0.0895432523970524,1.62165991724434e-07,0.330456194101051,0.477517721455571,0.00011047961226487,0.00011047961226487,0.808084395168887
374.4,923,NaN,394.000122856602,13.0002369444415,NaN,0.403099658613051,0.0895432535006703,1.62494881021051e-07,0.330456194309609,0.477517722058313,0.0001104776173964,0.0001104776173964,0.808084393985318
374.5,923,NaN,394.000123105259,13.0002374240081,NaN,0.403099657947535,0.0895432546042686,1.62823764489871e-07,0.330456194518163,0.477517722661044,0.000110475657679736,0.000110475657679736,0.808084392836887
374.6,923,NaN,394.000123353912,13.0002379035663,NaN,0.40309965728203,0.0895432557078478,1.63152642272478e-07,0.330456194726713,0.477517723263765,0.000110473741903029,0.000110473741903029,0.808084391732381
374.7,923,NaN,394.00012360256,13.0002383831165,NaN,0.403099656616537,0.0895432568114085,1.63481514512311e-07,0.33045619493526,0.477517723866476,0.000110471887641967,0.000110471887641967,0.808084390689378
374.8,923,NaN,394.000123851205,13.0002388626588,NaN,0.403099655951055,0.089543257914951,1.63810381354659e-07,0.330456195143803,0.477517724469177,0.000110470068532895,0.000110470068532895,0.808084389681513
374.9,923,NaN,394.000124099845,13.0002393421934,NaN,0.403099655285583,0.0895432590184759,1.64139242946664e-07,0.330456195352343,0.477517725071869,0.00011046831093953,0.00011046831093953,0.808084388735151
375,923,NaN,394.000124348482,13.0002398217206,NaN,0.403099654620121,0.0895432601219837,1.6446809943732e-07,0.33045619556088,0.477517725674551,0.000110466597285998,0.000110466597285998,0.808084387832716
375.1,923,NaN,394.000124597115,13.0002403012406,NaN,0.40309965395467,0.0895432612254748,1.64796950977475e-07,0.330456195769413,0.477517726277224,0.000110464927572301,0.000110464927572301,0.808084386974209
375.2,923,NaN,394.000124845744,13.0002407807536,NaN,0.403099653289228,0.0895432623289499,1.65125797719827e-07,0.330456195977944,0.477517726879888,0.000110463319374372,0.000110463319374372,0.808084386177206
375.3,923,NaN,394.00012509437,13.0002412602598,NaN,0.403099652623796,0.0895432634324094,1.65454639818929e-07,0.330456196186472,0.477517727482543,0.000110461763904243,0.000110461763904243,0.808084385432919
375.4,923,NaN,394.000125342992,13.0002417397595,NaN,0.403099651958373,0.0895432645358538,1.65783477431183e-07,0.330456196394996,0.477517728085191,0.000110460252373887,0.000110460252373887,0.808084384732561
375.5,923,NaN,394.000125591611,13.0002422192529,NaN,0.403099651292958,0.0895432656392837,1.66112310714847e-07,0.330456196603518,0.47751772868783,0.000110458793571455,0.000110458793571455,0.80808438408492
375.6,923,NaN,394.000125840227,13.0002426987402,NaN,0.403099650627552,0.0895432667426997,1.66441139830028e-07,0.330456196812038,0.477517729290462,0.000110457405072696,0.000110457405072696,0.808084383507572
375.7,923,NaN,394.00012608884,13.0002431782216,NaN,0.403099649962154,0.0895432678461022,1.66769964938689e-07,0.330456197020555,0.477517729893086,0.000110456051725805,0.000110456051725805,0.808084382965367
375.8,923,NaN,394.00012633745,13.0002436576974,NaN,0.403099649296764,0.0895432689494917,1.67098786204641e-07,0.330456197229069,0.477517730495704,0.00011045475989462,0.00011045475989462,0.808084382484668
375.9,923,NaN,394.000126586057,13.0002441371679,NaN,0.403099648631382,0.089543270052869,1.67427603793552e-07,0.330456197437581,0.477517731098314,0.000110453529579325,0.000110453529579325,0.808084382065475
376,923,NaN,394.000126834662,13.0002446166333,NaN,0.403099647966006,0.0895432711562345,1.67756417872938e-07,0.330456197646091,0.477517731700919,0.000110452343203804,0.000110452343203804,0.808084381690214
376.1,923,NaN,394.000127083264,13.0002450960938,NaN,0.403099647300637,0.0895432722595887,1.68085228612171e-07,0.330456197854599,0.477517732303517,0.000110451227132017,0.000110451227132017,0.808084381385248
376.2,923,NaN,394.000127331863,13.0002455755496,NaN,0.403099646635275,0.0895432733629323,1.68414036182473e-07,0.330456198063104,0.477517732906109,0.00011045016378803,0.00011045016378803,0.808084381133002
376.3,923,NaN,394.000127580461,13.0002460550011,NaN,0.403099645969918,0.0895432744662659,1.68742840756918e-07,0.330456198271608,0.477517733508696,0.000110449153171845,0.000110449153171845,0.808084380933476
376.4,923,NaN,394.000127829056,13.0002465344485,NaN,0.403099645304568,0.08954327556959,1.69071642510436e-07,0.33045619848011,0.477517734111278,0.000110448204071367,0.000110448204071367,0.80808438079546
376.5,923,NaN,394.000128077649,13.0002470138921,NaN,0.403099644639222,0.0895432766729053,1.69400441619805e-07,0.330456198688611,0.477517734713855,0.000110447325274745,0.000110447325274745,0.80808438072774
376.6,923,NaN,394.00012832624,13.000247493332,NaN,0.403099643973882,0.0895432777762122,1.69729238263657e-07,0.33045619889711,0.477517735316427,0.000110446490417896,0.000110446490417896,0.808084380703954
376.7,923,NaN,394.00012857483,13.0002479727686,NaN,0.403099643308547,0.0895432788795115,1.70058032622478e-07,0.330456199105607,0.477517735918995,0.000110445717076816,0.000110445717076816,0.808084380741679
376.8,923,NaN,394.000128823418,13.0002484522021,NaN,0.403099642643215,0.0895432799828038,1.70386824878604e-07,0.330456199314103,0.477517736521559,0.000110445022827375,0.000110445022827375,0.808084380858489
376.9,923,NaN,394.000129072005,13.0002489316329,NaN,0.403099641977888,0.0895432810860896,1.70715615216223e-07,0.330456199522598,0.47751773712412,0.000110444372517891,0.000110444372517891,0.808084381019236
377,923,NaN,394.00012932059,13.0002494110611,NaN,0.403099641312563,0.0895432821893695,1.71044403821379e-07,0.330456199731091,0.477517737726678,0.00011044379251208,0.00011044379251208,0.808084381250281
377.1,923,NaN,394.000129569174,13.000249890487,NaN,0.403099640647243,0.0895432832926444,1.71373190881964e-07,0.330456199939584,0.477517738329232,0.000110443265234071,0.000110443265234071,0.80808438153405
377.2,923,NaN,394.000129817757,13.000250369911,NaN,0.403099639981924,0.0895432843959146,1.71701976587725e-07,0.330456200148076,0.477517738931785,0.000110442817047762,0.000110442817047762,0.808084381896908
377.3,923,NaN,394.000130066339,13.0002508493333,NaN,0.403099639316609,0.089543285499181,1.72030761130261e-07,0.330456200356567,0.477517739534335,0.000110442430377222,0.000110442430377222,0.808084382321279
377.4,923,NaN,394.000130314921,13.0002513287542,NaN,0.403099638651295,0.0895432866024441,1.72359544703023e-07,0.330456200565058,0.477517740136883,0.000110442096434421,0.000110442096434421,0.808084382798375
377.5,923,NaN,394.000130563502,13.000251808174,NaN,0.403099637985982,0.0895432877057046,1.72688327501314e-07,0.330456200773548,0.47751774073943,0.000110441841583445,0.000110441841583445,0.808084383354561
377.6,923,NaN,394.000130812082,13.0002522875929,NaN,0.403099637320671,0.0895432888089631,1.7301710972229e-07,0.330456200982037,0.477517741341976,0.000110441648248174,0.000110441648248174,0.808084383972261
377.7,923,NaN,394.000131060662,13.0002527670113,NaN,0.403099636655361,0.0895432899122205,1.73345891564958e-07,0.330456201190527,0.477517741944521,0.000110441516428672,0.000110441516428672,0.808084384651477
377.8,923,NaN,394.000131309242,13.0002532464293,NaN,0.403099635990051,0.0895432910154771,1.7367467323018e-07,0.330456201399016,0.477517742547066,0.00011044146370081,0.00011044146370081,0.808084385409783
377.9,923,NaN,394.000131557822,13.0002537258475,NaN,0.403099635324741,0.0895432921187339,1.74003454920668e-07,0.330456201607505,0.477517743149611,0.000110441463700871,0.000110441463700871,0.808084386220817
378,923,NaN,394.000131806403,13.0002542052659,NaN,0.40309963465943,0.0895432932219915,1.74332236840988e-07,0.330456201815995,0.477517743752156,0.000110441542792572,0.000110441542792572,0.808084387110944
378.1,923,NaN,394.000132054983,13.000254684685,NaN,0.403099633994119,0.0895432943252505,1.74661019197556e-07,0.330456202024485,0.477517744354702,0.000110441692188008,0.000110441692188008,0.808084388071375
378.2,923,NaN,394.000132303564,13.0002551641051,NaN,0.403099633328806,0.0895432954285117,1.74989802198642e-07,0.330456202232975,0.477517744957249,0.000110441911887179,0.000110441911887179,0.808084389102111
378.3,923,NaN,394.000132552146,13.0002556435264,NaN,0.403099632663492,0.0895432965317757,1.7531858605437e-07,0.330456202441465,0.477517745559798,0.000110442193102118,0.000110442193102118,0.808084390194366
378.4,923,NaN,394.000132800728,13.0002561229492,NaN,0.403099631998175,0.0895432976350434,1.75647370976713e-07,0.330456202649957,0.477517746162349,0.000110442553408696,0.000110442553408696,0.808084391365715
378.5,923,NaN,394.000133049312,13.0002566023739,NaN,0.403099631332856,0.0895432987383153,1.75976157179498e-07,0.330456202858449,0.477517746764902,0.000110442984019132,0.000110442984019132,0.80808439260737
378.6,923,NaN,394.000133297896,13.0002570818008,NaN,0.403099630667534,0.0895432998415922,1.76304944878404e-07,0.330456203066942,0.477517747367458,0.000110443484933241,0.000110443484933241,0.808084393919334
378.7,923,NaN,394.000133546482,13.0002575612302,NaN,0.403099630002208,0.0895433009448749,1.76633734290964e-07,0.330456203275436,0.477517747970017,0.000110444064939052,0.000110444064939052,0.808084395310393
378.8,923,NaN,394.00013379507,13.0002580406624,NaN,0.403099629336879,0.0895433020481641,1.76962525636561e-07,0.330456203483932,0.47751774857258,0.000110444706460569,0.000110444706460569,0.808084396762972
378.9,923,NaN,394.000134043659,13.0002585200978,NaN,0.403099628671545,0.0895433031514605,1.77291319136432e-07,0.330456203692429,0.477517749175146,0.000110445435861877,0.000110445435861877,0.808084398303437
379,923,NaN,394.000134292249,13.0002589995366,NaN,0.403099628006206,0.0895433042547649,1.77620115013665e-07,0.330456203900927,0.477517749777717,0.000110446235566858,0.000110446235566858,0.808084399914211
379.1,923,NaN,394.000134540842,13.0002594789792,NaN,0.403099627340862,0.0895433053580781,1.77948913493201e-07,0.330456204109427,0.477517750380293,0.000110447105575574,0.000110447105575574,0.808084401595296
379.2,923,NaN,394.000134789437,13.0002599584259,NaN,0.403099626675512,0.0895433064614007,1.78277714801834e-07,0.330456204317929,0.477517750982874,0.000110448063463959,0.000110448063463959,0.808084403364266
379.3,923,NaN,394.000135038034,13.0002604378771,NaN,0.403099626010156,0.0895433075647336,1.78606519168209e-07,0.330456204526432,0.47751775158546,0.000110449082868111,0.000110449082868111,0.808084405194761
379.4,923,NaN,394.000135286634,13.0002609173331,NaN,0.403099625344794,0.0895433086680775,1.78935326822825e-07,0.330456204734938,0.477517752188053,0.00011045019015187,0.00011045019015187,0.808084407113143
379.5,923,NaN,394.000135535236,13.0002613967942,NaN,0.403099624679424,0.0895433097714332,1.79264137998032e-07,0.330456204943446,0.477517752790652,0.000110451367739486,0.000110451367739486,0.808084409101837
379.6,923,NaN,394.000135783841,13.0002618762608,NaN,0.403099624014047,0.0895433108748015,1.79592952928033e-07,0.330456205151957,0.477517753393258,0.000110452633206709,0.000110452633206709,0.808084411178421
379.7,923,NaN,394.00013603245,13.0002623557333,NaN,0.403099623348661,0.0895433119781832,1.79921771848883e-07,0.330456205360469,0.477517753995871,0.000110453977765634,0.000110453977765634,0.808084413334106
379.8,923,NaN,394.000136281061,13.0002628352118,NaN,0.403099622683267,0.0895433130815791,1.8025059499849e-07,0.330456205568985,0.477517754598491,0.000110455392628232,0.000110455392628232,0.808084415560104
379.9,923,NaN,394.000136529676,13.0002633146969,NaN,0.403099622017864,0.08954331418499,1.80579422616613e-07,0.330456205777503,0.47751775520112,0.00011045689537062,0.00011045689537062,0.808084417873994
380,923,NaN,394.000136778294,13.0002637941889,NaN,0.403099621352452,0.0895433152884167,1.80908254944865e-07,0.330456205986025,0.477517755803758,0.000110458477204649,0.000110458477204649,0.808084420266988
380.1,923,NaN,394.000137026916,13.0002642736882,NaN,0.403099620687029,0.0895433163918601,1.8123709222671e-07,0.330456206194549,0.477517756406405,0.000110460146918347,0.000110460146918347,0.808084422747873
380.2,923,NaN,394.000137275542,13.0002647531949,NaN,0.403099620021596,0.0895433174953208,1.81565934707466e-07,0.330456206403077,0.477517757009061,0.000110461886935779,0.000110461886935779,0.808084425299074
380.3,923,NaN,394.000137524172,13.0002652327096,NaN,0.403099619356152,0.0895433185987999,1.81894782634301e-07,0.330456206611609,0.477517757611728,0.000110463714832879,0.000110463714832879,0.808084427938169
380.4,923,NaN,394.000137772807,13.0002657122326,NaN,0.403099618690697,0.089543319702298,1.82223636256238e-07,0.330456206820144,0.477517758214404,0.000110465630609647,0.000110465630609647,0.808084430665158
380.5,923,NaN,394.000138021446,13.0002661917643,NaN,0.403099618025229,0.0895433208058161,1.8255249582415e-07,0.330456207028682,0.477517758817092,0.000110467625478056,0.000110467625478056,0.808084433471252
380.6,923,NaN,394.000138270089,13.000266671305,NaN,0.403099617359749,0.0895433219093551,1.82881361590764e-07,0.330456207237225,0.477517759419791,0.000110469717014222,0.000110469717014222,0.80808443637403
380.7,923,NaN,394.000138518738,13.0002671508551,NaN,0.403099616694255,0.0895433230129156,1.83210233810658e-07,0.330456207445771,0.477517760022502,0.000110471878854062,0.000110471878854062,0.808084439347127
380.8,923,NaN,394.000138767391,13.0002676304151,NaN,0.403099616028749,0.0895433241164987,1.83539112740264e-07,0.330456207654323,0.477517760625225,0.000110474128573508,0.000110474128573508,0.808084442408121
380.9,923,NaN,394.00013901605,13.0002681099852,NaN,0.403099615363228,0.0895433252201052,1.83867998637864e-07,0.330456207862878,0.477517761227961,0.000110476474960713,0.000110476474960713,0.808084445565799
381,923,NaN,394.000139264714,13.0002685895658,NaN,0.403099614697692,0.0895433263237359,1.84196891763596e-07,0.330456208071438,0.47751776183071,0.000110478900439557,0.000110478900439557,0.808084448802587
381.1,923,NaN,394.000139513384,13.0002690691574,NaN,0.403099614032142,0.0895433274273917,1.84525792379447e-07,0.330456208280003,0.477517762433472,0.00011048141379807,0.00011048141379807,0.808084452127273
381.2,923,NaN,394.00013976206,13.0002695487601,NaN,0.403099613366575,0.0895433285310736,1.84854700749257e-07,0.330456208488572,0.477517763036249,0.000110484023824218,0.000110484023824218,0.808084455548646
381.3,923,NaN,394.000140010742,13.0002700283747,NaN,0.403099612700992,0.0895433296347824,1.85183617138719e-07,0.330456208697147,0.477517763639041,0.000110486712942067,0.000110486712942067,0.80808445904913
381.4,923,NaN,394.00014025943,13.0002705080014,NaN,0.403099612035393,0.089543330738519,1.8551254181538e-07,0.330456208905727,0.477517764241848,0.000110489498727551,0.000110489498727551,0.808084462646303
381.5,923,NaN,394.000140508125,13.0002709876405,NaN,0.403099611369776,0.0895433318422843,1.85841475048635e-07,0.330456209114312,0.477517764844671,0.000110492372392643,0.000110492372392643,0.808084466331376
381.6,923,NaN,394.000140756826,13.0002714672924,NaN,0.403099610704142,0.0895433329460792,1.86170417109736e-07,0.330456209322903,0.47751776544751,0.000110495333937525,0.000110495333937525,0.808084470104351
381.7,923,NaN,394.000141005534,13.0002719469577,NaN,0.403099610038489,0.0895433340499047,1.86499368271784e-07,0.3304562095315,0.477517766050365,0.000110498400937948,0.000110498400937948,0.808084473982803
381.8,923,NaN,394.00014125425,13.0002724266366,NaN,0.403099609372817,0.0895433351537616,1.86828328809734e-07,0.330456209740103,0.477517766653238,0.000110501538242044,0.000110501538242044,0.808084477931583
381.9,923,NaN,394.000141502972,13.0002729063296,NaN,0.403099608707125,0.0895433362576509,1.87157299000393e-07,0.330456209948712,0.477517767256128,0.000110504789789832,0.000110504789789832,0.80808448199463
382,923,NaN,394.000141751702,13.0002733860371,NaN,0.403099608041414,0.0895433373615735,1.87486279122421e-07,0.330456210157327,0.477517767859037,0.000110508129217226,0.000110508129217226,0.808084486145581
382.1,923,NaN,394.00014200044,13.0002738657595,NaN,0.403099607375682,0.0895433384655304,1.87815269456328e-07,0.330456210365949,0.477517768461964,0.000110511547736322,0.000110511547736322,0.808084490375649
382.2,923,NaN,394.000142249186,13.0002743454972,NaN,0.403099606709928,0.0895433395695226,1.8814427028448e-07,0.330456210574577,0.477517769064911,0.000110515080498987,0.000110515080498987,0.808084494719986
382.3,923,NaN,394.00014249794,13.0002748252505,NaN,0.403099606044153,0.0895433406735509,1.88473281891093e-07,0.330456210783212,0.477517769667877,0.00011051870114132,0.00011051870114132,0.80808449915223
382.4,923,NaN,394.000142746702,13.00027530502,NaN,0.403099605378355,0.0895433417776163,1.88802304562235e-07,0.330456210991854,0.477517770270863,0.000110522418451288,0.000110522418451288,0.808084503681169
382.5,923,NaN,394.000142995473,13.0002757848061,NaN,0.403099604712534,0.0895433428817198,1.89131338585828e-07,0.330456211200503,0.47751777087387,0.000110526223640863,0.000110526223640863,0.808084508298015
382.6,923,NaN,394.000143244252,13.0002762646092,NaN,0.40309960404669,0.0895433439858624,1.89460384251645e-07,0.33045621140916,0.477517771476899,0.00011053014307413,0.00011053014307413,0.808084513029133
382.7,923,NaN,394.000143493041,13.0002767444296,NaN,0.403099603380822,0.089543345090045,1.89789441851311e-07,0.330456211617824,0.47751777207995,0.000110534150387003,0.000110534150387003,0.808084517848161
382.8,923,NaN,394.000143741839,13.0002772242679,NaN,0.403099602714929,0.0895433461942687,1.90118511678306e-07,0.330456211826496,0.477517772683023,0.000110538254367512,0.000110538254367512,0.808084522763886
382.9,923,NaN,394.000143990646,13.0002777041244,NaN,0.40309960204901,0.0895433472985343,1.9044759402796e-07,0.330456212035176,0.477517773286118,0.000110542463803561,0.000110542463803561,0.808084527785098
383,923,NaN,394.000144239463,13.0002781839996,NaN,0.403099601383066,0.089543348402843,1.90776689197455e-07,0.330456212243864,0.477517773889238,0.000110546769907368,0.000110546769907368,0.80808453290301
383.1,923,NaN,394.00014448829,13.000278663894,NaN,0.403099600717095,0.0895433495071957,1.91105797485827e-07,0.330456212452561,0.477517774492381,0.000110551172678749,0.000110551172678749,0.808084538117621
383.2,923,NaN,394.000144737127,13.0002791438079,NaN,0.403099600051097,0.0895433506115935,1.91434919193964e-07,0.330456212661266,0.477517775095549,0.000110555680905731,0.000110555680905731,0.808084543437721
383.3,923,NaN,394.000144985975,13.0002796237419,NaN,0.403099599385071,0.0895433517160373,1.91764054624605e-07,0.330456212869979,0.477517775698742,0.000110560294588316,0.000110560294588316,0.80808454886331
383.4,923,NaN,394.000145234833,13.0002801036963,NaN,0.403099598719017,0.0895433528205281,1.92093204082342e-07,0.330456213078702,0.477517776301961,0.000110565004938536,0.000110565004938536,0.808084554385602
383.5,923,NaN,394.000145483702,13.0002805836716,NaN,0.403099598052933,0.0895433539250671,1.92422367873622e-07,0.330456213287433,0.477517776905206,0.000110569820744296,0.000110569820744296,0.808084560013384
383.6,923,NaN,394.000145732582,13.0002810636682,NaN,0.403099597386821,0.0895433550296552,1.9275154630674e-07,0.330456213496174,0.477517777508478,0.000110574742005781,0.000110574742005781,0.808084565746658
383.7,923,NaN,394.000145981473,13.0002815436867,NaN,0.403099596720677,0.0895433561342935,1.93080739691845e-07,0.330456213704925,0.477517778111778,0.000110579759934839,0.000110579759934839,0.808084571576637
383.8,923,NaN,394.000146230376,13.0002820237274,NaN,0.403099596054503,0.0895433572389829,1.93409948340941e-07,0.330456213913685,0.477517778715105,0.0001105848833195,0.0001105848833195,0.808084577512109
383.9,923,NaN,394.00014647929,13.0002825037909,NaN,0.403099595388298,0.0895433583437247,1.93739172567881e-07,0.330456214122455,0.477517779318461,0.000110590120947668,0.000110590120947668,0.808084583561864
384,923,NaN,394.000146728217,13.0002829838774,NaN,0.40309959472206,0.0895433594485198,1.9406841268837e-07,0.330456214331235,0.477517779921846,0.000110595464031561,0.000110595464031561,0.808084589717112
384.1,923,NaN,394.000146977156,13.0002834639877,NaN,0.40309959405579,0.0895433605533693,1.94397669019969e-07,0.330456214540025,0.477517780525261,0.000110600903783027,0.000110600903783027,0.808084595969069
384.2,923,NaN,394.000147226107,13.000283944122,NaN,0.403099593389486,0.0895433616582742,1.94726941882088e-07,0.330456214748826,0.477517781128706,0.000110606457778062,0.000110606457778062,0.80808460233531
384.3,923,NaN,394.000147475072,13.0002844242809,NaN,0.403099592723148,0.0895433627632357,1.95056231595991e-07,0.330456214957637,0.477517781732182,0.000110612117228699,0.000110612117228699,0.808084608807048
384.4,923,NaN,394.000147724049,13.0002849044649,NaN,0.403099592056775,0.0895433638682549,1.95385538484794e-07,0.330456215166459,0.477517782335689,0.000110617890922905,0.000110617890922905,0.808084615393071
384.5,923,NaN,394.000147973039,13.0002853846743,NaN,0.403099591390367,0.0895433649733327,1.95714862873464e-07,0.330456215375293,0.477517782939229,0.000110623770072651,0.000110623770072651,0.808084622084594
384.6,923,NaN,394.000148222043,13.0002858649098,NaN,0.403099590723922,0.0895433660784704,1.96044205088823e-07,0.330456215584138,0.477517783542801,0.000110629754678123,0.000110629754678123,0.808084628881617
384.7,923,NaN,394.00014847106,13.0002863451718,NaN,0.403099590057441,0.089543367183669,1.96373565459544e-07,0.330456215792994,0.477517784146406,0.000110635853527101,0.000110635853527101,0.808084635792927
384.8,923,NaN,394.000148720092,13.0002868254606,NaN,0.403099589390923,0.0895433682889296,1.96702944316152e-07,0.330456216001862,0.477517784750045,0.000110642057831681,0.000110642057831681,0.808084642809739
384.9,923,NaN,394.000148969138,13.000287305777,NaN,0.403099588724366,0.0895433693942534,1.97032341991024e-07,0.330456216210742,0.477517785353719,0.000110648385167736,0.000110648385167736,0.808084649949629
385,923,NaN,394.000149218198,13.0002877861213,NaN,0.403099588057771,0.0895433704996415,1.97361758818391e-07,0.330456216419634,0.477517785957428,0.000110654817959515,0.000110654817959515,0.808084657195021
385.1,923,NaN,394.000149467273,13.0002882664939,NaN,0.403099587391136,0.0895433716050949,1.97691195134334e-07,0.330456216628538,0.477517786561172,0.000110661364994802,0.000110661364994802,0.808084664554706
385.2,923,NaN,394.000149716363,13.0002887468955,NaN,0.403099586724461,0.0895433727106149,1.98020651276789e-07,0.330456216837455,0.477517787164953,0.000110668026273658,0.000110668026273658,0.808084672028683
385.3,923,NaN,394.000149965468,13.0002892273265,NaN,0.403099586057746,0.0895433738162025,1.98350127585543e-07,0.330456217046385,0.477517787768771,0.000110674793008115,0.000110674793008115,0.808084679608165
385.4,923,NaN,394.000150214589,13.0002897077874,NaN,0.403099585390989,0.089543374921859,1.98679624402235e-07,0.330456217255328,0.477517788372627,0.000110681691562075,0.000110681691562075,0.808084687319517
385.5,923,NaN,394.000150463725,13.0002901882787,NaN,0.403099584724189,0.0895433760275854,1.99009142070357e-07,0.330456217464284,0.47751778897652,0.000110688686783608,0.000110688686783608,0.808084695127588
385.6,923,NaN,394.000150712878,13.000290668801,NaN,0.403099584057347,0.0895433771333829,1.99338680935253e-07,0.330456217673253,0.477517789580453,0.000110695813824767,0.000110695813824767,0.808084703067531
385.7,923,NaN,394.000150962046,13.0002911493546,NaN,0.403099583390461,0.0895433782392528,1.9966824134412e-07,0.330456217882236,0.477517790184425,0.000110703046321466,0.000110703046321466,0.808084711112983
385.8,923,NaN,394.000151211232,13.0002916299401,NaN,0.403099582723531,0.0895433793451961,1.99997823646006e-07,0.330456218091233,0.477517790788437,0.000110710401849701,0.000110710401849701,0.80808471928152
385.9,923,NaN,394.000151460434,13.0002921105581,NaN,0.403099582056556,0.0895433804512141,2.00327428191814e-07,0.330456218300245,0.47751779139249,0.000110717871621443,0.000110717871621443,0.808084727564356
386,923,NaN,394.000151709653,13.0002925912091,NaN,0.403099581389535,0.0895433815573078,2.00657055334295e-07,0.33045621850927,0.477517791996584,0.000110725464424844,0.000110725464424844,0.808084735970279
386.1,923,NaN,394.00015195889,13.0002930718935,NaN,0.403099580722468,0.0895433826634786,2.00986705428057e-07,0.33045621871831,0.477517792600721,0.000110733180259719,0.000110733180259719,0.80808474449929
386.2,923,NaN,394.000152208144,13.0002935526118,NaN,0.403099580055353,0.0895433837697276,2.01316378829557e-07,0.330456218927365,0.4775177932049,0.000110741001550195,0.000110741001550195,0.808084753133814
386.3,923,NaN,394.000152457416,13.0002940333648,NaN,0.403099579388191,0.089543384876056,2.01646075897106e-07,0.330456219136434,0.477517793809122,0.000110748954660174,0.000110748954660174,0.808084761900216
386.4,923,NaN,394.000152706706,13.0002945141527,NaN,0.40309957872098,0.0895433859824651,2.01975796990867e-07,0.330456219345519,0.477517794413389,0.000110757022013722,0.000110757022013722,0.808084770780922
386.5,923,NaN,394.000152956015,13.0002949949762,NaN,0.40309957805372,0.089543387088956,2.02305542472856e-07,0.33045621955462,0.4775177950177,0.000110765221186711,0.000110765221186711,0.808084779793506
386.6,923,NaN,394.000153205342,13.0002954758358,NaN,0.403099577386409,0.0895433881955299,2.02635312706941e-07,0.330456219763736,0.477517795622056,0.000110773525815425,0.000110773525815425,0.808084788911608
386.7,923,NaN,394.000153454689,13.000295956732,NaN,0.403099576719048,0.0895433893021881,2.0296510805884e-07,0.330456219972868,0.477517796226459,0.000110781971051546,0.000110781971051546,0.808084798170378
386.8,923,NaN,394.000153704055,13.0002964376654,NaN,0.403099576051635,0.0895433904089318,2.03294928896127e-07,0.330456220182016,0.477517796830908,0.000110790530531237,0.000110790530531237,0.808084807543455
386.9,923,NaN,394.00015395344,13.0002969186365,NaN,0.40309957538417,0.0895433915157623,2.03624775588227e-07,0.330456220391181,0.477517797435405,0.000110799213042401,0.000110799213042401,0.808084817039628
387,923,NaN,394.000154202845,13.0002973996458,NaN,0.403099574716652,0.0895433926226808,2.03954648506416e-07,0.330456220600362,0.477517798039949,0.000110808018585224,0.000110808018585224,0.808084826658897
387.1,923,NaN,394.00015445227,13.0002978806938,NaN,0.40309957404908,0.0895433937296886,2.04284548023825e-07,0.33045622080956,0.477517798644543,0.000110816964735454,0.000110816964735454,0.808084836418839
387.2,923,NaN,394.000154701716,13.0002983617813,NaN,0.403099573381453,0.0895433948367869,2.04614474515434e-07,0.330456221018776,0.477517799249186,0.000110826016341287,0.000110826016341287,0.808084846284303
387.3,923,NaN,394.000154951182,13.0002988429086,NaN,0.403099572713771,0.0895433959439769,2.04944428358079e-07,0.330456221228008,0.477517799853879,0.000110835208554589,0.000110835208554589,0.808084856290442
387.4,923,NaN,394.000155200669,13.0002993240764,NaN,0.403099572046033,0.08954339705126,2.05274409930445e-07,0.330456221437258,0.477517800458623,0.000110844523799426,0.000110844523799426,0.80808486641968
387.5,923,NaN,394.000155450177,13.0002998052851,NaN,0.403099571378238,0.0895433981586374,2.05604419613072e-07,0.330456221646526,0.477517801063418,0.000110853962075738,0.000110853962075738,0.80808487667202
387.6,923,NaN,394.000155699707,13.0003002865354,NaN,0.403099570710385,0.0895433992661105,2.05934457788351e-07,0.330456221855812,0.477517801668266,0.000110863532171675,0.000110863532171675,0.80808488705625
387.7,923,NaN,394.000155949259,13.0003007678278,NaN,0.403099570042474,0.0895434003736804,2.06264524840525e-07,0.330456222065117,0.477517802273166,0.000110873234087053,0.000110873234087053,0.80808489757237
387.8,923,NaN,394.000156198833,13.0003012491629,NaN,0.403099569374504,0.0895434014813485,2.0659462115569e-07,0.33045622227444,0.47751780287812,0.000110883067821933,0.000110883067821933,0.808084908220382
387.9,923,NaN,394.00015644843,13.0003017305412,NaN,0.403099568706474,0.0895434025891162,2.06924747121796e-07,0.330456222483781,0.477517803483129,0.000110893024588287,0.000110893024588287,0.808084918991498
388,923,NaN,394.000156698049,13.0003022119633,NaN,0.403099568038383,0.0895434036969846,2.07254903128642e-07,0.330456222693142,0.477517804088192,0.000110903121962234,0.000110903121962234,0.808084929903297
388.1,923,NaN,394.000156947691,13.0003026934298,NaN,0.40309956737023,0.0895434048049551,2.07585089567881e-07,0.330456222902522,0.477517804693311,0.000110913333579688,0.000110913333579688,0.808084940929413
388.2,923,NaN,394.000157197356,13.0003031749413,NaN,0.403099566702015,0.0895434059130291,2.0791530683302e-07,0.330456223111922,0.477517805298487,0.000110923694592578,0.000110923694592578,0.808084952105002
388.3,923,NaN,394.000157447045,13.0003036564982,NaN,0.403099566033737,0.0895434070212079,2.08245555319415e-07,0.330456223321342,0.47751780590372,0.000110934178637003,0.000110934178637003,0.808084963403699
388.4,923,NaN,394.000157696758,13.0003041381013,NaN,0.403099565365395,0.0895434081294927,2.08575835424277e-07,0.330456223530781,0.477517806509011,0.000110944803288898,0.000110944803288898,0.808084974843081
388.5,923,NaN,394.000157946495,13.000304619751,NaN,0.403099564696988,0.089543409237885,2.08906147546668e-07,0.330456223740241,0.477517807114361,0.000110955559760234,0.000110955559760234,0.808084986414362
388.6,923,NaN,394.000158196257,13.0003051014481,NaN,0.403099564028515,0.0895434103463861,2.09236492087503e-07,0.330456223949721,0.47751780771977,0.000110966448051195,0.000110966448051195,0.808084998117542
388.7,923,NaN,394.000158446043,13.0003055831929,NaN,0.403099563359976,0.0895434114549973,2.09566869449549e-07,0.330456224159222,0.477517808325239,0.000110977468161597,0.000110977468161597,0.808085009952623
388.8,923,NaN,394.000158695855,13.0003060649862,NaN,0.40309956269137,0.08954341256372,2.09897280037426e-07,0.330456224368744,0.477517808930769,0.000110988637667435,0.000110988637667435,0.808085021937181
388.9,923,NaN,394.000158945692,13.0003065468286,NaN,0.403099562022696,0.0895434136725555,2.10227724257606e-07,0.330456224578288,0.477517809536361,0.000110999930204747,0.000110999930204747,0.808085034044853
389,923,NaN,394.000159195555,13.0003070287206,NaN,0.403099561353952,0.0895434147815053,2.10558202518413e-07,0.330456224787853,0.477517810142015,0.000111011363349651,0.000111011363349651,0.808085046293217
389.1,923,NaN,394.000159445444,13.0003075106629,NaN,0.40309956068514,0.0895434158905707,2.10888715230023e-07,0.33045622499744,0.477517810747732,0.000111022937101964,0.000111022937101964,0.808085058682274
389.2,923,NaN,394.000159695359,13.0003079926559,NaN,0.403099560016256,0.0895434169997531,2.11219262804465e-07,0.330456225207049,0.477517811353513,0.000111034651461745,0.000111034651461745,0.808085071212024
389.3,923,NaN,394.0001599453,13.0003084747005,NaN,0.403099559347301,0.0895434181090538,2.11549845655621e-07,0.330456225416681,0.477517811959359,0.000111046497641029,0.000111046497641029,0.80808508387368
389.4,923,NaN,394.000160195269,13.000308956797,NaN,0.403099558678274,0.0895434192184743,2.11880464199225e-07,0.330456225626335,0.47751781256527,0.000111058484427782,0.000111058484427782,0.808085096676033
389.5,923,NaN,394.000160445265,13.0003094389462,NaN,0.403099558009174,0.089543420328016,2.12211118852862e-07,0.330456225836012,0.477517813171247,0.000111070620609909,0.000111070620609909,0.808085109627869
389.6,923,NaN,394.000160695289,13.0003099211487,NaN,0.40309955734,0.0895434214376803,2.12541810035971e-07,0.330456226045712,0.477517813777292,0.000111082888611663,0.000111082888611663,0.808085122711615
389.7,923,NaN,394.000160945341,13.0003104034051,NaN,0.403099556670751,0.0895434225474685,2.12872538169842e-07,0.330456226255435,0.477517814383404,0.000111095297220823,0.000111095297220823,0.80808513593606
389.8,923,NaN,394.000161195421,13.0003108857159,NaN,0.403099556001427,0.0895434236573822,2.13203303677619e-07,0.330456226465183,0.477517814989584,0.00011110785522542,0.00011110785522542,0.808085149309992
389.9,923,NaN,394.000161445529,13.0003113680819,NaN,0.403099555332026,0.0895434247674227,2.13534106984297e-07,0.330456226674954,0.477517815595834,0.000111120553837425,0.000111120553837425,0.808085162824625
390,923,NaN,394.000161695666,13.0003118505037,NaN,0.403099554662548,0.0895434258775915,2.13864948516724e-07,0.330456226884749,0.477517816202154,0.000111133384269055,0.000111133384269055,0.808085176471172
390.1,923,NaN,394.000161945833,13.0003123329817,NaN,0.403099553992991,0.08954342698789,2.141958287036e-07,0.330456227094569,0.477517816808545,0.000111146381671993,0.000111146381671993,0.808085190284786
390.2,923,NaN,394.000162196029,13.0003128155168,NaN,0.403099553323356,0.0895434280983196,2.14526747975477e-07,0.330456227304414,0.477517817415007,0.000111159502106467,0.000111159502106467,0.808085204221528
390.3,923,NaN,394.000162446255,13.0003132981095,NaN,0.40309955265364,0.0895434292088818,2.1485770676476e-07,0.330456227514284,0.477517818021542,0.000111172780724344,0.000111172780724344,0.80808521831655
390.4,923,NaN,394.000162696511,13.0003137807604,NaN,0.403099551983844,0.0895434303195781,2.15188705505707e-07,0.330456227724179,0.47751781862815,0.00011118619994969,0.00011118619994969,0.808085232552278
390.5,923,NaN,394.000162946798,13.0003142634703,NaN,0.403099551313966,0.08954343143041,2.15519744634427e-07,0.3304562279341,0.477517819234831,0.00011119976857041,0.00011119976857041,0.808085246937502
390.6,923,NaN,394.000163197116,13.0003147462397,NaN,0.403099550644005,0.0895434325413788,2.15850824588883e-07,0.330456228144047,0.477517819841588,0.000111213477798723,0.000111213477798723,0.808085261463434
390.7,923,NaN,394.000163447465,13.0003152290692,NaN,0.403099549973961,0.0895434336524861,2.16181945808887e-07,0.330456228354019,0.477517820448421,0.000111227345210377,0.000111227345210377,0.808085276147651
390.8,923,NaN,394.000163697845,13.0003157119595,NaN,0.403099549303832,0.0895434347637333,2.16513108736107e-07,0.330456228564019,0.477517821055329,0.000111241353229501,0.000111241353229501,0.808085290972578
390.9,923,NaN,394.000163948257,13.0003161949114,NaN,0.403099548633618,0.089543435875122,2.16844313814063e-07,0.330456228774045,0.477517821662316,0.000111255510643999,0.000111255510643999,0.808085305947004
391,923,NaN,394.000164198702,13.0003166779254,NaN,0.403099547963318,0.0895434369866536,2.17175561488125e-07,0.330456228984098,0.47751782226938,0.000111269817454056,0.000111269817454056,0.808085321070932
391.1,923,NaN,394.000164449179,13.0003171610021,NaN,0.403099547292931,0.0895434380983296,2.17506852205516e-07,0.330456229194178,0.477517822876523,0.000111284282447454,0.000111284282447454,0.808085336353148
391.2,923,NaN,394.000164699689,13.0003176441422,NaN,0.403099546622456,0.0895434392101516,2.17838186415314e-07,0.330456229404286,0.477517823483745,0.000111298888048322,0.000111298888048322,0.80808535177608
391.3,923,NaN,394.000164950232,13.0003181273464,NaN,0.403099545951892,0.0895434403221211,2.18169564568446e-07,0.330456229614422,0.477517824091049,0.000111313643044626,0.000111313643044626,0.808085367348515
391.4,923,NaN,394.000165200808,13.0003186106153,NaN,0.403099545281237,0.0895434414342395,2.18500987117694e-07,0.330456229824586,0.477517824698433,0.0001113285650123,0.0001113285650123,0.808085383088031
391.5,923,NaN,394.000165451419,13.0003190939497,NaN,0.403099544610493,0.0895434425465085,2.1883245451769e-07,0.330456230034778,0.4775178253059,0.000111343627587381,0.000111343627587381,0.808085398968266
391.6,923,NaN,394.000165702064,13.0003195773501,NaN,0.403099543939656,0.0895434436589294,2.19163967224919e-07,0.330456230244999,0.47751782591345,0.000111358848345988,0.000111358848345988,0.808085415006796
391.7,923,NaN,394.000165952743,13.0003200608172,NaN,0.403099543268727,0.0895434447715039,2.19495525697721e-07,0.330456230455249,0.477517826521084,0.00011137421849997,0.00011137421849997,0.808085431194833
391.8,923,NaN,394.000166203458,13.0003205443517,NaN,0.403099542597705,0.0895434458842336,2.19827130396284e-07,0.330456230665529,0.477517827128802,0.000111389746837354,0.000111389746837354,0.808085447541168
391.9,923,NaN,394.000166454207,13.0003210279544,NaN,0.403099541926588,0.0895434469971199,2.20158781782652e-07,0.330456230875838,0.477517827736607,0.00011140543335808,0.00011140543335808,0.808085464045802
392,923,NaN,394.000166704993,13.0003215116257,NaN,0.403099541255375,0.0895434481101644,2.20490480320719e-07,0.330456231086177,0.477517828344497,0.000111421269274366,0.000111421269274366,0.808085480699948
392.1,923,NaN,394.000166955814,13.0003219953666,NaN,0.403099540584066,0.0895434492233687,2.20822226476232e-07,0.330456231296546,0.477517828952475,0.000111437263373992,0.000111437263373992,0.808085497512394
392.2,923,NaN,394.000167206672,13.0003224791775,NaN,0.40309953991266,0.0895434503367344,2.21154020716792e-07,0.330456231506945,0.47751782956054,0.000111453424444988,0.000111453424444988,0.808085514491931
392.3,923,NaN,394.000167457566,13.0003229630592,NaN,0.403099539241156,0.089543451450263,2.2148586351185e-07,0.330456231717376,0.477517830168695,0.000111469726123454,0.000111469726123454,0.808085531612195
392.4,923,NaN,394.000167708498,13.0003234470124,NaN,0.403099538569552,0.0895434525639561,2.2181775533271e-07,0.330456231927837,0.47751783077694,0.000111486194773289,0.000111486194773289,0.80808554889955
392.5,923,NaN,394.000167959466,13.0003239310378,NaN,0.403099537897848,0.0895434536778153,2.2214969665253e-07,0.33045623213833,0.477517831385275,0.000111502821606465,0.000111502821606465,0.808085566345212
392.6,923,NaN,394.000168210473,13.0003244151361,NaN,0.403099537226044,0.0895434547918422,2.22481687946317e-07,0.330456232348855,0.477517831993702,0.000111519606623168,0.000111519606623168,0.80808558394918
392.7,923,NaN,394.000168461518,13.0003248993079,NaN,0.403099536554137,0.0895434559060384,2.22813729690935e-07,0.330456232559411,0.477517832602221,0.000111536558611179,0.000111536558611179,0.808085601720244
392.8,923,NaN,394.000168712601,13.000325383554,NaN,0.403099535882127,0.0895434570204055,2.23145822365095e-07,0.33045623277,0.477517833210834,0.000111553668782593,0.000111553668782593,0.808085619649617
392.9,923,NaN,394.000168963723,13.000325867875,NaN,0.403099535210013,0.0895434581349451,2.23477966449366e-07,0.330456232980622,0.477517833819541,0.000111570928349381,0.000111570928349381,0.808085637728512
393,923,NaN,394.000169214885,13.0003263522717,NaN,0.403099534537794,0.0895434592496589,2.23810162426164e-07,0.330456233191276,0.477517834428343,0.000111588363675629,0.000111588363675629,0.808085655983295
393.1,923,NaN,394.000169466086,13.0003268367448,NaN,0.403099533865468,0.0895434603645483,2.2414241077976e-07,0.330456233401964,0.477517835037241,0.000111605965973185,0.000111605965973185,0.808085674405178
393.2,923,NaN,394.000169717327,13.000327321295,NaN,0.403099533193036,0.0895434614796152,2.24474711996279e-07,0.330456233612685,0.477517835646236,0.000111623717666177,0.000111623717666177,0.808085692976587
393.3,923,NaN,394.000169968608,13.000327805923,NaN,0.403099532520496,0.0895434625948611,2.24807066563694e-07,0.33045623382344,0.477517836255329,0.000111641636330539,0.000111641636330539,0.808085711715099
393.4,923,NaN,394.00017021993,13.0003282906295,NaN,0.403099531847847,0.0895434637102877,2.25139474971835e-07,0.330456234034229,0.47751783686452,0.00011165972196627,0.00011165972196627,0.808085730620715
393.5,923,NaN,394.000170471293,13.0003287754152,NaN,0.403099531175089,0.0895434648258966,2.25471937712382e-07,0.330456234245052,0.477517837473811,0.000111677974573372,0.000111677974573372,0.808085749693437
393.6,923,NaN,394.000170722698,13.0003292602808,NaN,0.403099530502219,0.0895434659416894,2.25804455278867e-07,0.330456234455911,0.477517838083203,0.000111696385363814,0.000111696385363814,0.808085768924477
393.7,923,NaN,394.000170974144,13.0003297452272,NaN,0.403099529829237,0.0895434670576679,2.26137028166674e-07,0.330456234666804,0.477517838692696,0.000111714980701683,0.000111714980701683,0.808085788340201
393.8,923,NaN,394.000171225633,13.0003302302549,NaN,0.403099529156142,0.0895434681738337,2.26469656873042e-07,0.330456234877733,0.477517839302291,0.00011173371664696,0.00011173371664696,0.80808580789667
393.9,923,NaN,394.000171477164,13.0003307153647,NaN,0.403099528482934,0.0895434692901885,2.26802341897061e-07,0.330456235088697,0.477517839911989,0.000111752645927445,0.000111752645927445,0.808085827646614
394,923,NaN,394.000171728738,13.0003312005574,NaN,0.40309952780961,0.0895434704067339,2.27135083739671e-07,0.330456235299698,0.477517840521791,0.00011177172460349,0.00011177172460349,0.808085847546093
394.1,923,NaN,394.000171980356,13.0003316858337,NaN,0.40309952713617,0.0895434715234717,2.27467882903667e-07,0.330456235510735,0.477517841131699,0.000111790987826777,0.000111790987826777,0.80808586763026
394.2,923,NaN,394.000172232017,13.0003321711942,NaN,0.403099526462614,0.0895434726404035,2.27800739893696e-07,0.330456235721808,0.477517841741712,0.000111810400445499,0.000111810400445499,0.808085887863966
394.3,923,NaN,394.000172483722,13.0003326566399,NaN,0.403099525788939,0.0895434737575311,2.28133655216258e-07,0.330456235932919,0.477517842351833,0.000111830006399492,0.000111830006399492,0.808085908291151
394.4,923,NaN,394.000172735472,13.0003331421713,NaN,0.403099525115145,0.0895434748748561,2.28466629379703e-07,0.330456236144066,0.477517842962061,0.000111849761748921,0.000111849761748921,0.808085928867876
394.5,923,NaN,394.000172987266,13.0003336277893,NaN,0.403099524441231,0.0895434759923803,2.28799662894235e-07,0.330456236355252,0.477517843572398,0.00011186971043362,0.00011186971043362,0.808085949638083
394.6,923,NaN,394.000173239106,13.0003341134946,NaN,0.403099523767196,0.0895434771101053,2.29132756271911e-07,0.330456236566475,0.477517844182845,0.000111889808513693,0.000111889808513693,0.808085970557834
394.7,923,NaN,394.000173490992,13.0003345992879,NaN,0.403099523093039,0.0895434782280329,2.29465910026639e-07,0.330456236777737,0.477517844793402,0.000111910091141193,0.000111910091141193,0.80808599166228
394.8,923,NaN,394.000173742924,13.0003350851701,NaN,0.403099522418759,0.0895434793461649,2.2979912467418e-07,0.330456236989037,0.477517845404071,0.000111930549527968,0.000111930549527968,0.808086012942636
394.9,923,NaN,394.000173994902,13.0003355711417,NaN,0.403099521744354,0.089543480464503,2.30132400732147e-07,0.330456237200377,0.477517846014852,0.000111951174886051,0.000111951174886051,0.808086034390115
395,923,NaN,394.000174246926,13.0003360572036,NaN,0.403099521069824,0.0895434815830488,2.30465738720006e-07,0.330456237411755,0.477517846625747,0.000111971984791561,0.000111971984791561,0.808086056022294
395.1,923,NaN,394.000174498998,13.0003365433567,NaN,0.403099520395168,0.0895434827018042,2.30799139159074e-07,0.330456237623173,0.477517847236757,0.000111992952880412,0.000111992952880412,0.808086077812811
395.2,923,NaN,394.000174751118,13.0003370296015,NaN,0.403099519720384,0.089543483820771,2.31132602572522e-07,0.330456237834632,0.477517847847882,0.000112014114304533,0.000112014114304533,0.808086099796818
395.3,923,NaN,394.000175003286,13.000337515939,NaN,0.403099519045471,0.0895434849399508,2.31466129485372e-07,0.33045623804613,0.477517848459123,0.000112035442700024,0.000112035442700024,0.808086121947953
395.4,923,NaN,394.000175255502,13.0003380023697,NaN,0.40309951837043,0.0895434860593454,2.317997204245e-07,0.330456238257669,0.477517849070481,0.000112056946854852,0.000112056946854852,0.808086144275005
395.5,923,NaN,394.000175507767,13.0003384888947,NaN,0.403099517695257,0.0895434871789567,2.32133375918632e-07,0.330456238469249,0.477517849681958,0.000112078635556983,0.000112078635556983,0.808086166786764
395.6,923,NaN,394.000175760081,13.0003389755145,NaN,0.403099517019953,0.0895434882987864,2.32467096498349e-07,0.33045623868087,0.477517850293554,0.000112100491230421,0.000112100491230421,0.808086189465654
395.7,923,NaN,394.000176012445,13.0003394622301,NaN,0.403099516344516,0.0895434894188363,2.32800882696083e-07,0.330456238892533,0.477517850905271,0.000112122540239254,0.000112122540239254,0.808086212338043
395.8,923,NaN,394.000176264858,13.0003399490421,NaN,0.403099515668945,0.0895434905391081,2.33134735046117e-07,0.330456239104237,0.477517851517108,0.000112144765007362,0.000112144765007362,0.808086235386353
395.9,923,NaN,394.000176517323,13.0003404359513,NaN,0.403099514993239,0.0895434916596037,2.3346865408459e-07,0.330456239315984,0.477517852129068,0.000112167156746777,0.000112167156746777,0.808086258601799
396,923,NaN,394.000176769838,13.0003409229586,NaN,0.403099514317398,0.0895434927803249,2.33802640349489e-07,0.330456239527774,0.477517852741151,0.000112189741821586,0.000112189741821586,0.808086282010747
396.1,923,NaN,394.000177022404,13.0003414100647,NaN,0.403099513641419,0.0895434939012735,2.34136694380656e-07,0.330456239739607,0.477517853353358,0.000112212511443637,0.000112212511443637,0.808086305604409
396.2,923,NaN,394.000177275022,13.0003418972703,NaN,0.403099512965301,0.0895434950224514,2.34470816719785e-07,0.330456239951482,0.477517853965691,0.000112235448037058,0.000112235448037058,0.80808632936521
396.3,923,NaN,394.000177527692,13.0003423845764,NaN,0.403099512289045,0.0895434961438602,2.34805007910423e-07,0.330456240163402,0.477517854578149,0.000112258577965748,0.000112258577965748,0.808086353319517
396.4,923,NaN,394.000177780414,13.0003428719837,NaN,0.403099511612648,0.0895434972655019,2.35139268497968e-07,0.330456240375366,0.477517855190735,0.000112281892441742,0.000112281892441742,0.808086377458543
396.5,923,NaN,394.000178033189,13.0003433594929,NaN,0.40309951093611,0.0895434983873784,2.3547359902967e-07,0.330456240587374,0.477517855803449,0.000112305382677073,0.000112305382677073,0.8080864017735
396.6,923,NaN,394.000178286018,13.0003438471049,NaN,0.403099510259428,0.0895434995094913,2.35808000054633e-07,0.330456240799426,0.477517856416292,0.000112329066247611,0.000112329066247611,0.808086426281966
396.7,923,NaN,394.0001785389,13.0003443348206,NaN,0.403099509582603,0.0895435006318427,2.36142472123813e-07,0.330456241011524,0.477517857029266,0.000112352934365578,0.000112352934365578,0.808086450975155
396.8,923,NaN,394.000178791836,13.0003448226406,NaN,0.403099508905634,0.0895435017544343,2.36477015790017e-07,0.330456241223667,0.47751785764237,0.000112376978242819,0.000112376978242819,0.80808647584428
396.9,923,NaN,394.000179044827,13.0003453105659,NaN,0.403099508228518,0.089543502877268,2.36811631607907e-07,0.330456241435856,0.477517858255607,0.00011240121545533,0.00011240121545533,0.808086500906918
397,923,NaN,394.000179297873,13.0003457985971,NaN,0.403099507551255,0.0895435040003457,2.37146320133994e-07,0.330456241648091,0.477517858868977,0.000112425646003048,0.000112425646003048,0.808086526163071
397.1,923,NaN,394.000179550975,13.0003462867353,NaN,0.403099506873844,0.0895435051236693,2.37481081926643e-07,0.330456241860372,0.477517859482481,0.000112450252310229,0.000112450252310229,0.808086551595164
397.2,923,NaN,394.000179804132,13.000346774981,NaN,0.403099506196283,0.0895435062472406,2.37815917546072e-07,0.330456242072701,0.477517860096121,0.000112475051952617,0.000112475051952617,0.808086577220774
397.3,923,NaN,394.000180057345,13.0003472633352,NaN,0.403099505518572,0.0895435073710615,2.38150827554351e-07,0.330456242285076,0.477517860709897,0.000112500036142308,0.000112500036142308,0.808086603031115
397.4,923,NaN,394.000180310615,13.0003477517988,NaN,0.40309950484071,0.0895435084951339,2.38485812515402e-07,0.330456242497499,0.47751786132381,0.000112525213667269,0.000112525213667269,0.808086629034976
397.5,923,NaN,394.000180563942,13.0003482403724,NaN,0.403099504162694,0.0895435096194598,2.38820872994999e-07,0.33045624270997,0.477517861937862,0.000112550584527501,0.000112550584527501,0.808086655232359
397.6,923,NaN,394.000180817327,13.000348729057,NaN,0.403099503484524,0.0895435107440409,2.39156009560769e-07,0.330456242922489,0.477517862552053,0.000112576139934974,0.000112576139934974,0.808086681614477
397.7,923,NaN,394.00018107077,13.0003492178533,NaN,0.4030995028062,0.0895435118688793,2.39491222782191e-07,0.330456243135056,0.477517863166385,0.000112601897465809,0.000112601897465809,0.808086708198907
397.8,923,NaN,394.000181324271,13.0003497067623,NaN,0.403099502127719,0.0895435129939768,2.39826513230597e-07,0.330456243347673,0.477517863780858,0.000112627830755917,0.000112627830755917,0.808086734959287
397.9,923,NaN,394.000181577831,13.0003501957847,NaN,0.403099501449081,0.0895435141193354,2.40161881479171e-07,0.330456243560339,0.477517864395474,0.000112653966169263,0.000112653966169263,0.808086761921982
398,923,NaN,394.00018183145,13.0003506849214,NaN,0.403099500770284,0.0895435152449569,2.40497328102948e-07,0.330456243773055,0.477517865010233,0.000112680294917816,0.000112680294917816,0.808086789078205
398.1,923,NaN,394.000182085129,13.0003511741733,NaN,0.403099500091327,0.0895435163708435,2.40832853678818e-07,0.33045624398582,0.477517865625137,0.000112706817001765,0.000112706817001765,0.808086816427959
398.2,923,NaN,394.000182338867,13.0003516635411,NaN,0.403099499412209,0.0895435174969968,2.41168458785521e-07,0.330456244198637,0.477517866240187,0.000112733523632955,0.000112733523632955,0.808086843962456
398.3,923,NaN,394.000182592667,13.0003521530256,NaN,0.403099498732929,0.089543518623419,2.41504144003651e-07,0.330456244411503,0.477517866855383,0.000112760441175348,0.000112760441175348,0.808086871708062
398.4,923,NaN,394.000182846527,13.0003526426279,NaN,0.403099498053486,0.089543519750112,2.41839909915653e-07,0.330456244624422,0.477517867470728,0.000112787552053012,0.000112787552053012,0.808086899647203
398.5,923,NaN,394.000183100449,13.0003531323487,NaN,0.403099497373879,0.0895435208770777,2.42175757105825e-07,0.330456244837391,0.477517868086221,0.000112814847477979,0.000112814847477979,0.808086927771091
398.6,923,NaN,394.000183354433,13.0003536221889,NaN,0.403099496694106,0.0895435220043181,2.42511686160318e-07,0.330456245050413,0.477517868701865,0.00011284234502612,0.00011284234502612,0.808086956097304
398.7,923,NaN,394.000183608479,13.0003541121493,NaN,0.403099496014166,0.0895435231318352,2.42847697667134e-07,0.330456245263487,0.477517869317659,0.000112870044697624,0.000112870044697624,0.808086984625844
398.8,923,NaN,394.000183862588,13.0003546022308,NaN,0.403099495334058,0.089543524259631,2.43183792216129e-07,0.330456245476613,0.477517869933606,0.000112897937704335,0.000112897937704335,0.808087013347924
398.9,923,NaN,394.000184116761,13.0003550924342,NaN,0.40309949465378,0.0895435253877074,2.43519970399009e-07,0.330456245689793,0.477517870549706,0.000112926032834284,0.000112926032834284,0.808087042272334
399,923,NaN,394.000184370996,13.0003555827604,NaN,0.403099493973333,0.0895435265160664,2.43856232809335e-07,0.330456245903026,0.477517871165961,0.000112954330087406,0.000112954330087406,0.808087071399074
399.1,923,NaN,394.000184625297,13.0003560732104,NaN,0.403099493292713,0.08954352764471,2.44192580042519e-07,0.330456246116313,0.477517871782371,0.000112982820675925,0.000112982820675925,0.808087100719359
399.2,923,NaN,394.000184879661,13.0003565637849,NaN,0.403099492611921,0.0895435287736403,2.44529012695825e-07,0.330456246329654,0.477517872398937,0.000113011513387617,0.000113011513387617,0.808087130241978
399.3,923,NaN,394.000185134091,13.0003570544848,NaN,0.403099491930955,0.0895435299028592,2.4486553136837e-07,0.330456246543049,0.477517873015661,0.00011304039943458,0.00011304039943458,0.808087159958145
399.4,923,NaN,394.000185388586,13.0003575453111,NaN,0.403099491249813,0.0895435310323688,2.45202136661123e-07,0.330456246756499,0.477517873632544,0.000113069505180714,0.000113069505180714,0.808087189894224
399.5,923,NaN,394.000185643147,13.0003580362645,NaN,0.403099490568495,0.0895435321621711,2.45538829176907e-07,0.330456246970005,0.477517874249587,0.000113098804262118,0.000113098804262118,0.808087220023854
399.6,923,NaN,394.000185897774,13.000358527346,NaN,0.403099489886999,0.0895435332922681,2.45875609520394e-07,0.330456247183567,0.47751787486679,0.000113128305466696,0.000113128305466696,0.808087250355824
399.7,923,NaN,394.000186152469,13.0003590185564,NaN,0.403099489205324,0.0895435344226618,2.46212478298111e-07,0.330456247397184,0.477517875484156,0.000113158017582603,0.000113158017582603,0.808087280898923
399.8,923,NaN,394.00018640723,13.0003595098967,NaN,0.403099488523469,0.0895435355533544,2.46549436118436e-07,0.330456247610858,0.477517876101685,0.000113187914245751,0.000113187914245751,0.808087311626789
399.9,923,NaN,394.00018666206,13.0003600013677,NaN,0.403099487841433,0.0895435366843477,2.46886483591602e-07,0.330456247824589,0.477517876719378,0.000113218039396037,0.000113218039396037,0.808087342583363
400,923,NaN,394.000186916958,13.0003604929703,NaN,0.403099487159214,0.089543537815644,2.4722362132969e-07,0.330456248038377,0.477517877337237,0.00011324835788153,0.00011324835788153,0.808087373733495
400.1,923,NaN,394.000187171924,13.0003609847054,NaN,0.403099486476811,0.0895435389472452,2.47560849946637e-07,0.330456248252223,0.477517877955262,0.000113278887278352,0.000113278887278352,0.808087405094763
400.2,923,NaN,394.00018742696,13.000361476574,NaN,0.403099485794223,0.0895435400791535,2.47898170058231e-07,0.330456248466126,0.477517878573455,0.000113309618798349,0.000113309618798349,0.808087436658379
400.3,923,NaN,394.000187682065,13.0003619685768,NaN,0.403099485111448,0.0895435412113708,2.48235582282112e-07,0.330456248680089,0.477517879191816,0.000113340561229549,0.000113340561229549,0.808087468433134
400.4,923,NaN,394.00018793724,13.0003624607149,NaN,0.403099484428486,0.0895435423438993,2.48573087237772e-07,0.330456248894109,0.477517879810348,0.000113371714571954,0.000113371714571954,0.808087500419029
400.5,923,NaN,394.000188192486,13.0003629529892,NaN,0.403099483745335,0.089543543476741,2.48910685546558e-07,0.330456249108189,0.47751788042905,0.000113403070037595,0.000113403070037595,0.808087532607277
400.6,923,NaN,394.000188447803,13.0003634454004,NaN,0.403099483061994,0.0895435446098981,2.49248377831666e-07,0.330456249322329,0.477517881047925,0.000113434636414378,0.000113434636414378,0.808087565006669
400.7,923,NaN,394.000188703191,13.0003639379496,NaN,0.403099482378462,0.0895435457433726,2.49586164718146e-07,0.330456249536529,0.477517881666974,0.00011346641370249,0.00011346641370249,0.808087597617205
400.8,923,NaN,394.000188958652,13.0003644306377,NaN,0.403099481694736,0.0895435468771667,2.49924046832901e-07,0.330456249750789,0.477517882286197,0.000113498401901743,0.000113498401901743,0.808087630438887
400.9,923,NaN,394.000189214185,13.0003649234655,NaN,0.403099481010817,0.0895435480112825,2.50262024804684e-07,0.33045624996511,0.477517882905595,0.0001135306010122,0.0001135306010122,0.808087663471717
401,923,NaN,394.000189469791,13.000365416434,NaN,0.403099480326702,0.089543549145722,2.50600099264104e-07,0.330456250179492,0.47751788352517,0.000113563011033798,0.000113563011033798,0.808087696715696
401.1,923,NaN,394.00018972547,13.0003659095441,NaN,0.403099479642391,0.0895435502804874,2.50938270843619e-07,0.330456250393935,0.477517884144923,0.000113595640754692,0.000113595640754692,0.808087730179613
401.2,923,NaN,394.000189981223,13.0003664027968,NaN,0.403099478957882,0.0895435514155808,2.5127654017754e-07,0.330456250608441,0.477517884764856,0.000113628472598761,0.000113628472598761,0.808087763845896
401.3,923,NaN,394.000190237051,13.0003668961929,NaN,0.403099478273174,0.0895435525510044,2.51614907902032e-07,0.330456250823009,0.477517885384969,0.000113661524142,0.000113661524142,0.80808779773212
401.4,923,NaN,394.000190492953,13.0003673897335,NaN,0.403099477588266,0.0895435536867603,2.51953374655111e-07,0.33045625103764,0.477517886005263,0.000113694786596443,0.000113694786596443,0.808087831829499
401.5,923,NaN,394.000190748931,13.0003678834194,NaN,0.403099476903156,0.0895435548228507,2.52291941076645e-07,0.330456251252334,0.47751788662574,0.000113728277538024,0.000113728277538024,0.808087866155612
401.6,923,NaN,394.000191004985,13.0003683772515,NaN,0.403099476217843,0.0895435559592776,2.52630607808357e-07,0.330456251467092,0.4775178872464,0.000113761961814811,0.000113761961814811,0.808087900675307
401.7,923,NaN,394.000191261115,13.0003688712309,NaN,0.403099475532326,0.0895435570960433,2.52969375493818e-07,0.330456251681913,0.477517887867246,0.000113795874578863,0.000113795874578863,0.808087935423738
401.8,923,NaN,394.000191517322,13.0003693653584,NaN,0.403099474846603,0.0895435582331499,2.53308244778455e-07,0.330456251896799,0.477517888488278,0.000113830007042022,0.000113830007042022,0.808087970392119
401.9,923,NaN,394.000191773606,13.000369859635,NaN,0.403099474160673,0.0895435593705996,2.53647216309545e-07,0.33045625211175,0.477517889109497,0.000113864350416385,0.000113864350416385,0.808088005571664
402,923,NaN,394.000192029968,13.0003703540616,NaN,0.403099473474535,0.0895435605083946,2.53986290736221e-07,0.330456252326766,0.477517889730905,0.000113898913489855,0.000113898913489855,0.808088040971161
402.1,923,NaN,394.000192286408,13.0003708486393,NaN,0.403099472788187,0.0895435616465371,2.54325468709463e-07,0.330456252541848,0.477517890352503,0.000113933696262623,0.000113933696262623,0.808088076590614
402.2,923,NaN,394.000192542927,13.0003713433689,NaN,0.403099472101629,0.0895435627850292,2.54664750882107e-07,0.330456252756996,0.477517890974292,0.000113968698734498,0.000113968698734498,0.808088112430022
402.3,923,NaN,394.000192799525,13.0003718382513,NaN,0.403099471414858,0.0895435639238731,2.55004137908841e-07,0.330456252972211,0.477517891596272,0.000114003912117576,0.000114003912117576,0.808088148480601
402.4,923,NaN,394.000193056203,13.0003723332876,NaN,0.403099470727874,0.0895435650630712,2.55343630446205e-07,0.330456253187492,0.477517892218446,0.00011403936277576,0.00011403936277576,0.808088184768714
402.5,923,NaN,394.000193312962,13.0003728284787,NaN,0.403099470040675,0.0895435662026254,2.55683229152591e-07,0.33045625340284,0.477517892840815,0.000114075024345147,0.000114075024345147,0.808088221268001
402.6,923,NaN,394.000193569801,13.0003733238256,NaN,0.40309946935326,0.0895435673425382,2.56022934688243e-07,0.330456253618257,0.47751789346338,0.000114110914401608,0.000114110914401608,0.808088257996038
402.7,923,NaN,394.000193826721,13.0003738193292,NaN,0.403099468665628,0.0895435684828116,2.56362747715258e-07,0.330456253833741,0.477517894086141,0.0001141470153694,0.0001141470153694,0.808088294935252
402.8,923,NaN,394.000194083723,13.0003743149906,NaN,0.403099467977776,0.0895435696234479,2.56702668897586e-07,0.330456254049294,0.477517894709101,0.000114183353612233,0.000114183353612233,0.808088332112007
402.9,923,NaN,394.000194340808,13.0003748108106,NaN,0.403099467289704,0.0895435707644495,2.57042698901028e-07,0.330456254264916,0.47751789533226,0.000114219902766269,0.000114219902766269,0.808088369499942
403,923,NaN,394.000194597975,13.0003753067903,NaN,0.403099466601411,0.0895435719058184,2.57382838393239e-07,0.330456254480608,0.47751789595562,0.00011425668040738,0.00011425668040738,0.808088407116635
403.1,923,NaN,394.000194855226,13.0003758029306,NaN,0.403099465912895,0.089543573047557,2.57723088043724e-07,0.330456254696369,0.477517896579181,0.000114293686535755,0.000114293686535755,0.808088444962086
403.2,923,NaN,394.00019511256,13.0003762992325,NaN,0.403099465224154,0.0895435741896674,2.58063448523843e-07,0.330456254912201,0.477517897202946,0.000114330912363237,0.000114330912363237,0.80808848302751
403.3,923,NaN,394.000195369978,13.0003767956971,NaN,0.403099464535188,0.0895435753321521,2.58403920506805e-07,0.330456255128103,0.477517897826915,0.000114368366677857,0.000114368366677857,0.808088521321697
403.4,923,NaN,394.000195627482,13.0003772923251,NaN,0.403099463845995,0.0895435764750131,2.58744504667676e-07,0.330456255344077,0.47751789845109,0.000114406049479615,0.000114406049479615,0.808088559844646
403.5,923,NaN,394.00019588507,13.0003777891177,NaN,0.403099463156574,0.0895435776182528,2.5908520168337e-07,0.330456255560122,0.477517899075472,0.00011444396076851,0.00011444396076851,0.808088598596362
403.6,923,NaN,394.000196142745,13.0003782860759,NaN,0.403099462466923,0.0895435787618735,2.59426012232656e-07,0.330456255776239,0.477517899700061,0.000114482100544479,0.000114482100544479,0.808088637576845
403.7,923,NaN,394.000196400506,13.0003787832007,NaN,0.40309946177704,0.0895435799058775,2.59766936996154e-07,0.330456255992429,0.47751790032486,0.000114520460019746,0.000114520460019746,0.808088676777308
403.8,923,NaN,394.000196658354,13.000379280493,NaN,0.403099461086926,0.089543581050267,2.60107976656337e-07,0.330456256208691,0.477517900949869,0.000114559056770053,0.000114559056770053,0.80808871621533
403.9,923,NaN,394.000196916289,13.0003797779538,NaN,0.403099460396577,0.0895435821950444,2.6044913189753e-07,0.330456256425027,0.477517901575091,0.000114597882007498,0.000114597882007498,0.808088755882125
404,923,NaN,394.000197174312,13.0003802755841,NaN,0.403099459705993,0.0895435833402119,2.60790403405912e-07,0.330456256641436,0.477517902200525,0.000114636935732017,0.000114636935732017,0.808088795777693
404.1,923,NaN,394.000197432423,13.000380773385,NaN,0.403099459015172,0.0895435844857718,2.6113179186951e-07,0.33045625685792,0.477517902826174,0.000114676226731768,0.000114676226731768,0.808088835910825
404.2,923,NaN,394.000197690624,13.0003812713574,NaN,0.403099458324114,0.0895435856317266,2.61473297978209e-07,0.330456257074478,0.477517903452038,0.000114715746218592,0.000114715746218592,0.808088876272734
404.3,923,NaN,394.000197948914,13.0003817695024,NaN,0.403099457632815,0.0895435867780784,2.61814922423742e-07,0.330456257291111,0.477517904078119,0.000114755494192554,0.000114755494192554,0.808088916863423
404.4,923,NaN,394.000198207294,13.000382267821,NaN,0.403099456941276,0.0895435879248296,2.62156665899697e-07,0.330456257507819,0.477517904704419,0.00011479547944162,0.00011479547944162,0.80808895769168
404.5,923,NaN,394.000198465764,13.0003827663141,NaN,0.403099456249495,0.0895435890719826,2.62498529101513e-07,0.330456257724604,0.477517905330937,0.000114835693177824,0.000114835693177824,0.808088998748719
404.6,923,NaN,394.000198724326,13.0003832649828,NaN,0.40309945555747,0.0895435902195397,2.62840512726481e-07,0.330456257941465,0.477517905957677,0.000114876144189069,0.000114876144189069,0.808089040043331
404.7,923,NaN,394.000198982979,13.0003837638282,NaN,0.4030994548652,0.0895435913675032,2.63182617473746e-07,0.330456258158403,0.477517906584638,0.000114916832475545,0.000114916832475545,0.808089081575517
404.8,923,NaN,394.000199241724,13.0003842628511,NaN,0.403099454172683,0.0895435925158755,2.63524844044303e-07,0.330456258375418,0.477517907211823,0.000114957758037062,0.000114957758037062,0.808089123345278
404.9,923,NaN,394.000199500562,13.0003847620528,NaN,0.403099453479919,0.0895435936646589,2.63867193141003e-07,0.330456258592511,0.477517907839232,0.000114998912085716,0.000114998912085716,0.808089165343828
405,923,NaN,394.000199759492,13.0003852614341,NaN,0.403099452786905,0.0895435948138559,2.64209665468545e-07,0.330456258809681,0.477517908466867,0.000115040303409411,0.000115040303409411,0.808089207579958
405.1,923,NaN,394.000200018517,13.0003857609962,NaN,0.40309945209364,0.0895435959634687,2.64552261733484e-07,0.330456259026931,0.477517909094729,0.000115081940796305,0.000115081940796305,0.808089250062456
405.2,923,NaN,394.000200277636,13.00038626074,NaN,0.403099451400123,0.0895435971134998,2.64894982644225e-07,0.330456259244259,0.47751790972282,0.000115123806670273,0.000115123806670273,0.808089292773749
405.3,923,NaN,394.00020053685,13.0003867606666,NaN,0.403099450706353,0.0895435982639516,2.65237828911026e-07,0.330456259461667,0.47751791035114,0.000115165918607311,0.000115165918607311,0.808089335731415
405.4,923,NaN,394.000200796159,13.000387260777,NaN,0.403099450012327,0.0895435994148264,2.65580801245997e-07,0.330456259679155,0.477517910979692,0.000115208267819454,0.000115208267819454,0.808089378926667
405.5,923,NaN,394.000201055564,13.0003877610724,NaN,0.403099449318045,0.0895436005661266,2.65923900363103e-07,0.330456259896723,0.477517911608476,0.000115250854306702,0.000115250854306702,0.808089422359506
405.6,923,NaN,394.000201315065,13.0003882615535,NaN,0.403099448623505,0.0895436017178546,2.66267126978157e-07,0.330456260114373,0.477517912237493,0.000115293678068989,0.000115293678068989,0.808089466029935
405.7,923,NaN,394.000201574663,13.0003887622217,NaN,0.403099447928705,0.0895436028700129,2.66610481808828e-07,0.330456260332103,0.477517912866745,0.000115336747894476,0.000115336747894476,0.808089509946743
405.8,923,NaN,394.000201834359,13.0003892630779,NaN,0.403099447233644,0.0895436040226038,2.66953965574635e-07,0.330456260549915,0.477517913496234,0.00011538006378297,0.00011538006378297,0.808089554109932
405.9,923,NaN,394.000202094152,13.0003897641231,NaN,0.403099446538321,0.0895436051756298,2.67297578996951e-07,0.33045626076781,0.47751791412596,0.000115423608158602,0.000115423608158602,0.808089598501929
406,923,NaN,394.000202354045,13.0003902653585,NaN,0.403099445842735,0.0895436063290933,2.67641322799001e-07,0.330456260985787,0.477517914755926,0.000115467407385207,0.000115467407385207,0.808089643149098
406.1,923,NaN,394.000202614036,13.000390766785,NaN,0.403099445146882,0.0895436074829968,2.67985197705861e-07,0.330456261203847,0.477517915386131,0.000115511452675012,0.000115511452675012,0.808089688042653
406.2,923,NaN,394.000202874127,13.0003912684038,NaN,0.403099444450764,0.0895436086373426,2.6832920444446e-07,0.330456261421991,0.477517916016578,0.000115555735239857,0.000115555735239857,0.808089733173809
406.3,923,NaN,394.000203134318,13.0003917702159,NaN,0.403099443754376,0.0895436097921332,2.68673343743582e-07,0.330456261640219,0.477517916647268,0.000115600263867773,0.000115600263867773,0.808089778551355
406.4,923,NaN,394.00020339461,13.0003922722223,NaN,0.40309944305772,0.0895436109473711,2.69017616333858e-07,0.330456261858531,0.477517917278203,0.000115645029770794,0.000115645029770794,0.808089824166505
406.5,923,NaN,394.000203655004,13.0003927744241,NaN,0.403099442360792,0.0895436121030588,2.69362022947777e-07,0.330456262076929,0.477517917909382,0.00011569005931282,0.00011569005931282,0.808089870045624
406.6,923,NaN,394.000203915499,13.0003932768224,NaN,0.403099441663591,0.0895436132591986,2.69706564319677e-07,0.330456262295412,0.477517918540809,0.000115735317341983,0.000115735317341983,0.808089916153563
406.7,923,NaN,394.000204176097,13.0003937794184,NaN,0.403099440966116,0.0895436144157931,2.70051241185749e-07,0.33045626251398,0.477517919172485,0.000115780839010086,0.000115780839010086,0.808089962525475
406.8,923,NaN,394.000204436798,13.0003942822129,NaN,0.403099440268365,0.0895436155728447,2.70396054284037e-07,0.330456262732636,0.477517919804409,0.000115826597953422,0.000115826597953422,0.808090009134998
406.9,923,NaN,394.000204697602,13.0003947852072,NaN,0.403099439570338,0.089543616730356,2.70741004354435e-07,0.330456262951378,0.477517920436585,0.000115872611747733,0.000115872611747733,0.808090055999711
407,923,NaN,394.00020495851,13.0003952884024,NaN,0.403099438872031,0.0895436178883293,2.71086092138693e-07,0.330456263170207,0.477517921069014,0.000115918862817083,0.000115918862817083,0.808090103102038
407.1,923.1080642555,NaN,394.000205219523,13.0003957917993,NaN,0.403099438173445,0.0895436190467673,2.71431318380412e-07,0.330401324142849,0.477487840219189,0.000115965377525567,0.000115965377525567,0.808005129739564
407.2,923.226373055061,NaN,394.000205480642,13.0003962953993,NaN,0.403099437474576,0.0895436202056724,2.71776683825043e-07,0.330341176848196,0.477454895513843,0.000116012138297057,0.000116012138297057,0.807912084500336
407.3,923.344679302482,NaN,394.000205741866,13.0003967992033,NaN,0.403099436775425,0.0895436213650471,2.72122189219892e-07,0.330281030851044,0.477421938851782,0.000116059153919586,0.000116059153919586,0.807819028856746
407.4,923.462982984099,NaN,394.000206003196,13.0003973032126,NaN,0.403099436075989,0.0895436225248939,2.72467835314118e-07,0.330220886158342,0.477388970234391,0.000116106406817219,0.000116106406817219,0.80772596279955
407.5,923.581284086214,NaN,394.000206264634,13.0003978074281,NaN,0.403099435376266,0.0895436236852154,2.7281362285873e-07,0.330160742777054,0.477355989663066,0.000116153923353856,0.000116153923353856,0.807632886363474
407.6,923.699582595093,NaN,394.000206526179,13.0003983118509,NaN,0.403099434676256,0.089543624846014,2.73159552606589e-07,0.330100600714161,0.477322997139222,0.000116201694741532,0.000116201694741532,0.807539799548125
407.7,923.817878496973,NaN,394.000206787832,13.0003988164822,NaN,0.403099433975956,0.0895436260072924,2.73505625312413e-07,0.330040459976664,0.477289992664289,0.000116249712192214,0.000116249712192214,0.807446702353145
407.8,923.936171778052,NaN,394.000207049594,13.000399321323,NaN,0.403099433275366,0.089543627169053,2.73851841732765e-07,0.329980320571577,0.47725697623971,0.000116297993282031,0.000116297993282031,0.80735359480457
407.9,924.054462424497,NaN,394.000207311465,13.0003998263745,NaN,0.403099432574483,0.0895436283312984,2.74198202626068e-07,0.329920182505935,0.477223947866946,0.000116346520434854,0.000116346520434854,0.807260476893316
408,924.172750422441,NaN,394.000207573445,13.0004003316378,NaN,0.403099431873307,0.0895436294940311,2.74544708752592e-07,0.329860045786788,0.477190907547472,0.00011639530243865,0.00011639530243865,0.807167348636698
408.1,924.291035757982,NaN,394.000207835536,13.000400837114,NaN,0.403099431171835,0.0895436306572538,2.74891360874461e-07,0.329799910421203,0.477157855282778,0.00011644434808158,0.00011644434808158,0.807074210052063
408.2,924.409318417185,NaN,394.000208097739,13.0004013428041,NaN,0.403099430470066,0.0895436318209688,2.75238159755651e-07,0.329739776416266,0.477124791074371,0.000116493648575484,0.000116493648575484,0.806981061139212
408.3,924.527598386082,NaN,394.000208360052,13.0004018487095,NaN,0.403099429767999,0.089543632985179,2.75585106161993e-07,0.329679643779078,0.477091714923771,0.000116543195132459,0.000116543195132459,0.806887901897982
408.4,924.64587565067,NaN,394.000208622478,13.000402354831,NaN,0.403099429065631,0.0895436341498867,2.75932200861166e-07,0.32961951251676,0.477058626832517,0.000116593014116405,0.000116593014116405,0.806794732363392
408.5,924.764150196913,NaN,394.000208885016,13.0004028611698,NaN,0.403099428362962,0.0895436353150947,2.76279444622705e-07,0.329559382636446,0.477025526802159,0.00011664308795139,0.00011664308795139,0.806701552526557
408.6,924.88242201074,NaN,394.000209147668,13.0004033677272,NaN,0.403099427659989,0.0895436364808054,2.76626838217995e-07,0.329499254145292,0.476992414834267,0.000116693416637413,0.000116693416637413,0.806608362396196
408.7,925.000691078049,NaN,394.000209410434,13.0004038745042,NaN,0.403099426956712,0.0895436376470215,2.76974382420274e-07,0.329439127050467,0.476959290930424,0.000116744008962375,0.000116744008962375,0.806515161989853
408.8,925.118957384699,NaN,394.000209673314,13.0004043815019,NaN,0.403099426253129,0.0895436388137456,2.77322078004634e-07,0.32937900135916,0.476926155092228,0.000116794856138506,0.000116794856138506,0.806421951307526
408.9,925.237220916521,NaN,394.000209936309,13.0004048887214,NaN,0.403099425549237,0.0895436399809802,2.77669925748017e-07,0.329318877078576,0.476893007321294,0.000116845966953576,0.000116845966953576,0.806328730366824
409,925.355481659309,NaN,394.00021019942,13.0004053961641,NaN,0.403099424845037,0.0895436411487281,2.78017926429219e-07,0.329258754215937,0.476859847619253,0.000116897341407586,0.000116897341407586,0.806235499176598
409.1,925.473739598824,NaN,394.000210462647,13.0004059038308,NaN,0.403099424140525,0.0895436423169917,2.78366080828886e-07,0.329198632778483,0.476826675987751,0.000116948979500731,0.000116948979500731,0.806142257745734
409.2,925.591994720792,NaN,394.00021072599,13.0004064117228,NaN,0.4030994234357,0.0895436434857739,2.7871438972952e-07,0.329138512773471,0.476793492428448,0.000117000881232816,0.000117000881232816,0.806049006083151
409.3,925.710247010907,NaN,394.000210989452,13.0004069198413,NaN,0.403099422730561,0.089543644655077,2.79062853915472e-07,0.329078394208174,0.476760296943022,0.000117053037815938,0.000117053037815938,0.805955744189011
409.4,925.82849645483,NaN,394.000211253031,13.0004074281873,NaN,0.403099422025107,0.0895436458249039,2.79411474172948e-07,0.329018277089883,0.476727089533165,0.000117105466826033,0.000117105466826033,0.805862472089874
409.5,925.946742938965,NaN,394.000211516733,13.0004079367703,NaN,0.403099421319323,0.089543646995276,2.79760256904408e-07,0.328958161476354,0.476693870228476,0.000117160048888,0.000117160048888,0.805769191753718
409.6,926.064979794276,NaN,394.000211780843,13.0004084461408,NaN,0.403099420612447,0.0895436481674605,2.80109579752275e-07,0.328898050758323,0.476660640902015,0.000117341467675193,0.000117341467675193,0.805676033128014
409.7,926.183202989452,NaN,394.000212045535,13.0004089566333,NaN,0.403099419904014,0.0895436493422268,2.80459672007321e-07,0.328837946985432,0.476627402687693,0.000117599930567499,0.000117599930567499,0.805582949603693
409.8,926.301412524271,NaN,394.00021231081,13.0004094682496,NaN,0.403099419194021,0.0895436505195795,2.80810535030855e-07,0.328777850157794,0.476594155586738,0.000117858832858277,0.000117858832858277,0.80548986457739
409.9,926.419608398507,NaN,394.000212576669,13.0004099809919,NaN,0.403099418482465,0.0895436516995232,2.81162170186571e-07,0.328717760275523,0.476560899600379,0.000118118200911231,0.000118118200911231,0.805396778076814
410,926.537790611939,NaN,394.000212843112,13.000410494862,NaN,0.403099417769344,0.0895436528820624,2.81514578840548e-07,0.328657677338734,0.476527634729847,0.000118378034726428,0.000118378034726428,0.805303690103307
410.1,926.655959164342,NaN,394.000213110141,13.000411009862,NaN,0.403099417054656,0.0895436540672018,2.81867762361253e-07,0.328597601347541,0.476494360976372,0.000118638316727867,0.000118638316727867,0.805210600640641
410.2,926.774114055493,NaN,394.000213377758,13.0004115259939,NaN,0.403099416338396,0.0895436552549458,2.82221722119535e-07,0.328537532302058,0.476461078341189,0.000118899064491679,0.000118899064491679,0.805117509707739
410.3,926.892255285171,NaN,394.000213645962,13.0004120432597,NaN,0.403099415620563,0.0895436564452992,2.82576459488632e-07,0.328477470202398,0.476427786825532,0.000119160269229701,0.000119160269229701,0.805024417297159
410.4,927.010382853154,NaN,394.000213914755,13.0004125616614,NaN,0.403099414901154,0.0895436576382666,2.82931975844166e-07,0.328417415048674,0.476394486430636,0.000119421948517931,0.000119421948517931,0.804931323427828
410.5,927.12849675922,NaN,394.000214184138,13.000413081201,NaN,0.403099414180166,0.0895436588338526,2.83288272564144e-07,0.328357366841001,0.476361177157738,0.00011968407599247,0.00011968407599247,0.804838228074731
410.6,927.246597003147,NaN,394.000214454112,13.0004136018805,NaN,0.403099413457595,0.0895436600320618,2.8364535102896e-07,0.328297325579491,0.476327859008077,0.00011994666922925,0.00011994666922925,0.804745131256797
410.7,927.364683584714,NaN,394.000214724678,13.000414123702,NaN,0.40309941273344,0.0895436612328988,2.84003212621392e-07,0.328237291264257,0.476294531982893,0.000120209737016172,0.000120209737016172,0.804652032984166
410.8,927.482756503702,NaN,394.000214995837,13.0004146466673,NaN,0.403099412007698,0.0895436624363683,2.84361858726604e-07,0.328177263895411,0.476261196083426,0.000120473261777503,0.000120473261777503,0.804558933240615
410.9,927.60081575989,NaN,394.000215267591,13.0004151707787,NaN,0.403099411280365,0.089543663642475,2.84721290732147e-07,0.328117243473068,0.476227851310918,0.000120737252301009,0.000120737252301009,0.804465832036287
411,927.718861353057,NaN,394.00021553994,13.0004156960381,NaN,0.403099410551439,0.0895436648512236,2.85081510027955e-07,0.328057229997338,0.476194497666615,0.000121001708586757,0.000121001708586757,0.804372729372539
411.1,927.836893282985,NaN,394.000215812885,13.0004162224474,NaN,0.403099409820917,0.0895436660626186,2.85442518006351e-07,0.327997223468334,0.476161135151759,0.000121266639422647,0.000121266639422647,0.804279625259516
411.2,927.954911549455,NaN,394.000216086427,13.0004167500088,NaN,0.403099409088796,0.0895436672766648,2.8580431606204e-07,0.327937223886168,0.476127763767599,0.000121532044808879,0.000121532044808879,0.804186519698576
411.3,928.072916152246,NaN,394.000216360568,13.0004172787244,NaN,0.403099408355074,0.0895436684933668,2.86166905592114e-07,0.327877231250953,0.476094383515381,0.000121797898381353,0.000121797898381353,0.804093412664715
411.4,928.190907091142,NaN,394.000216635308,13.0004178085961,NaN,0.403099407619747,0.0895436697127295,2.86530287996051e-07,0.327817245562799,0.476060994396354,0.000122064235292002,0.000122064235292002,0.804000304194445
411.5,928.308884365923,NaN,394.000216910649,13.000418339626,NaN,0.403099406882813,0.0895436709347573,2.86894464675715e-07,0.327757266821818,0.476027596411769,0.00012233104675286,0.00012233104675286,0.80390719428034
411.6,928.426847976373,NaN,394.000217186592,13.0004188718161,NaN,0.403099406144269,0.0895436721594552,2.87259437035354e-07,0.327697295028121,0.475994189562877,0.000122598315187992,0.000122598315187992,0.803814082906187
411.7,928.544797922274,NaN,394.000217463137,13.0004194051685,NaN,0.403099405404112,0.0895436733868277,2.87625206481603e-07,0.327637330181821,0.475960773850932,0.000122866075749199,0.000122866075749199,0.803720970108502
411.8,928.662734203408,NaN,394.000217740285,13.0004199396852,NaN,0.403099404662339,0.0895436746168797,2.8799177442348e-07,0.327577372283027,0.475927349277187,0.000123134293284818,0.000123134293284818,0.803627855853498
411.9,928.780656819559,NaN,394.000218018039,13.0004204753683,NaN,0.403099403918948,0.0895436758496159,2.88359142272393e-07,0.32751742133185,0.475893915842898,0.000123402994158543,0.000123402994158543,0.803534740168906
412,928.898565770511,NaN,394.000218296398,13.0004210122199,NaN,0.403099403173935,0.0895436770850409,2.88727311442132e-07,0.327457477328401,0.475860473549322,0.000123672160794511,0.000123672160794511,0.803441623038518
412.1,929.016461056048,NaN,394.000218575365,13.000421550242,NaN,0.403099402427297,0.0895436783231596,2.89096283348873e-07,0.327397540272791,0.475827022397717,0.000123941819556552,0.000123941819556552,0.803348504490064
412.2,929.134342675953,NaN,394.000218854939,13.0004220894367,NaN,0.403099401679033,0.0895436795639767,2.89466059411179e-07,0.327337610165129,0.475793562389343,0.000124211935293006,0.000124211935293006,0.803255384489765
412.3,929.252210630012,NaN,394.000219135122,13.000422629806,NaN,0.403099400929138,0.089543680807497,2.89836641049997e-07,0.327277687005527,0.47576009352546,0.000124482543155533,0.000124482543155533,0.803162263074142
412.4,929.370064918011,NaN,394.000219415916,13.0004231713522,NaN,0.40309940017761,0.0895436820537253,2.9020802968866e-07,0.327217770794092,0.475726615807331,0.000124753616780303,0.000124753616780303,0.803069140218204
412.5,929.487905539734,NaN,394.000219697321,13.0004237140771,NaN,0.403099399424446,0.0895436833026663,2.90580226752889e-07,0.327157861530936,0.47569312923622,0.000125025182531214,0.000125025182531214,0.802976015949687
412.6,929.605732494966,NaN,394.000219979338,13.0004242579829,NaN,0.403099398669644,0.0895436845543249,2.90953233670785e-07,0.327097959216169,0.475659633813391,0.000125297222832334,0.000125297222832334,0.802882890252391
412.7,929.723545783496,NaN,394.000220261968,13.0004248030717,NaN,0.403099397913199,0.0895436858087057,2.91327051872841e-07,0.327038063849898,0.475626129540109,0.000125569737683594,0.000125569737683594,0.802789763127691
412.8,929.841345405107,NaN,394.000220545213,13.0004253493456,NaN,0.403099397155111,0.0895436870658138,2.91701682791931e-07,0.326978175432234,0.475592616417644,0.000125842735873168,0.000125842735873168,0.802696634585751
412.9,929.959131359589,NaN,394.000220829073,13.0004258968067,NaN,0.403099396395374,0.0895436883256538,2.92077127863316e-07,0.326918293963285,0.475559094447263,0.000126116226188815,0.000126116226188815,0.802603504636736
413,930.076903646728,NaN,394.00022111355,13.000426445457,NaN,0.403099395633988,0.0895436895882305,2.92453388524643e-07,0.32685841944316,0.475525563630236,0.000126390182266703,0.000126390182266703,0.802510373255663
413.1,930.194662266311,NaN,394.000221398645,13.0004269952986,NaN,0.403099394870948,0.0895436908535489,2.92830466215945e-07,0.326798551871968,0.475492023967836,0.000126664639258631,0.000126664639258631,0.802417240479063
413.2,930.312407218126,NaN,394.000221684359,13.0004275463338,NaN,0.403099394106252,0.0895436921216138,2.93208362379638e-07,0.326738691249818,0.475458475461334,0.000126939570800908,0.000126939570800908,0.802324106281953
413.3,930.430138501962,NaN,394.000221970692,13.0004280985646,NaN,0.403099393339896,0.08954369339243,2.93587078460526e-07,0.326678837576817,0.475424918112005,0.000127214994469257,0.000127214994469257,0.802230970683291
413.4,930.547856117607,NaN,394.000222257647,13.0004286519929,NaN,0.403099392571879,0.0895436946660023,2.93966615905798e-07,0.326618990853074,0.475391351921124,0.000127490892687815,0.000127490892687815,0.802137833666886
413.5,930.66556006485,NaN,394.000222545223,13.0004292066211,NaN,0.403099391802196,0.0895436959423356,2.94346976165029e-07,0.326559151078697,0.475357776889968,0.000127767291820481,0.000127767291820481,0.802044695260485
413.6,930.783250343481,NaN,394.000222833423,13.0004297624513,NaN,0.403099391030846,0.0895436972214349,2.94728160690178e-07,0.326499318253793,0.475324193019815,0.000128044174291324,0.000128044174291324,0.801951555447899
413.7,930.900926953289,NaN,394.000223122247,13.0004303194854,NaN,0.403099390257825,0.0895436985033049,2.95110170935591e-07,0.32643949237847,0.475290600311944,0.000128321531312304,0.000128321531312304,0.801858414221726
413.8,931.018589894064,NaN,394.000223411697,13.0004308777258,NaN,0.403099389483129,0.0895436997879506,2.95493008357999e-07,0.326379673452835,0.475256998767635,0.000128599398035502,0.000128599398035502,0.801765271618506
413.9,931.136239165597,NaN,394.000223701773,13.0004314371744,NaN,0.403099388706757,0.0895437010753769,2.95876674416519e-07,0.326319861476996,0.475223388388172,0.000128877748096805,0.000128877748096805,0.801672127613264
414,931.253874767678,NaN,394.000223992476,13.0004319978334,NaN,0.403099387928706,0.0895437023655886,2.96261170572652e-07,0.326260056451059,0.475189769174836,0.000129156581496283,0.000129156581496283,0.801578982207392
414.1,931.371496700099,NaN,394.000224283809,13.000432559705,NaN,0.403099387148971,0.0895437036585907,2.96646498290288e-07,0.326200258375132,0.475156141128913,0.000129435915809798,0.000129435915809798,0.801485835419855
414.2,931.489104962651,NaN,394.000224575771,13.0004331227913,NaN,0.403099386367551,0.0895437049543881,2.97032659035698e-07,0.326140467249321,0.475122504251688,0.000129715733461633,0.000129715733461633,0.801392687234471
414.3,931.606699555126,NaN,394.000224868364,13.0004336870944,NaN,0.403099385584442,0.0895437062529858,2.97419654277543e-07,0.326080683073732,0.475088858544449,0.000129996060815472,0.000129996060815472,0.801299537678997
414.4,931.724280477316,NaN,394.000225161589,13.0004342526164,NaN,0.403099384799642,0.0895437075543886,2.97807485486866e-07,0.326020905848472,0.475055204008484,0.000130276862719519,0.000130276862719519,0.801206386719676
414.5,931.841847729013,NaN,394.000225455448,13.0004348193597,NaN,0.403099384013147,0.0895437088586015,2.98196154137097e-07,0.325961135573648,0.475021540645084,0.000130558174325643,0.000130558174325643,0.801113234393057
414.6,931.959401310011,NaN,394.00022574994,13.0004353873262,NaN,0.403099383224954,0.0895437101656295,2.98585661704052e-07,0.325901372249364,0.474987868455538,0.000130839969269942,0.000130839969269942,0.801020080674172
414.7,932.076941220102,NaN,394.000226045068,13.0004359565182,NaN,0.403099382435061,0.0895437114754774,2.98976009665932e-07,0.325841615875727,0.47495418744114,0.000131122273916244,0.000131122273916244,0.800926925590783
414.8,932.19446745908,NaN,394.000226340833,13.0004365269376,NaN,0.403099381643464,0.0895437127881504,2.99367199503324e-07,0.325781866452842,0.474920497603183,0.000131405061900868,0.000131405061900868,0.800833769117926
414.9,932.31198002674,NaN,394.000226637235,13.0004370985869,NaN,0.403099380850161,0.0895437141036534,2.997592326992e-07,0.325722123980815,0.474886798942963,0.000131688359587494,0.000131688359587494,0.800740611283365
415,932.429478922875,NaN,394.000226934275,13.0004376714681,NaN,0.403099380055148,0.0895437154219913,3.00152110738918e-07,0.325662388459751,0.474853091461775,0.00013197215818823,0.00013197215818823,0.800647452079714
415.1,932.54696414728,NaN,394.000227231956,13.0004382455834,NaN,0.403099379258423,0.0895437167431691,3.00545835110222e-07,0.325602659889755,0.474819375160918,0.000132256440127068,0.000132256440127068,0.8005542914908
415.2,932.66443569975,NaN,394.000227530278,13.0004388209349,NaN,0.403099378459981,0.0895437180671919,3.00940407303239e-07,0.325542938270932,0.474785650041691,0.000132541240556096,0.000132541240556096,0.800461129553179
415.3,932.78189358008,NaN,394.000227829242,13.000439397525,NaN,0.403099377659821,0.0895437193940646,3.01335828810485e-07,0.325483223603386,0.474751916105394,0.000132826533111192,0.000132826533111192,0.800367966241891
415.4,932.899337788067,NaN,394.000228128849,13.0004399753556,NaN,0.40309937685794,0.0895437207237923,3.0173210112686e-07,0.325423515887223,0.474718173353328,0.000133112326580398,0.000133112326580398,0.800274801567131
415.5,933.016768323506,NaN,394.000228429101,13.000440554429,NaN,0.403099376054334,0.08954372205638,3.02129225749649e-07,0.325363815122546,0.474684421786796,0.00013339862975168,0.00013339862975168,0.800181635539094
415.6,933.134185186193,NaN,394.000228729998,13.0004411347475,NaN,0.403099375249,0.0895437233918328,3.02527204178524e-07,0.32530412130946,0.474650661407103,0.000133685425049104,0.000133685425049104,0.800088468141612
415.7,933.251588375926,NaN,394.000229031541,13.000441716313,NaN,0.403099374441935,0.0895437247301555,3.02926037915541e-07,0.325244434448068,0.474616892215555,0.000133972738836496,0.000133972738836496,0.799995299402459
415.8,933.368977892502,NaN,394.000229333733,13.000442299128,NaN,0.403099373633137,0.0895437260713534,3.03325728465142e-07,0.325184754538474,0.474583114213458,0.000134260553538147,0.000134260553538147,0.79990212930547
415.9,933.486353735717,NaN,394.000229636573,13.0004428831946,NaN,0.403099372822601,0.0895437274154315,3.03726277334156e-07,0.325125081580783,0.47454932740212,0.000134548869153832,0.000134548869153832,0.799808957852057
416,933.60371590537,NaN,394.000229940064,13.0004434685149,NaN,0.403099372010326,0.0895437287623948,3.04127686031796e-07,0.325065415575097,0.47451553178285,0.00013483770325956,0.00013483770325956,0.799715785061207
416.1,933.721064401259,NaN,394.000230244206,13.0004440550912,NaN,0.403099371196308,0.0895437301122484,3.0452995606966e-07,0.32500575652152,0.474481727356961,0.000135127029491356,0.000135127029491356,0.799622610907972
416.2,933.838399223183,NaN,394.000230549,13.0004446429257,NaN,0.403099370380543,0.0895437314649974,3.04933088961734e-07,0.324946104420154,0.474447914125763,0.000135416874213344,0.000135416874213344,0.79952943542013
416.3,933.95572037094,NaN,394.000230854448,13.0004452320205,NaN,0.40309936956303,0.0895437328206468,3.05337086224387e-07,0.324886459271104,0.47441409209057,0.000135707219849366,0.000135707219849366,0.799436258581523
416.4,934.07302784433,NaN,394.00023116055,13.000445822378,NaN,0.403099368743765,0.0895437341792019,3.05741949376375e-07,0.32482682107447,0.474380261252697,0.000135998083975432,0.000135998083975432,0.799343080411143
416.5,934.190321643152,NaN,394.000231467308,13.0004464140003,NaN,0.403099367922744,0.0895437355406676,3.0614767993884e-07,0.324767189830357,0.47434642161346,0.00013628946659154,0.00013628946659154,0.799249900910409
416.6,934.307601767207,NaN,394.000231774723,13.0004470068897,NaN,0.403099367099964,0.0895437369050491,3.06554279435307e-07,0.324707565538866,0.474312573174176,0.000136581341333791,0.000136581341333791,0.799156720054376
416.7,934.424868216293,NaN,394.000232082797,13.0004476010483,NaN,0.403099366275424,0.0895437382723515,3.0696174939169e-07,0.3246479482001,0.474278715936164,0.000136873743353975,0.000136873743353975,0.799063537879618
416.8,934.542120990214,NaN,394.000232391529,13.0004481964784,NaN,0.403099365449119,0.0895437396425799,3.07370091336286e-07,0.32458833781416,0.474244849900744,0.00013716664628842,0.00013716664628842,0.798970354361192
416.9,934.659360088768,NaN,394.000232700922,13.0004487931823,NaN,0.403099364621046,0.0895437410157395,3.07779306799779e-07,0.324528734381149,0.474210975069236,0.000137460076500799,0.000137460076500799,0.798877169526886
417,934.776585511759,NaN,394.000233010977,13.0004493911621,NaN,0.403099363791202,0.0895437423918354,3.08189397315237e-07,0.324469137901167,0.474177091442964,0.000137754025203221,0.000137754025203221,0.798783983369334
417.1,934.893797258986,NaN,394.000233321694,13.0004499904202,NaN,0.403099362959585,0.0895437437708728,3.08600364418116e-07,0.324409548374317,0.474143199023252,0.000138048466031709,0.000138048466031709,0.798690795863601
417.2,935.010995330253,NaN,394.000233633075,13.0004505909587,NaN,0.403099362126191,0.0895437451528568,3.09012209646255e-07,0.3243499658007,0.474109297811424,0.000138343442926326,0.000138343442926326,0.798597607055051
417.3,935.128179725362,NaN,394.000233945122,13.0004511927799,NaN,0.403099361291017,0.0895437465377927,3.0942493453988e-07,0.324290390180417,0.474075387808807,0.00013863893831091,0.00013863893831091,0.798504416927535
417.4,935.245350444115,NaN,394.000234257834,13.0004517958861,NaN,0.403099360454059,0.0895437479256855,3.09838540641602e-07,0.324230821513569,0.474041469016729,0.000138934943397569,0.000138934943397569,0.798411225473696
417.5,935.362507486316,NaN,394.000234571214,13.0004524002794,NaN,0.403099359615315,0.0895437493165404,3.10253029496419e-07,0.324171259800256,0.474007541436519,0.000139231466974272,0.000139231466974272,0.798318032703749
417.6,935.479650851769,NaN,394.000234885263,13.0004530059622,NaN,0.403099358774782,0.0895437507103627,3.10668402651712e-07,0.324111705040579,0.473973605069507,0.000139528517828984,0.000139528517828984,0.798224838627915
417.7,935.596780540277,NaN,394.000235199981,13.0004536129367,NaN,0.403099357932456,0.0895437521071576,3.11084661657249e-07,0.324052157234639,0.473939659917025,0.000139826078385694,0.000139826078385694,0.79813164323005
417.8,935.713896551644,NaN,394.00023551537,13.0004542212052,NaN,0.403099357088335,0.0895437535069302,3.11501808065184e-07,0.323992616382536,0.473905705980406,0.000140124175008536,0.000140124175008536,0.79803844653795
417.9,935.830998885675,NaN,394.000235831432,13.00045483077,NaN,0.403099356242415,0.0895437549096858,3.11919843430057e-07,0.323933082484369,0.473871743260984,0.00014042277254541,0.00014042277254541,0.797945248517899
418,935.948087542175,NaN,394.000236148166,13.0004554416332,NaN,0.403099355394692,0.0895437563154295,3.1233876930879e-07,0.32387355554024,0.473837771760095,0.000140721914936227,0.000140721914936227,0.797852049215271
418.1,936.065162520949,NaN,394.000236465575,13.0004560537973,NaN,0.403099354545165,0.0895437577241668,3.12758587260696e-07,0.323814035550246,0.473803791479075,0.000141021575817009,0.000141021575817009,0.797758848605138
418.2,936.182223821803,NaN,394.00023678366,13.0004566672644,NaN,0.403099353693829,0.0895437591359027,3.13179298847469e-07,0.323754522514489,0.473769802419263,0.00014132175518799,0.00014132175518799,0.797665646688939
418.3,936.299271444542,NaN,394.000237102422,13.0004572820369,NaN,0.403099352840681,0.0895437605506425,3.1360090563319e-07,0.323695016433067,0.473735804581998,0.000141622461836902,0.000141622461836902,0.797572443476901
418.4,936.416305388974,NaN,394.000237421862,13.000457898117,NaN,0.403099351985719,0.0895437619683914,3.14023409184328e-07,0.323635517306078,0.473701797968621,0.000141923695763825,0.000141923695763825,0.797479238970463
418.5,936.533325654904,NaN,394.00023774198,13.000458515507,NaN,0.403099351128939,0.0895437633891549,3.14446811069733e-07,0.323576025133624,0.473667782580474,0.000142225456968756,0.000142225456968756,0.797386033171067
418.6,936.65033224214,NaN,394.000238062779,13.0004591342092,NaN,0.403099350270339,0.089543764812938,3.14871112860644e-07,0.323516539915801,0.473633758418901,0.000142527745451698,0.000142527745451698,0.797292826080154
418.7,936.767325150489,NaN,394.00023838426,13.0004597542259,NaN,0.403099349409914,0.0895437662397462,3.15296316130684e-07,0.32345706165271,0.473599725485246,0.00014283056121257,0.00014283056121257,0.797199617699168
418.8,936.88430437976,NaN,394.000238706424,13.0004603755595,NaN,0.403099348547661,0.0895437676695846,3.15722422455863e-07,0.323397590344447,0.473565683780855,0.00014313390425161,0.00014313390425161,0.797106408029553
418.9,937.001269929759,NaN,394.000239029271,13.0004609982121,NaN,0.403099347683578,0.0895437691024586,3.16149433414575e-07,0.323338125991111,0.473531633307075,0.000143437783356547,0.000143437783356547,0.797013197081543
419,937.118221800295,NaN,394.000239352804,13.0004616221862,NaN,0.403099346817661,0.0895437705383735,3.16577350587601e-07,0.323278668592802,0.473497574065256,0.000143742189739494,0.000143742189739494,0.796919984847797
419.1,937.235159991178,NaN,394.000239677023,13.000462247484,NaN,0.403099345949907,0.0895437719773346,3.17006175558105e-07,0.323219218149615,0.473463506056746,0.000144047132188337,0.000144047132188337,0.796826771338549
419.2,937.352084502217,NaN,394.00024000193,13.0004628741078,NaN,0.403099345080313,0.0895437734193472,3.1743590991164e-07,0.323159774661649,0.473429429282897,0.00014435260191535,0.00014435260191535,0.796733556546461
419.3,937.46899533322,NaN,394.000240327525,13.0004635020599,NaN,0.403099344208876,0.0895437748644166,3.17866555236143e-07,0.323100338129002,0.473395343745061,0.00014465860770826,0.00014465860770826,0.796640340481772
419.4,937.585892483998,NaN,394.00024065381,13.0004641313428,NaN,0.403099343335592,0.0895437763125483,3.18298113121935e-07,0.323040908551771,0.473361249444593,0.000144965149567146,0.000144965149567146,0.796547123145931
419.5,937.702775954361,NaN,394.000240980787,13.0004647619586,NaN,0.403099342460458,0.0895437777637474,3.18730585161725e-07,0.322981485930053,0.473327146382846,0.000145272227492009,0.000145272227492009,0.796453904540392
419.6,937.81964574412,NaN,394.000241308455,13.0004653939097,NaN,0.403099341583471,0.0895437792180195,3.19163972950606e-07,0.322922070263945,0.473293034561179,0.000145579832694881,0.000145579832694881,0.796360684657819
419.7,937.936501853085,NaN,394.000241636818,13.0004660271984,NaN,0.403099340704628,0.0895437806753697,3.19598278086057e-07,0.322862661553544,0.473258913980947,0.00014588797396373,0.00014588797396373,0.796267463508455
419.8,938.053344281069,NaN,394.000241965875,13.0004666618272,NaN,0.403099339823925,0.0895437821358036,3.20033502167944e-07,0.322803259798947,0.473224784643511,0.000146196668874407,0.000146196668874407,0.796174241111332
419.9,938.170173027881,NaN,394.000242295628,13.0004672977982,NaN,0.40309933894136,0.0895437835993265,3.20469646798516e-07,0.322743865000249,0.47319064655023,0.00014650588227529,0.00014650588227529,0.796081017432754
420,938.286988093336,NaN,394.000242626078,13.0004679351139,NaN,0.403099338056928,0.0895437850659437,3.20906713582409e-07,0.322684477157548,0.473156499702465,0.000146815649318002,0.000146815649318002,0.795987792509331
420.1,938.403789477244,NaN,394.000242957227,13.0004685737767,NaN,0.403099337170627,0.0895437865356607,3.21344704126645e-07,0.322625096270939,0.473122344101581,0.000147125952426609,0.000147125952426609,0.795894566324947
420.2,938.520577179418,NaN,394.000243289075,13.0004692137887,NaN,0.403099336282454,0.0895437880084829,3.2178362004063e-07,0.322565722340519,0.47308817974894,0.000147436791601355,0.000147436791601355,0.79580133888106
420.3,938.637351199672,NaN,394.000243621625,13.0004698551524,NaN,0.403099335392404,0.0895437894844156,3.22223462936157e-07,0.322506355366382,0.473054006645909,0.000147748175629963,0.000147748175629963,0.795708110187921
420.4,938.75411153782,NaN,394.000243954876,13.0004704978702,NaN,0.403099334500476,0.0895437909634643,3.22664234427404e-07,0.322446995348625,0.473019824793853,0.000148060104512515,0.000148060104512515,0.795614880246991
420.5,938.870858193674,NaN,394.000244288831,13.0004711419444,NaN,0.403099333606665,0.0895437924456345,3.23105936130934e-07,0.322387642287343,0.472985634194141,0.000148372569461043,0.000148372569461043,0.795521649050945
420.6,938.987591167049,NaN,394.00024462349,13.0004717873773,NaN,0.403099332710969,0.0895437939309315,3.23548569665697e-07,0.322328296182631,0.472951434848143,0.000148685579263514,0.000148685579263514,0.795428416610037
420.7,939.104310457759,NaN,394.000244958855,13.0004724341714,NaN,0.403099331813384,0.0895437954193607,3.23992136653028e-07,0.322268957034584,0.472917226757228,0.000148999142707896,0.000148999142707896,0.79533518293452
420.8,939.221016065619,NaN,394.000245294927,13.0004730823289,NaN,0.403099330913907,0.0895437969109277,3.24436638716646e-07,0.322209624843298,0.472883009922768,0.000149313242218171,0.000149313242218171,0.795241948008284
420.9,939.337707990445,NaN,394.000245631707,13.0004737318524,NaN,0.403099330012534,0.0895437984056379,3.24882077482658e-07,0.322150299608866,0.472848784346137,0.000149627895370522,0.000149627895370522,0.795148711850374
421,939.454386232052,NaN,394.000245969196,13.0004743827441,NaN,0.403099329109262,0.0895437999034967,3.25328454579554e-07,0.322090981331383,0.47281455002871,0.000149943084588766,0.000149943084588766,0.795055474444682
421.1,939.571050790256,NaN,394.000246307396,13.0004750350064,NaN,0.403099328204088,0.0895438014045097,3.25775771638213e-07,0.322031670010944,0.472780306971861,0.000150258836236804,0.000150258836236804,0.794962235819042
421.2,939.687701664872,NaN,394.000246646308,13.0004756886417,NaN,0.403099327297009,0.0895438029086823,3.26224030291895e-07,0.321972365647642,0.472746055176968,0.000150575123950986,0.000150575123950986,0.794868995948562
421.3,939.804338855718,NaN,394.000246985934,13.0004763436524,NaN,0.403099326388022,0.08954380441602,3.2667323217625e-07,0.321913068241572,0.47271179464541,0.000150891965306994,0.000150891965306994,0.794775754852289
421.4,939.920962362611,NaN,394.000247326273,13.0004770000409,NaN,0.403099325477122,0.0895438059265282,3.27123378929311e-07,0.321853777792827,0.472677525378565,0.000151209351516946,0.000151209351516946,0.794682512522909
421.5,940.037572185368,NaN,394.000247667329,13.0004776578095,NaN,0.403099324564307,0.0895438074402126,3.27574472191498e-07,0.321794494301502,0.472643247377815,0.000151527300156774,0.000151527300156774,0.794589268979473
421.6,940.154168323806,NaN,394.000248009101,13.0004783169606,NaN,0.403099323649573,0.0895438089570785,3.28026513605614e-07,0.321735217767688,0.472608960644542,0.000151845802438513,0.000151845802438513,0.794496024214668
421.7,940.270750777744,NaN,394.000248351591,13.0004789774968,NaN,0.403099322732917,0.0895438104771316,3.28479504816851e-07,0.32167594819148,0.472574665180129,0.000152164840786228,0.000152164840786228,0.794402778212395
421.8,940.387319547,NaN,394.000248694801,13.0004796394203,NaN,0.403099321814336,0.0895438120003774,3.28933447472784e-07,0.321616685572971,0.472540360985961,0.000152484441563736,0.000152484441563736,0.794309531000496
421.9,940.503874631392,NaN,394.000249038731,13.0004803027336,NaN,0.403099320893827,0.0895438135268214,3.29388343223374e-07,0.321557429912253,0.472506048063424,0.000152804604771289,0.000152804604771289,0.794216282580449
422,940.62041603074,NaN,394.000249383383,13.0004809674391,NaN,0.403099319971385,0.0895438150564691,3.29844193720969e-07,0.321498181209419,0.472471726413906,0.000153125304044735,0.000153125304044735,0.79412303292737
422.1,940.736943744864,NaN,394.000249728758,13.0004816335391,NaN,0.403099319047008,0.089543816589326,3.30301000620302e-07,0.321438939464562,0.472437396038795,0.000153446574535939,0.000153446574535939,0.794029782077893
422.2,940.853457773582,NaN,394.000250074857,13.0004823010362,NaN,0.403099318120693,0.0895438181253979,3.30758765578489e-07,0.321379704677774,0.472403056939481,0.000153768398669224,0.000153768398669224,0.793936530015924
422.3,940.969958116715,NaN,394.000250421682,13.0004829699327,NaN,0.403099317192435,0.0895438196646901,3.31217490255036e-07,0.321320476849148,0.472368709117355,0.0001540907852323,0.0001540907852323,0.793843276751735
422.4,941.086444774084,NaN,394.000250769234,13.000483640231,NaN,0.403099316262232,0.0895438212072084,3.3167717631183e-07,0.321261255978774,0.472334352573809,0.00015441371664932,0.00015441371664932,0.793750022269233
422.5,941.20291774551,NaN,394.000251117514,13.0004843119336,NaN,0.40309931533008,0.0895438227529582,3.32137825413148e-07,0.321202042066746,0.472299987310238,0.000154737210496217,0.000154737210496217,0.79365676658748
422.6,941.319377030812,NaN,394.000251466524,13.000484985043,NaN,0.403099314395976,0.0895438243019453,3.32599439225648e-07,0.321142835113154,0.472265613328036,0.000155061275560958,0.000155061275560958,0.793563509716751
422.7,941.435822629814,NaN,394.000251816264,13.0004856595615,NaN,0.403099313459916,0.0895438258541751,3.33062019418378e-07,0.32108363511809,0.4722312306286,0.000155385885479642,0.000155385885479642,0.793470251632169
422.8,941.552254542338,NaN,394.000252166736,13.0004863354915,NaN,0.403099312521898,0.0895438274096532,3.33525567662769e-07,0.321024442081645,0.472196839213327,0.000155711066616083,0.000155711066616083,0.793376992361588
422.9,941.668672768204,NaN,394.000252517941,13.0004870128356,NaN,0.403099311581917,0.0895438289683854,3.33990085632637e-07,0.320965256003911,0.472162439083616,0.000156036810182574,0.000156036810182574,0.79328373189771
423,941.785077307237,NaN,394.000252869881,13.0004876915961,NaN,0.40309931063997,0.0895438305303772,3.34455575004186e-07,0.320906076884978,0.472128030240868,0.000156363116178856,0.000156363116178856,0.793190470242025
423.1,941.901468159258,NaN,394.000253222556,13.0004883717756,NaN,0.403099309696055,0.0895438320956343,3.34922037456003e-07,0.320846904724936,0.472093612686483,0.000156689984605015,0.000156689984605015,0.793097207396025
423.2,942.017845324091,NaN,394.000253575968,13.0004890533765,NaN,0.403099308750167,0.0895438336641623,3.35389474669062e-07,0.320787739523878,0.472059186421866,0.00015701742424893,0.00015701742424893,0.793003943369993
423.3,942.134208801561,NaN,394.000253930119,13.0004897364011,NaN,0.403099307802303,0.0895438352359668,3.35857888326722e-07,0.320728581281892,0.472024751448418,0.00015734541753493,0.00015734541753493,0.792910678147845
423.4,942.25055859149,NaN,394.000254285009,13.000490420852,NaN,0.40309930685246,0.0895438368110535,3.36327280114729e-07,0.32066942999907,0.471990307767547,0.000157673973250719,0.000157673973250719,0.792817411739868
423.5,942.366894693704,NaN,394.00025464064,13.0004911067316,NaN,0.403099305900634,0.0895438383894281,3.36797651721212e-07,0.3206102856755,0.471955855380658,0.000158003117760286,0.000158003117760286,0.792724144173919
423.6,942.483217108027,NaN,394.000254997013,13.0004917940424,NaN,0.403099304946821,0.0895438399710962,3.37269004836688e-07,0.320551148311274,0.471921394289159,0.000158332815911764,0.000158332815911764,0.792630875416344
423.7,942.599525834284,NaN,394.000255354129,13.000492482787,NaN,0.40309930399102,0.0895438415560636,3.37741341154058e-07,0.32049201790648,0.47188692449446,0.000158663076493118,0.000158663076493118,0.792537605477432
423.8,942.7158208723,NaN,394.00025571199,13.0004931729676,NaN,0.403099303033225,0.0895438431443359,3.38214662368609e-07,0.320432894461208,0.47185244599797,0.000158993925868161,0.000158993925868161,0.792444334385046
423.9,942.832102221902,NaN,394.000256070597,13.0004938645869,NaN,0.403099302073434,0.0895438447359187,3.38688970178014e-07,0.320373777975547,0.471817958801102,0.000159325320097325,0.000159325320097325,0.792351062096747
424,942.948369882916,NaN,394.000256429951,13.0004945576473,NaN,0.403099301111643,0.0895438463308179,3.39164266282331e-07,0.320314668449587,0.471783462905269,0.000159657311908144,0.000159657311908144,0.792257788666764
424.1,943.064623855167,NaN,394.000256790054,13.0004952521512,NaN,0.403099300147849,0.0895438479290392,3.39640552384003e-07,0.320255565883417,0.471748958311884,0.000159989857360873,0.000159989857360873,0.792164514052662
424.2,943.180864138484,NaN,394.000257150906,13.0004959481013,NaN,0.403099299182048,0.0895438495305881,3.4011783018786e-07,0.320196470277124,0.471714445022364,0.000160322982819324,0.000160322982819324,0.792071238282307
424.3,943.297090732692,NaN,394.00025751251,13.0004966454998,NaN,0.403099298214236,0.0895438511354706,3.40596101401117e-07,0.320137381630798,0.471679923038125,0.000160656679495797,0.000160656679495797,0.791977961348419
424.4,943.413303637621,NaN,394.000257874865,13.0004973443495,NaN,0.403099297244411,0.0895438527436922,3.41075367733375e-07,0.320078299944527,0.471645392360585,0.000160990956177992,0.000160990956177992,0.79188468326129
424.5,943.529502853096,NaN,394.000258237975,13.0004980446527,NaN,0.403099296272569,0.0895438543552588,3.41555630896618e-07,0.3200192252184,0.471610852991164,0.000161325795290063,0.000161325795290063,0.791791404004854
424.6,943.645688378948,NaN,394.000258601839,13.0004987464119,NaN,0.403099295298706,0.0895438559701761,3.42036892605219e-07,0.319960157452503,0.471576304931282,0.000161661223195912,0.000161661223195912,0.791698123606982
424.7,943.761860215004,NaN,394.00025896646,13.0004994496296,NaN,0.403099294322819,0.0895438575884499,3.42519154575935e-07,0.319901096646927,0.471541748182362,0.000161997222319605,0.000161997222319605,0.791604842051608
424.8,943.878018361094,NaN,394.000259331839,13.0005001543085,NaN,0.403099293344905,0.089543859210086,3.43002418527909e-07,0.319842042801756,0.471507182745826,0.000162333792661051,0.000162333792661051,0.791511559340243
424.9,943.994162817047,NaN,394.000259697976,13.0005008604508,NaN,0.403099292364959,0.08954386083509,3.43486686182669e-07,0.319782995917081,0.471472608623098,0.000162670951796455,0.000162670951796455,0.791418275491975
425,944.110293582692,NaN,394.000260064873,13.0005015680593,NaN,0.403099291382979,0.0895438624634678,3.43971959264128e-07,0.319723955992987,0.471438025815606,0.00016300869093758,0.00016300869093758,0.79132499049953
425.1,944.22641065786,NaN,394.000260432532,13.0005022771363,NaN,0.403099290398961,0.0895438640952253,3.44458239498585e-07,0.319664923029561,0.471403434324775,0.000163347001296548,0.000163347001296548,0.791231704355632
425.2,944.34251404238,NaN,394.000260800953,13.0005029876845,NaN,0.403099289412902,0.0895438657303681,3.44945528614727e-07,0.319605897026892,0.471368834152033,0.000163685891661237,0.000163685891661237,0.791138417070587
425.3,944.458603736085,NaN,394.000261170139,13.0005036997063,NaN,0.403099288424797,0.0895438673689021,3.45433828343623e-07,0.319546877985065,0.471334225298812,0.000164025370819884,0.000164025370819884,0.791045128654697
425.4,944.574679738804,NaN,394.00026154009,13.0005044132043,NaN,0.403099287434644,0.0895438690108332,3.45923140418729e-07,0.319487865904168,0.471299607766541,0.000164365429984251,0.000164365429984251,0.790951839100693
425.5,944.69074205037,NaN,394.000261910808,13.000505128181,NaN,0.403099286442439,0.0895438706561671,3.46413466575886e-07,0.319428860784286,0.471264981556652,0.000164706069154429,0.000164706069154429,0.790858548410092
425.6,944.806790670614,NaN,394.000262282294,13.0005058446389,NaN,0.403099285448178,0.0895438723049097,3.46904808553323e-07,0.319369862625506,0.47123034667058,0.000165047297118384,0.000165047297118384,0.790765256593204
425.7,944.922825599368,NaN,394.000262654549,13.0005065625806,NaN,0.403099284451858,0.0895438739570668,3.47397168091651e-07,0.319310871427913,0.471195703109758,0.000165389113876117,0.000165389113876117,0.790671963651547
425.8,945.038846836464,NaN,394.000263027575,13.0005072820086,NaN,0.403099283453475,0.0895438756126442,3.4789054693387e-07,0.319251887191595,0.471161050875622,0.000165731501851602,0.000165731501851602,0.790578669569069
425.9,945.154854381737,NaN,394.000263401373,13.0005080029254,NaN,0.403099282453027,0.0895438772716479,3.48384946825362e-07,0.319192909916636,0.47112638996961,0.000166074478621048,0.000166074478621048,0.790485374364867
426,945.270848235018,NaN,394.000263775944,13.0005087253337,NaN,0.403099281450508,0.0895438789340837,3.48880369513897e-07,0.319133939603122,0.471091720393161,0.000166418052972146,0.000166418052972146,0.790392078049255
426.1,945.386828396142,NaN,394.000264151289,13.0005094492359,NaN,0.403099280445917,0.0895438805999574,3.4937681674963e-07,0.319074976251139,0.471057042147714,0.000166762216117022,0.000166762216117022,0.790298780614969
426.2,945.502794864943,NaN,394.000264527411,13.0005101746347,NaN,0.403099279439248,0.089543882269275,3.49874290285102e-07,0.319016019860771,0.471022355234709,0.000167106950479648,0.000167106950479648,0.79020548204596
426.3,945.618747641254,NaN,394.00026490431,13.0005109015325,NaN,0.403099278430499,0.0895438839420423,3.50372791875238e-07,0.318957070432103,0.470987659655591,0.000167452291212172,0.000167452291212172,0.790112182378906
426.4,945.73468672491,NaN,394.000265281987,13.0005116299319,NaN,0.403099277419667,0.0895438856182652,3.5087232327735e-07,0.318898127965221,0.4709529554118,0.00016779822073838,0.00016779822073838,0.79001888159776
426.5,945.850612115747,NaN,394.000265660445,13.0005123598356,NaN,0.403099276406747,0.0895438872979497,3.51372886251136e-07,0.318839192460209,0.470918242504784,0.000168144730270399,0.000168144730270399,0.789925579695264
426.6,945.9665238136,NaN,394.000266039684,13.000513091246,NaN,0.403099275391736,0.0895438889811016,3.51874482558678e-07,0.318780263917152,0.470883520935988,0.000168491846172128,0.000168491846172128,0.789832276699312
426.7,946.082421818304,NaN,394.000266419705,13.0005138241658,NaN,0.40309927437463,0.0895438906677269,3.52377113964444e-07,0.318721342336133,0.470848790706859,0.000168839542079669,0.000168839542079669,0.789738972585072
426.8,946.198306129696,NaN,394.00026680051,13.0005145585975,NaN,0.403099273355426,0.0895438923578314,3.52880782235289e-07,0.318662427717237,0.470814051818846,0.00016918783556886,0.00016918783556886,0.789645667371652
426.9,946.314176747611,NaN,394.000267182101,13.0005152945437,NaN,0.403099272334121,0.0895438940514212,3.53385489140451e-07,0.318603520060548,0.470779304273399,0.000169536726639983,0.000169536726639983,0.789552361060587
427,946.430033671887,NaN,394.000267564478,13.0005160320069,NaN,0.40309927131071,0.0895438957485022,3.53891236451555e-07,0.318544619366149,0.470744548071969,0.000169886206504789,0.000169886206504789,0.789459053644622
427.1,946.545876902361,NaN,394.000267947643,13.0005167709899,NaN,0.40309927028519,0.0895438974490803,3.54398025942613e-07,0.318485725634124,0.470709783216008,0.000170236292739307,0.000170236292739307,0.789365745142872
427.2,946.661706438871,NaN,394.000268331597,13.0005175114951,NaN,0.403099269257557,0.0895438991531615,3.5490585939002e-07,0.318426838864557,0.470675009706971,0.000170586967767507,0.000170586967767507,0.789272435539295
427.3,946.777522281253,NaN,394.000268716342,13.0005182535252,NaN,0.403099268227809,0.0895439008607518,3.55414738572558e-07,0.31836795905753,0.470640227546312,0.000170938240377642,0.000170938240377642,0.789179124844219
427.4,946.893324429347,NaN,394.000269101879,13.0005189970827,NaN,0.403099267195941,0.0895439025718571,3.55924665271395e-07,0.318309086213127,0.470605436735487,0.000171290119357392,0.000171290119357392,0.789085813067971
427.5,947.00911288299,NaN,394.00026948821,13.0005197421702,NaN,0.403099266161949,0.0895439042864834,3.56435641270081e-07,0.31825022033143,0.470570637275954,0.000171642578342953,0.000171642578342953,0.788992500185728
427.6,947.124887642023,NaN,394.000269875335,13.0005204887905,NaN,0.403099265125831,0.0895439060046367,3.56947668354558e-07,0.318191361412523,0.470535829169173,0.000171995661274159,0.000171995661274159,0.788899186242969
427.7,947.240648706283,NaN,394.000270263256,13.000521236946,NaN,0.403099264087582,0.089543907726323,3.57460748313147e-07,0.318132509456487,0.470501012416602,0.000172349324211176,0.000172349324211176,0.788805871197299
427.8,947.356396075611,NaN,394.000270651974,13.0005219866393,NaN,0.403099263047199,0.0895439094515484,3.57974882936559e-07,0.318073664463405,0.470466187019703,0.000172703611093741,0.000172703611093741,0.788712555094201
427.9,947.472129749846,NaN,394.000271041492,13.0005227378732,NaN,0.403099262004678,0.0895439111803188,3.58490074017888e-07,0.318014826433359,0.470431352979939,0.000173058477982309,0.000173058477982309,0.78861923789128
428,947.587849728829,NaN,394.000271431809,13.0005234906501,NaN,0.403099260960016,0.0895439129126403,3.59006323352616e-07,0.317955995366431,0.470396510298774,0.000173413951240492,0.000173413951240492,0.788525919616445
428.1,947.703556012401,NaN,394.000271822928,13.0005242449728,NaN,0.403099259913208,0.0895439146485189,3.59523632738608e-07,0.317897171262703,0.470361658977672,0.00017377004844432,0.00017377004844432,0.788432600288819
428.2,947.819248600402,NaN,394.000272214849,13.0005250008438,NaN,0.403099258864252,0.0895439163879606,3.60042003976116e-07,0.317838354122256,0.470326799018101,0.000174126725653862,0.000174126725653862,0.78833927986601
428.3,947.934927492674,NaN,394.000272607575,13.0005257582659,NaN,0.403099257813143,0.0895439181309715,3.60561438867776e-07,0.317779543945172,0.470291930421527,0.000174484026809242,0.000174484026809242,0.788245958393508
428.4,948.050592689059,NaN,394.000273001107,13.0005265172415,NaN,0.403099256759879,0.0895439198775576,3.61081939218613e-07,0.317720740731531,0.47025705318942,0.000174841916758302,0.000174841916758302,0.78815263583771
428.5,948.166244189398,NaN,394.000273395445,13.0005272777734,NaN,0.403099255704454,0.089543921627725,3.61603506836035e-07,0.317661944481416,0.47022216732325,0.000175200430653008,0.000175200430653008,0.788059312235319
428.6,948.281881993535,NaN,394.000273790592,13.0005280398642,NaN,0.403099254646867,0.0895439233814799,3.62126143529834e-07,0.317603155194907,0.470187272824488,0.000175559542129457,0.000175559542129457,0.787965987561524
428.7,948.397506101311,NaN,394.000274186548,13.0005288035165,NaN,0.403099253587112,0.0895439251388282,3.62649851112191e-07,0.317544372872084,0.470152369694607,0.000175919268763585,0.000175919268763585,0.787872661835455
428.8,948.51311651257,NaN,394.000274583315,13.000529568733,NaN,0.403099252525187,0.089543926899776,3.63174631397672e-07,0.317485597513029,0.470117457935081,0.000176279601767326,0.000176279601767326,0.787779335049877
428.9,948.628713227156,NaN,394.000274980895,13.0005303355164,NaN,0.403099251461087,0.0895439286643295,3.63700486203225e-07,0.317426829117821,0.470082537547385,0.000176640541140974,0.000176640541140974,0.787686007206347
429,948.744296244913,NaN,394.000275379288,13.0005311038692,NaN,0.403099250394809,0.0895439304324948,3.64227417348188e-07,0.31736806768654,0.470047608532996,0.000177002104460169,0.000177002104460169,0.787592678323996
429.1,948.859865565683,NaN,394.000275778497,13.0005318737941,NaN,0.40309924932635,0.0895439322042779,3.64755426654283e-07,0.317309313219267,0.470012670893391,0.000177364265361108,0.000177364265361108,0.787499348378019
429.2,948.975421189313,NaN,394.000276178522,13.0005326452939,NaN,0.403099248255705,0.089543933979685,3.65284515945616e-07,0.317250565716081,0.46997772463005,0.000177727041419626,0.000177727041419626,0.78740601738755
429.3,949.090963115647,NaN,394.000276579365,13.000533418371,NaN,0.403099247182871,0.0895439357587222,3.65814687048681e-07,0.317191825177063,0.469942769744452,0.000178090432636019,0.000178090432636019,0.78731268535415
429.4,949.20649134453,NaN,394.000276981027,13.0005341930284,NaN,0.403099246107844,0.0895439375413957,3.66345941792355e-07,0.31713309160229,0.469907806238079,0.000178454447797959,0.000178454447797959,0.787219352288167
429.5,949.322005875809,NaN,394.00027738351,13.0005349692685,NaN,0.403099245030621,0.0895439393277116,3.66878282007903e-07,0.317074364991844,0.469872834112414,0.00017881906932961,0.00017881906932961,0.787126018173587
429.6,949.437506709328,NaN,394.000277786816,13.0005357470941,NaN,0.403099243951198,0.089543941117676,3.67411709528975e-07,0.317015645345802,0.469837853368941,0.000179184306018939,0.000179184306018939,0.787032683020762
429.7,949.552993844934,NaN,394.000278190944,13.0005365265078,NaN,0.40309924286957,0.0895439429112952,3.67946226191604e-07,0.316956932664244,0.469802864009145,0.000179550157865945,0.000179550157865945,0.786939346831255
429.8,949.668467282474,NaN,394.000278595898,13.0005373075124,NaN,0.403099241785735,0.0895439447085752,3.68481833834214e-07,0.316898226947248,0.469767866034513,0.00017991662487053,0.00017991662487053,0.786846009606631
429.9,949.783927021795,NaN,394.000279001677,13.0005380901105,NaN,0.403099240699689,0.0895439465095223,3.69018534297608e-07,0.316839528194893,0.469732859446533,0.000180283724608926,0.000180283724608926,0.786752671366035
430,949.899373062744,NaN,394.000279408285,13.0005388743048,NaN,0.403099239611427,0.0895439483141426,3.69556329424979e-07,0.316780836407257,0.469697844246693,0.000180651430716933,0.000180651430716933,0.786659332084667
430.1,950.01480540517,NaN,394.000279815721,13.000539660098,NaN,0.403099238520946,0.0895439501224424,3.70095221061905e-07,0.316722151584419,0.469662820436484,0.000181019769558552,0.000181019769558552,0.786565991790461
430.2,950.130224048919,NaN,394.000280223988,13.0005404474927,NaN,0.403099237428243,0.0895439519344278,3.70635211056348e-07,0.316663473726456,0.469627788017398,0.000181388705981815,0.000181388705981815,0.786472650449836
430.3,950.245628993841,NaN,394.000280633086,13.0005412364918,NaN,0.403099236333314,0.0895439537501051,3.71176301258656e-07,0.316604802833447,0.469592746990926,0.000181758283926857,0.000181758283926857,0.7863793081083
430.4,950.361020239784,NaN,394.000281043018,13.0005420270979,NaN,0.403099235236154,0.0895439555694804,3.71718493521564e-07,0.316546138905468,0.469557697358565,0.000182128485817443,0.000182128485817443,0.786285964749851
430.5,950.476397786598,NaN,394.000281453785,13.0005428193136,NaN,0.403099234136761,0.08954395739256,3.72261789700191e-07,0.316487481942598,0.469522639121808,0.000182499294077741,0.000182499294077741,0.786192620358484
430.6,950.591761634131,NaN,394.000281865387,13.0005436131417,NaN,0.40309923303513,0.0895439592193501,3.72806191652043e-07,0.316428831944914,0.469487572282153,0.000182870743859617,0.000182870743859617,0.786099274970926
430.7,950.707111782235,NaN,394.000282277827,13.000544408585,NaN,0.403099231931258,0.089543961049857,3.7335170123701e-07,0.316370188912492,0.469452496841097,0.000183242800011204,0.000183242800011204,0.7860059285536
430.8,950.822448230758,NaN,394.000282691106,13.0005452056461,NaN,0.40309923082514,0.0895439628840869,3.73898320317368e-07,0.31631155284541,0.469417412800139,0.000183615497684268,0.000183615497684268,0.785912581143233
430.9,950.937770979553,NaN,394.000283105225,13.0005460043277,NaN,0.403099229716774,0.0895439647220461,3.74446050757779e-07,0.316252923743745,0.46938232016078,0.00018398881930318,0.00018398881930318,0.785819232723828
431,951.053080028469,NaN,394.000283520186,13.0005468046325,NaN,0.403099228606155,0.0895439665637408,3.7499489442529e-07,0.316194301607572,0.469347218924521,0.000184362756079668,0.000184362756079668,0.785725883288172
431.1,951.168375377357,NaN,394.000283935989,13.0005476065634,NaN,0.403099227493279,0.0895439684091773,3.75544853189335e-07,0.316135686436969,0.469312109092865,0.000184737334377735,0.000184737334377735,0.785632532864212
431.2,951.283657026071,NaN,394.000284352638,13.0005484101231,NaN,0.403099226378144,0.0895439702583619,3.76095928921732e-07,0.316077078232012,0.469276990667316,0.00018511254540931,0.00018511254540931,0.785539181444737
431.3,951.39892497446,NaN,394.000284770132,13.0005492153141,NaN,0.403099225260744,0.0895439721113009,3.76648123496684e-07,0.316018476992776,0.46924186364938,0.000185488362810802,0.000185488362810802,0.785445829004967
431.4,951.514179222378,NaN,394.000285188473,13.0005500221394,NaN,0.403099224141076,0.0895439739680006,3.77201438790782e-07,0.315959882719338,0.469206728040564,0.000185864830521737,0.000185864830521737,0.785352475590424
431.5,951.629419769678,NaN,394.000285607664,13.0005508306016,NaN,0.403099223019137,0.0895439758284672,3.77755876683e-07,0.315901295411773,0.469171583842374,0.000186241930966283,0.000186241930966283,0.785259121185114
431.6,951.744646616212,NaN,394.000286027704,13.0005516407035,NaN,0.403099221894922,0.0895439776927072,3.783114390547e-07,0.315842715070157,0.469136431056321,0.000186619646568507,0.000186619646568507,0.785165765773047
431.7,951.859859761835,NaN,394.000286448596,13.0005524524478,NaN,0.403099220768428,0.0895439795607267,3.78868127789627e-07,0.315784141694565,0.469101269683914,0.00018699800369231,0.00018699800369231,0.785072409382171
431.8,951.975059206399,NaN,394.000286870341,13.0005532658372,NaN,0.403099219639651,0.0895439814325322,3.79425944773915e-07,0.315725575285072,0.469066099726666,0.000187377002337587,0.000187377002337587,0.784979052014075
431.9,952.090244949758,NaN,394.000287292941,13.0005540808746,NaN,0.403099218508587,0.08954398330813,3.79984891896078e-07,0.315667015841753,0.469030921186088,0.000187756624928716,0.000187756624928716,0.78488569365277
432,952.205416991768,NaN,394.000287716396,13.0005548975627,NaN,0.403099217375232,0.0895439851875263,3.80544971047021e-07,0.315608463364683,0.468995734063696,0.000188136889041321,0.000188136889041321,0.78479233431742
432.1,952.320575332283,NaN,394.000288140709,13.0005557159042,NaN,0.403099216239583,0.0895439870707277,3.81106184120033e-07,0.315549917853936,0.468960538361005,0.000188517785887536,0.000188517785887536,0.784698974000828
432.2,952.435719971158,NaN,394.000288565881,13.000556535902,NaN,0.403099215101635,0.0895439889577404,3.81668533010787e-07,0.315491379309587,0.46892533407953,0.000188899315467259,0.000188899315467259,0.784605612704585
432.3,952.550850908249,NaN,394.000288991912,13.0005573575586,NaN,0.403099213961385,0.0895439908485709,3.82232019617343e-07,0.315432847731711,0.468890121220791,0.00018928148656877,0.00018928148656877,0.78451225043907
432.4,952.665968143411,NaN,394.000289418805,13.0005581808772,NaN,0.403099212818829,0.0895439927432254,3.82796645840146e-07,0.315374323120381,0.468854899786306,0.000189664299191754,0.000189664299191754,0.784418887205878
432.5,952.781071676501,NaN,394.000289846562,13.0005590058601,NaN,0.403099211673963,0.0895439946417104,3.83362413582027e-07,0.315315805475671,0.468819669777595,0.00019004774454835,0.00019004774454835,0.784325522997814
432.6,952.896161507376,NaN,394.000290275183,13.0005598325105,NaN,0.403099210526784,0.0895439965440322,3.83929324748203e-07,0.315257294797654,0.468784431196181,0.000190431840214491,0.000190431840214491,0.784232157834049
432.7,953.011237635892,NaN,394.00029070467,13.0005606608308,NaN,0.403099209377286,0.0895439984501973,3.84497381246274e-07,0.315198791086405,0.468749184043585,0.000190816568614243,0.000190816568614243,0.784138791698604
432.8,953.126300061906,NaN,394.000291135024,13.0005614908241,NaN,0.403099208225467,0.0895440003602121,3.85066584986229e-07,0.315140294341997,0.468713928321332,0.000191201938535575,0.000191201938535575,0.784045424601865
432.9,953.241348785277,NaN,394.000291566247,13.0005623224929,NaN,0.403099207071323,0.0895440022740829,3.85636937880441e-07,0.315081804564503,0.468678664030948,0.000191587949978378,0.000191587949978378,0.783952056545429
433,953.356383805862,NaN,394.00029199834,13.0005631558403,NaN,0.403099205914849,0.0895440041918163,3.86208441843668e-07,0.315023321753995,0.468643391173959,0.000191974611730939,0.000191974611730939,0.783858687539685
433.1,953.47140512352,NaN,394.000292431305,13.0005639908689,NaN,0.403099204756043,0.0895440061134187,3.86781098793054e-07,0.314964845910547,0.468608109751893,0.000192361915004972,0.000192361915004972,0.783765317577444
433.2,953.586412738109,NaN,394.000292865143,13.0005648275815,NaN,0.403099203594899,0.0895440080388964,3.87354910648129e-07,0.314906377034231,0.468572819766278,0.00019274985101251,0.00019274985101251,0.783671946651522
433.3,953.701406649488,NaN,394.000293299856,13.000565665981,NaN,0.403099202431414,0.089544009968256,3.87929879330807e-07,0.314847915125121,0.468537521218646,0.000193138446117774,0.000193138446117774,0.783578574789885
433.4,953.816386857517,NaN,394.000293735445,13.0005665060702,NaN,0.403099201265585,0.0895440119015039,3.88506006765391e-07,0.314789460183287,0.468502214110528,0.000193527691532476,0.000193527691532476,0.783485201985347
433.5,953.931353362055,NaN,394.000294171912,13.0005673478517,NaN,0.403099200097407,0.0895440138386465,3.89083294878566e-07,0.314731012208802,0.468466898443456,0.00019391756968079,0.00019391756968079,0.783391828221939
433.6,954.046306162964,NaN,394.000294609257,13.0005681913286,NaN,0.403099198926876,0.0895440157796903,3.89661745599404e-07,0.314672571201738,0.468431574218965,0.000194308098138649,0.000194308098138649,0.783298453518842
433.7,954.161245260102,NaN,394.000295047483,13.0005690365036,NaN,0.403099197753989,0.0895440177246419,3.90241360859363e-07,0.314614137162167,0.46839624143859,0.00019469928569402,0.00019469928569402,0.783205077886451
433.8,954.276170653331,NaN,394.000295486591,13.0005698833794,NaN,0.403099196578741,0.0895440196735077,3.90822142592286e-07,0.31455571009016,0.468360900103867,0.000195091123558936,0.000195091123558936,0.783111701317586
433.9,954.391082342513,NaN,394.000295926582,13.0005707319591,NaN,0.403099195401129,0.0895440216262942,3.91404092734401e-07,0.314497289985789,0.468325550216335,0.000195483594157356,0.000195483594157356,0.783018323796281
434,954.505980327507,NaN,394.000296367458,13.0005715822452,NaN,0.403099194221149,0.0895440235830079,3.91987213224322e-07,0.314438876849125,0.468290191777531,0.000195876732641471,0.000195876732641471,0.782924945359298
434.1,954.620864608178,NaN,394.000296809221,13.0005724342408,NaN,0.403099193038796,0.0895440255436553,3.92571506003049e-07,0.314380470680239,0.468254824788998,0.000196270512647056,0.000196270512647056,0.782831565981883
434.2,954.735735184386,NaN,394.000297251871,13.0005732879486,NaN,0.403099191854068,0.089544027508243,3.93156973013968e-07,0.314322071479201,0.468219449252275,0.000196664960538011,0.000196664960538011,0.782738185692014
434.3,954.850592055995,NaN,394.000297695411,13.0005741433714,NaN,0.403099190666959,0.0895440294767774,3.93743616202848e-07,0.314263679246083,0.468184065168906,0.000197060041162796,0.000197060041162796,0.782644804456152
434.4,954.965435222867,NaN,394.000298139841,13.0005750005121,NaN,0.403099189477466,0.0895440314492651,3.94331437517847e-07,0.314205293980954,0.468148672540435,0.000197455789672951,0.000197455789672951,0.782551422311063
434.5,955.080264684865,NaN,394.000298585163,13.0005758593736,NaN,0.403099188285585,0.0895440334257128,3.94920438909507e-07,0.314146915683886,0.468113271368407,0.000197852197280618,0.000197852197280618,0.782458039249574
434.6,955.195080441854,NaN,394.000299031379,13.0005767199587,NaN,0.403099187091313,0.0895440354061268,3.95510622330755e-07,0.314088544354948,0.468077861654368,0.000198249246409863,0.000198249246409863,0.782364655255726
434.7,955.309882493697,NaN,394.000299478491,13.0005775822703,NaN,0.403099185894644,0.0895440373905137,3.96101989736904e-07,0.314030179994211,0.468042443399867,0.000198646963424587,0.000198646963424587,0.782271270357502
434.8,955.424670840259,NaN,394.000299926499,13.0005784463111,NaN,0.403099184695576,0.0895440393788802,3.96694543085652e-07,0.313971822601743,0.468007016606451,0.000199045339536823,0.000199045339536823,0.782177884547731
434.9,955.539445481404,NaN,394.000300375405,13.0005793120841,NaN,0.403099183494104,0.0895440413712329,3.97288284337085e-07,0.313913472177615,0.467971581275672,0.000199444365958494,0.000199444365958494,0.782084497819245
435,955.654206416997,NaN,394.000300825211,13.0005801795921,NaN,0.403099182290224,0.0895440433675782,3.97883215453671e-07,0.313855128721896,0.467936137409081,0.000199844051477899,0.000199844051477899,0.781991110182454
435.1,955.768953646905,NaN,394.000301275917,13.000581048838,NaN,0.403099181083933,0.0895440453679228,3.98479338400266e-07,0.313796792234655,0.467900685008229,0.000200244404882671,0.000200244404882671,0.781897721647766
435.2,955.883687170991,NaN,394.000301727527,13.0005819198247,NaN,0.403099179875225,0.0895440473722733,3.99076655144112e-07,0.313738462715961,0.467865224074672,0.000200645408596877,0.000200645408596877,0.78180433219923
435.3,955.998406989124,NaN,394.00030218004,13.0005827925549,NaN,0.403099178664098,0.0895440493806363,3.99675167654833e-07,0.313680140165883,0.467829754609964,0.000201047088984752,0.000201047088984752,0.781710941864832
435.4,956.113113101169,NaN,394.000302633459,13.0005836670317,NaN,0.403099177450548,0.0895440513930185,4.00274877904442e-07,0.313621824584491,0.467794276615662,0.000201449410894094,0.000201449410894094,0.781617550611047
435.5,956.227805506993,NaN,394.000303087785,13.0005845432579,NaN,0.403099176234569,0.0895440534094264,4.00875787867337e-07,0.313563515971851,0.467758790093323,0.000201852418264848,0.000201852418264848,0.781524158483439
435.6,956.342484206463,NaN,394.00030354302,13.0005854212363,NaN,0.403099175016159,0.0895440554298667,4.01477899520301e-07,0.313505214328034,0.467723295044506,0.000202256075945148,0.000202256075945148,0.781430765448485
435.7,956.457149199447,NaN,394.000303999165,13.0005863009698,NaN,0.403099173795313,0.0895440574543459,4.02081214842503e-07,0.313446919653106,0.467687791470771,0.000202660401510927,0.000202660401510927,0.781337371525388
435.8,956.571800485812,NaN,394.000304456221,13.0005871824615,NaN,0.403099172572028,0.0895440594828709,4.02685735815496e-07,0.313388631947136,0.46765227937368,0.000203065394962184,0.000203065394962184,0.781243976715778
435.9,956.686438065428,NaN,394.00030491419,13.000588065714,NaN,0.403099171346299,0.0895440615154482,4.03291464423221e-07,0.313330351210191,0.467616758754794,0.000203471056298808,0.000203471056298808,0.781150581021284
436,956.801061938162,NaN,394.000305373074,13.0005889507304,NaN,0.403099170118122,0.0895440635520845,4.03898402652002e-07,0.31327207744234,0.467581229615679,0.000203877376733169,0.000203877376733169,0.781057184434752
436.1,956.915672103884,NaN,394.000305832874,13.0005898375135,NaN,0.403099168887493,0.0895440655927864,4.04506552490551e-07,0.313213810643649,0.467545691957897,0.000204284373840863,0.000204284373840863,0.780963786975387
436.2,957.030268562462,NaN,394.000306293591,13.0005907260662,NaN,0.403099167654408,0.0895440676375607,4.05115915929965e-07,0.313155550814186,0.467510145783017,0.00020469203004607,0.00020469203004607,0.780870388627249
436.3,957.144851313767,NaN,394.000306755228,13.0005916163914,NaN,0.403099166418864,0.089544069686414,4.05726494963725e-07,0.313097297954018,0.467474591092606,0.000205100362924608,0.000205100362924608,0.780776989409548
436.4,957.259420357668,NaN,394.000307217785,13.0005925084922,NaN,0.403099165180856,0.0895440717393531,4.06338291587699e-07,0.313039052063212,0.467439027888231,0.00020550937247682,0.00020550937247682,0.78068358932392
436.5,957.373975694037,NaN,394.000307681264,13.0005934023713,NaN,0.40309916394038,0.0895440737963846,4.06951307800139e-07,0.312980813141835,0.467403456171463,0.00020591904112643,0.00020591904112643,0.780590188354424
436.6,957.488517322743,NaN,394.000308145667,13.0005942980316,NaN,0.403099162697431,0.0895440758575153,4.07565545601685e-07,0.312922581189952,0.467367875943874,0.000206329386449485,0.000206329386449485,0.780496786520275
436.7,957.603045243657,NaN,394.000308610995,13.0005951954762,NaN,0.403099161452007,0.0895440779227518,4.08181006995361e-07,0.312864356207631,0.467332287207035,0.00020674039965802,0.00020674039965802,0.780403383814324
436.8,957.717559456652,NaN,394.000309077249,13.0005960947079,NaN,0.403099160204103,0.089544079992101,4.08797693986577e-07,0.312806138194938,0.46729668996252,0.000207152098327967,0.000207152098327967,0.780309980255786
436.9,957.832059961598,NaN,394.000309544432,13.0005969957295,NaN,0.403099158953715,0.0895440820655694,4.09415608583128e-07,0.312747927151938,0.467261084211904,0.000207564464883278,0.000207564464883278,0.780216575828725
437,957.946546758369,NaN,394.000310012544,13.0005978985443,NaN,0.403099157700838,0.089544084143164,4.10034752795196e-07,0.312689723078698,0.467225469956763,0.000207977508112265,0.000207977508112265,0.780123170543573
437.1,958.061019846836,NaN,394.000310481588,13.0005988031549,NaN,0.403099156445469,0.0895440862248914,4.10655128635345e-07,0.312631525975283,0.467189847198675,0.000208391219226615,0.000208391219226615,0.780029764393184
437.2,958.175479226872,NaN,394.000310951564,13.0005997095644,NaN,0.403099155187604,0.0895440883107584,4.11276738118529e-07,0.312573335841759,0.467154215939217,0.000208805615802378,0.000208805615802378,0.779936357396778
437.3,958.289924898351,NaN,394.000311422474,13.0006006177757,NaN,0.403099153927239,0.0895440904007718,4.11899583262086e-07,0.31251515267819,0.46711857617997,0.000209220689051471,0.000209220689051471,0.779842949547212
437.4,958.404356861147,NaN,394.000311894321,13.0006015277917,NaN,0.403099152664369,0.0895440924949383,4.12523666085737e-07,0.312456976484642,0.467082927922515,0.000209636438974242,0.000209636438974242,0.779749540846131
437.5,958.518775115132,NaN,394.000312367104,13.0006024396154,NaN,0.40309915139899,0.0895440945932648,4.13148988611593e-07,0.312398807261181,0.467047271168433,0.000210052874358309,0.000210052874358309,0.779656131303972
437.6,958.633179660181,NaN,394.000312840826,13.0006033532498,NaN,0.403099150131098,0.0895440966957579,4.13775552864147e-07,0.31234064500787,0.467011605919309,0.000210469977627856,0.000210469977627856,0.779562720904807
437.7,958.74757049617,NaN,394.000313315489,13.0006042686977,NaN,0.40309914886069,0.0895440988024247,4.1440336087028e-07,0.312282489724774,0.466975932176727,0.000210887775146781,0.000210887775146781,0.779469309676647
437.8,958.861947622972,NaN,394.000313791094,13.0006051859622,NaN,0.403099147587761,0.0895441009132717,4.15032414659256e-07,0.312224341411957,0.466940249942273,0.000211306240551186,0.000211306240551186,0.779375897594781
437.9,958.976311040464,NaN,394.000314267642,13.0006061050462,NaN,0.403099146312307,0.0895441030283059,4.15662716262727e-07,0.312166200069485,0.466904559217533,0.000211725400204852,0.000211725400204852,0.779282484687223
438,959.09066074852,NaN,394.000314745135,13.0006070259528,NaN,0.403099145034323,0.0895441051475341,4.16294267714729e-07,0.31210806569742,0.466868860004097,0.000212145236532199,0.000212145236532199,0.77918907093805
438.1,959.204996747017,NaN,394.000315223574,13.0006079486848,NaN,0.403099143753807,0.0895441072709631,4.16927071051684e-07,0.312049938295827,0.466833152303554,0.000212565758320841,0.000212565758320841,0.779095656357703
438.2,959.319319035832,NaN,394.000315702962,13.0006088732452,NaN,0.403099142470753,0.0895441093985997,4.17561128312401e-07,0.31199181786477,0.466797436117495,0.000212986965570896,0.000212986965570896,0.779002240947835
438.3,959.433627614841,NaN,394.000316183299,13.000609799637,NaN,0.403099141185157,0.0895441115304509,4.18196441538071e-07,0.311933704404311,0.466761711447511,0.000213408858282245,0.000213408858282245,0.778908824710104
438.4,959.547922483921,NaN,394.000316664587,13.0006107278632,NaN,0.403099139897016,0.0895441136665234,4.18833012772275e-07,0.311875597914515,0.466725978295196,0.000213831436455243,0.000213831436455243,0.778815407646166
438.5,959.662203642949,NaN,394.000317146828,13.0006116579267,NaN,0.403099138606325,0.0895441158068242,4.19470844060975e-07,0.311817498395443,0.466690236662145,0.000214254708877503,0.000214254708877503,0.778721989766466
438.6,959.776471091804,NaN,394.000317630023,13.0006125898306,NaN,0.40309913731308,0.08954411795136,4.20109937452523e-07,0.31175940584716,0.466654486549952,0.000214678657973208,0.000214678657973208,0.778628571055086
438.7,959.890724830363,NaN,394.000318114174,13.0006135235779,NaN,0.403099136017277,0.0895441201001378,4.20750294997653e-07,0.311701320269729,0.466618727960216,0.000215103301318292,0.000215103301318292,0.778535151531263
438.8,960.004964858505,NaN,394.000318599282,13.0006144591715,NaN,0.403099134718912,0.0895441222531645,4.21391918749487e-07,0.31164324166321,0.466582960894534,0.000215528630124789,0.000215528630124789,0.778441731187869
438.9,960.11919117611,NaN,394.000319085349,13.0006153966144,NaN,0.40309913341798,0.089544124410447,4.22034810763531e-07,0.311585170027668,0.466547185354505,0.000215954661968512,0.000215954661968512,0.778348310044142
439,960.233403783055,NaN,394.000319572377,13.0006163359097,NaN,0.403099132114478,0.0895441265719921,4.22678973097678e-07,0.311527105363164,0.466511401341731,0.000216381370485921,0.000216381370485921,0.778254888075381
439.1,960.347602679221,NaN,394.000320060367,13.0006172770603,NaN,0.403099130808401,0.0895441287378069,4.23324407812204e-07,0.311469047669761,0.466475608857812,0.000216808782040556,0.000216808782040556,0.778161465309613
439.2,960.461787864488,NaN,394.00032054932,13.0006182200693,NaN,0.403099129499745,0.0895441309078981,4.23971116969774e-07,0.31141099694752,0.466439807904352,0.000217236879056604,0.000217236879056604,0.778068041730928
439.3,960.575959338735,NaN,394.000321039238,13.0006191649395,NaN,0.403099128188506,0.0895441330822728,4.24619102635436e-07,0.311352953196502,0.466403998482955,0.000217665679109877,0.000217665679109877,0.777974617358568
439.4,960.690117101844,NaN,394.000321530123,13.0006201116742,NaN,0.40309912687468,0.0895441352609379,4.25268366876624e-07,0.311294916416771,0.466368180595227,0.000218095155836838,0.000218095155836838,0.777881192167835
439.5,960.804261153695,NaN,394.000322021976,13.0006210602763,NaN,0.403099125558262,0.0895441374439002,4.25918911763158e-07,0.311236886608386,0.466332354242775,0.00021852534438899,0.00021852534438899,0.777787766195549
439.6,960.918391494171,NaN,394.000322514799,13.0006220107488,NaN,0.403099124239249,0.0895441396311669,4.26570739367244e-07,0.311178863771408,0.466296519427205,0.000218956227190522,0.000218956227190522,0.777694339425804
439.7,961.032508123151,NaN,394.000323008594,13.0006229630948,NaN,0.403099122917635,0.0895441418227448,4.27223851763474e-07,0.3111208479059,0.466260676150127,0.000219387795453467,0.000219387795453467,0.777600911851481
439.8,961.146611040519,NaN,394.000323503361,13.0006239173172,NaN,0.403099121593418,0.0895441440186409,4.27878251028822e-07,0.311062839011922,0.466224824413153,0.000219820075541725,0.000219820075541725,0.777507483500616
439.9,961.260700246158,NaN,394.000323999103,13.0006248734191,NaN,0.403099120266592,0.0895441462188622,4.28533939242653e-07,0.311004837089534,0.466188964217892,0.00022025304987924,0.00022025304987924,0.777414054357305
440,961.374775739949,NaN,394.000324495821,13.0006258314035,NaN,0.403099118937154,0.0895441484234156,4.29190918486713e-07,0.310946842138797,0.466153095565958,0.000220686718466378,0.000220686718466378,0.777320624423221
440.1,961.488837521775,NaN,394.000324993516,13.0006267912736,NaN,0.4030991176051,0.0895441506323082,4.29849190845135e-07,0.310888854159771,0.466117218458965,0.000221121090090741,0.000221121090090741,0.777227193708827
440.2,961.602885591521,NaN,394.000325492191,13.0006277530322,NaN,0.403099116270424,0.089544152845547,4.30508758404439e-07,0.310830873152517,0.466081332898528,0.000221556155964483,0.000221556155964483,0.77713376220701
440.3,961.71691994907,NaN,394.000325991847,13.0006287166825,NaN,0.403099114933123,0.0895441550631389,4.31169623253529e-07,0.310772899117093,0.466045438886264,0.000221991942451382,0.000221991942451382,0.777040329945809
440.4,961.830940594306,NaN,394.000326492485,13.0006296822275,NaN,0.403099113593193,0.0895441572850911,4.31831787483694e-07,0.31071493205356,0.46600953642379,0.00022242841439994,0.00022242841439994,0.77694689689175
440.5,961.944947527114,NaN,394.000326994107,13.0006306496703,NaN,0.403099112250629,0.0895441595114104,4.32495253188611e-07,0.310656971961978,0.465973625512725,0.000222865589385721,0.000222865589385721,0.776853463064088
440.6,962.058940747378,NaN,394.000327496715,13.0006316190139,NaN,0.403099110905427,0.089544161742104,4.33160022464341e-07,0.310599018842405,0.465937706154689,0.000223303476196814,0.000223303476196814,0.776760028473291
440.7,962.172920254984,NaN,394.00032800031,13.0006325902614,NaN,0.403099109557584,0.0895441639771789,4.3382609740933e-07,0.310541072694902,0.465901778351303,0.000223742066045254,0.000223742066045254,0.77666659311225
440.8,962.286886049818,NaN,394.000328504894,13.0006335634158,NaN,0.403099108207094,0.0895441662166422,4.3449348012441e-07,0.310483133519526,0.46586584210419,0.000224181358931041,0.000224181358931041,0.776573156982647
440.9,962.400838131764,NaN,394.000329010468,13.0006345384802,NaN,0.403099106853953,0.0895441684605008,4.35162172712799e-07,0.310425201316337,0.465829897414974,0.000224621363642015,0.000224621363642015,0.776479720094953
441,962.514776500711,NaN,394.000329517033,13.0006355154577,NaN,0.403099105498157,0.0895441707087619,4.358321772801e-07,0.310367276085394,0.465793944285279,0.000225062071390586,0.000225062071390586,0.776386282442064
441.1,962.628701156544,NaN,394.000330024593,13.0006364943514,NaN,0.403099104139702,0.0895441729614325,4.36503495934303e-07,0.310309357826755,0.465757982716731,0.000225503490964344,0.000225503490964344,0.776292844034451
441.2,962.742612099149,NaN,394.000330533148,13.0006374751643,NaN,0.403099102778584,0.0895441752185198,4.37176130785782e-07,0.310251446540478,0.465722012710959,0.000225945604787482,0.000225945604787482,0.776199404856224
441.3,962.856509328416,NaN,394.000331042699,13.0006384578995,NaN,0.403099101414799,0.0895441774800308,4.37850083947297e-07,0.310193542226621,0.46568603426959,0.000226388448011741,0.000226388448011741,0.776105964944223
441.4,962.97039284423,NaN,394.000331553248,13.0006394425601,NaN,0.403099100048341,0.0895441797459725,4.38525357533992e-07,0.310135644885243,0.465650047394254,0.000226831994273598,0.000226831994273598,0.776012524273771
441.5,963.084262646482,NaN,394.000332064798,13.0006404291493,NaN,0.403099098679207,0.0895441820163522,4.392019536634e-07,0.3100777545164,0.465614052086583,0.000227276252360642,0.000227276252360642,0.775919082855344
441.6,963.198118735057,NaN,394.000332577349,13.0006414176699,NaN,0.403099097307392,0.0895441842911769,4.39879874455437e-07,0.310019871120152,0.465578048348207,0.000227721222272999,0.000227721222272999,0.775825640690632
441.7,963.311961109847,NaN,394.000333090903,13.0006424081253,NaN,0.403099095932893,0.0895441865704538,4.40559122032406e-07,0.309961994696554,0.465542036180762,0.000228166895222702,0.000228166895222702,0.775732197772539
441.8,963.425789770738,NaN,394.000333605462,13.0006434005184,NaN,0.403099094555704,0.0895441888541899,4.41239698518994e-07,0.309904125245665,0.465506015585881,0.000228613297573652,0.000228613297573652,0.77563875412912
441.9,963.539604717623,NaN,394.000334121028,13.0006443948524,NaN,0.403099093175822,0.0895441911423925,4.41921606042274e-07,0.309846262767541,0.4654699865652,0.000229060411749788,0.000229060411749788,0.775545309744491
442,963.653405950388,NaN,394.000334637601,13.0006453911304,NaN,0.403099091793242,0.0895441934350686,4.42604846731706e-07,0.309788407262239,0.465433949120357,0.000229508228963524,0.000229508228963524,0.775451864611559
442.1,963.767193468926,NaN,394.000335155184,13.0006463893554,NaN,0.403099090407961,0.0895441957322254,4.43289422719133e-07,0.309730558729816,0.465397903252989,0.00022995677557838,0.00022995677557838,0.775358418758384
442.2,963.880967273126,NaN,394.000335673778,13.0006473895307,NaN,0.403099089019973,0.0895441980338701,4.43975336138787e-07,0.309672717170329,0.465361848964736,0.000230406034018549,0.000230406034018549,0.775264972169083
442.3,963.99472736288,NaN,394.000336193384,13.0006483916593,NaN,0.403099087629274,0.0895442003400098,4.44662589127282e-07,0.309614882583833,0.465325786257238,0.000230856004283903,0.000230856004283903,0.775171524845355
442.4,964.108473738079,NaN,394.000336714006,13.0006493957443,NaN,0.40309908623586,0.0895442026506518,4.4535118382362e-07,0.309557054970385,0.465289715132138,0.00023130670395076,0.00023130670395076,0.775078076806474
442.5,964.222206398613,NaN,394.000337235643,13.0006504017888,NaN,0.403099084839727,0.0895442049658032,4.46041122369187e-07,0.309499234330041,0.465253635591078,0.000231758124230769,0.000231758124230769,0.77498462804535
442.6,964.335925344376,NaN,394.000337758298,13.0006514097961,NaN,0.40309908344087,0.0895442072854711,4.46732406907756e-07,0.309441420662857,0.465217547635703,0.000232210247548123,0.000232210247548123,0.774891178546108
442.7,964.44963057526,NaN,394.000338281972,13.0006524197691,NaN,0.403099082039285,0.0895442096096629,4.47425039585484e-07,0.309383613968888,0.465181451267659,0.000232663109054692,0.000232663109054692,0.774797728345601
442.8,964.563322091156,NaN,394.000338806667,13.0006534317111,NaN,0.403099080634967,0.0895442119383857,4.48119022550916e-07,0.309325814248189,0.465145346488591,0.000233116682386573,0.000233116682386573,0.774704277419167
442.9,964.676999891959,NaN,394.000339332385,13.0006544456252,NaN,0.403099079227913,0.0895442142716467,4.48814357954979e-07,0.309268021500817,0.465109233300148,0.000233570985119572,0.000233570985119572,0.774610825786084
443,964.790663977561,NaN,394.000339859127,13.0006554615145,NaN,0.403099077818118,0.0895442166094532,4.49511047950988e-07,0.309210235726825,0.465073111703979,0.000234026008466109,0.000234026008466109,0.77451737343927
443.1,964.904314347856,NaN,394.000340386894,13.0006564793821,NaN,0.403099076405577,0.0895442189518124,4.50209094694645e-07,0.309152456926269,0.465036981701734,0.000234481752425797,0.000234481752425797,0.77442392038043
443.2,965.017951002739,NaN,394.000340915689,13.0006574992312,NaN,0.403099074990287,0.0895442212987315,4.50908500344033e-07,0.309094685099204,0.465000843295065,0.000234938225786732,0.000234938225786732,0.774330466620056
443.3,965.131573942104,NaN,394.000341445513,13.0006585210651,NaN,0.403099073572242,0.0895442236502178,4.51609267059625e-07,0.309036920245684,0.464964696485624,0.000235395419760815,0.000235395419760815,0.77423701215107
443.4,965.245183165844,NaN,394.000341976368,13.0006595448867,NaN,0.403099072151439,0.0895442260062785,4.52311397004276e-07,0.308979162365764,0.464928541275066,0.000235853343136407,0.000235853343136407,0.774143556983966
443.5,965.358778673857,NaN,394.000342508255,13.0006605706993,NaN,0.403099070727873,0.0895442283669209,4.5301489234323e-07,0.308921411459497,0.464892377665045,0.000236311995913115,0.000236311995913115,0.774050101120455
443.6,965.472360466036,NaN,394.000343041176,13.0006615985061,NaN,0.403099069301539,0.0895442307321523,4.53719755244114e-07,0.308863667526938,0.464856205657218,0.00023677137809107,0.00023677137809107,0.773956644562247
443.7,965.585928542278,NaN,394.000343575132,13.0006626283101,NaN,0.403099067872434,0.08954423310198,4.54425987876942e-07,0.308805930568141,0.464820025253242,0.000237231489670271,0.000237231489670271,0.773863187311053
443.8,965.699482902479,NaN,394.000344110126,13.0006636601145,NaN,0.403099066440552,0.0895442354764112,4.55133592414113e-07,0.308748200583159,0.464783836454776,0.000237692321862752,0.000237692321862752,0.773769729359797
443.9,965.813023546536,NaN,394.000344646159,13.0006646939227,NaN,0.40309906500589,0.0895442378554532,4.55842571030411e-07,0.308690477572045,0.46474763926348,0.000238153892244314,0.000238153892244314,0.773676270727769
444,965.926550474346,NaN,394.000345183232,13.0006657297376,NaN,0.403099063568443,0.0895442402391134,4.56552925903006e-07,0.308632761534853,0.464711433681015,0.000238616192027388,0.000238616192027388,0.773582811407895
444.1,966.040063685805,NaN,394.000345721348,13.0006667675625,NaN,0.403099062128207,0.0895442426273991,4.57264659211454e-07,0.308575052471636,0.464675219709043,0.000239079221211576,0.000239079221211576,0.773489351401891
444.2,966.153563180811,NaN,394.000346260507,13.0006678074006,NaN,0.403099060685177,0.0895442450203176,4.57977773137696e-07,0.308517350382447,0.464638997349228,0.000239542988584978,0.000239542988584978,0.77339589072026
444.3,966.267048959263,NaN,394.000346800712,13.0006688492551,NaN,0.403099059239349,0.0895442474178762,4.5869226986606e-07,0.308459655267339,0.464602766603235,0.000240007485359493,0.000240007485359493,0.773302429355933
444.4,966.380521021058,NaN,394.000347341964,13.000669893129,NaN,0.403099057790718,0.0895442498200822,4.59408151583257e-07,0.308401967126364,0.464566527472729,0.000240472720323488,0.000240472720323488,0.773208967319416
444.5,966.493979366095,NaN,394.000347884264,13.0006709390258,NaN,0.40309905633928,0.0895442522269431,4.60125420478385e-07,0.308344285959575,0.464530279959378,0.000240938693476563,0.000240938693476563,0.773115504612429
444.6,966.607423994274,NaN,394.000348427616,13.0006719869484,NaN,0.403099054885031,0.089544254638466,4.60844078742928e-07,0.308286611767023,0.464494024064849,0.000241405396030885,0.000241405396030885,0.773022041227903
444.7,966.720854905493,NaN,394.000348972019,13.0006730369002,NaN,0.403099053427965,0.0895442570546586,4.61564128570755e-07,0.308228944548761,0.464457759790813,0.000241872836774421,0.000241872836774421,0.772928577176349
444.8,966.834272099652,NaN,394.000349517476,13.0006740888843,NaN,0.40309905196808,0.089544259475528,4.6228557215812e-07,0.308171284304841,0.464421487138941,0.00024234101570717,0.00024234101570717,0.772835112459489
444.9,966.947675576652,NaN,394.000350063988,13.000675142904,NaN,0.403099050505369,0.0895442619010816,4.63008411703664e-07,0.308113631035314,0.464385206110903,0.000242809932828998,0.000242809932828998,0.772741647079046
445,967.061065336393,NaN,394.000350611558,13.0006761989624,NaN,0.403099049039829,0.0895442643313269,4.63732649408411e-07,0.308055984740233,0.464348916708373,0.000243279588140309,0.000243279588140309,0.772648181036746
445.1,967.174441378775,NaN,394.000351160186,13.0006772570628,NaN,0.403099047571456,0.0895442667662713,4.64458287475775e-07,0.307998345419647,0.464312618933026,0.000243749990428665,0.000243749990428665,0.772554714343102
445.2,967.2878037037,NaN,394.000351709875,13.0006783172083,NaN,0.403099046100244,0.0895442692059221,4.6518532811155e-07,0.307940713073609,0.464276312786537,0.000244221130906236,0.000244221130906236,0.772461246991052
445.3,967.401152311069,NaN,394.000352260626,13.0006793794022,NaN,0.40309904462619,0.0895442716502867,4.65913773523921e-07,0.307883087702169,0.464239998270583,0.000244693000785052,0.000244693000785052,0.772367778973536
445.4,967.514487200784,NaN,394.00035281244,13.0006804436478,NaN,0.403099043149289,0.0895442740993727,4.66643625923454e-07,0.307825469305378,0.46420367538684,0.000245165635216847,0.000245165635216847,0.772274310327435
445.5,967.627808372747,NaN,394.000353365321,13.0006815099482,NaN,0.403099041669536,0.0895442765531873,4.67374887523103e-07,0.307767857883287,0.46416734413699,0.000245638999050161,0.000245638999050161,0.772180841019327
445.6,967.741115826861,NaN,394.000353919268,13.0006825783067,NaN,0.403099040186927,0.0895442790117381,4.68107560538208e-07,0.307710253435946,0.464131004522712,0.000246113101072552,0.000246113101072552,0.77208737105973
445.7,967.854409563028,NaN,394.000354474284,13.0006836487264,NaN,0.403099038701457,0.0895442814750324,4.68841647186492e-07,0.307652655963404,0.464094656545686,0.000246587967648057,0.000246587967648057,0.771993900476739
445.8,967.967689581153,NaN,394.00035503037,13.0006847212108,NaN,0.403099037213122,0.0895442839430778,4.69577149688066e-07,0.307595065465714,0.464058300207597,0.000247063563624809,0.000247063563624809,0.771900429236936
445.9,968.080955881138,NaN,394.000355587529,13.0006857957629,NaN,0.403099035721918,0.0895442864158816,4.70314070265427e-07,0.307537481942924,0.464021935510128,0.000247539906578603,0.000247539906578603,0.77180695735963
446,968.194208462887,NaN,394.000356145761,13.0006868723861,NaN,0.40309903422784,0.0895442888934514,4.71052411143454e-07,0.307479905395083,0.463985562454963,0.00024801700529782,0.00024801700529782,0.771713484855344
446.1,968.307447326305,NaN,394.000356705069,13.0006879510835,NaN,0.403099032730883,0.0895442913757946,4.71792174549415e-07,0.307422335822242,0.46394918104379,0.00024849485099408,0.00024849485099408,0.771620011717026
446.2,968.420672471297,NaN,394.000357265454,13.0006890318585,NaN,0.403099031231043,0.0895442938629187,4.72533362712963e-07,0.30736477322445,0.463912791278295,0.00024897344366752,0.00024897344366752,0.771526537946413
446.3,968.533883897767,NaN,394.000357826918,13.0006901147142,NaN,0.403099029728315,0.0895442963548312,4.73275977866135e-07,0.307307217601756,0.463876393160168,0.00024945278331814,0.00024945278331814,0.771433063545241
446.4,968.647081605621,NaN,394.000358389463,13.000691199654,NaN,0.403099028222695,0.0895442988515396,4.74020022243356e-07,0.307249668954208,0.463839986691097,0.000249932869945802,0.000249932869945802,0.771339588515251
446.5,968.760265594764,NaN,394.00035895309,13.0006922866812,NaN,0.403099026714179,0.0895443013530514,4.74765498081433e-07,0.307192127281857,0.463803571872774,0.000250413721126856,0.000250413721126856,0.771246112875758
446.6,968.873435865103,NaN,394.000359517801,13.0006933757988,NaN,0.403099025202761,0.0895443038593741,4.75512407619561e-07,0.30713459258475,0.463767148706892,0.000250895319284951,0.000250895319284951,0.771152636610927
446.7,968.986592416544,NaN,394.000360083597,13.0006944670104,NaN,0.403099023688438,0.0895443063705153,4.76260753099322e-07,0.307077064862936,0.463730717195143,0.00025137765563226,0.00025137765563226,0.771059159713711
446.8,969.099735248994,NaN,394.000360650481,13.000695560319,NaN,0.403099022171205,0.0895443088864824,4.7701053676468e-07,0.307019544116462,0.463694277339223,0.000251860774108616,0.000251860774108616,0.770965682229793
446.9,969.21286436236,NaN,394.000361218454,13.000696655728,NaN,0.403099020651056,0.089544311407283,4.77761760861988e-07,0.306962030345378,0.463657829140826,0.000252344621986079,0.000252344621986079,0.77087220410819
447,969.325979756549,NaN,394.000361787518,13.0006977532407,NaN,0.403099019127989,0.0895443139329246,4.78514427639981e-07,0.306904523549731,0.46362137260165,0.000252829234416936,0.000252829234416936,0.770778725385798
447.1,969.439081431469,NaN,394.000362357674,13.0006988528603,NaN,0.403099017601997,0.0895443164634149,4.79268539349783e-07,0.306847023729569,0.463584907723393,0.0002533146026128,0.0002533146026128,0.770685246055575
447.2,969.552169387029,NaN,394.000362928924,13.0006999545902,NaN,0.403099016073077,0.0895443189987613,4.80024098244901e-07,0.306789530884939,0.463548434507754,0.000253800735361779,0.000253800735361779,0.770591766128055
447.3,969.665243623137,NaN,394.00036350127,13.0007010584336,NaN,0.403099014541224,0.0895443215389714,4.80781106581229e-07,0.306732045015889,0.463511952956434,0.000254287615087937,0.000254287615087937,0.770498285587411
447.4,969.778304139702,NaN,394.000364074714,13.0007021643938,NaN,0.403099013006433,0.0895443240840529,4.81539566617047e-07,0.306674566122466,0.463475463071135,0.000254775259367068,0.000254775259367068,0.770404804452968
447.5,969.891350936634,NaN,394.000364649257,13.0007032724742,NaN,0.4030990114687,0.0895443266340132,4.82299480613018e-07,0.306617094204717,0.463438964853559,0.00025526365941163,0.00025526365941163,0.770311322717687
447.6,970.00438401384,NaN,394.000365224901,13.0007043826779,NaN,0.403099009928021,0.08954432918886,4.83060850832193e-07,0.306559629262688,0.46340245830541,0.000255752815221197,0.000255752815221197,0.77021784038332
447.7,970.117403371233,NaN,394.000365801648,13.0007054950083,NaN,0.40309900838439,0.089544331748601,4.83823679540009e-07,0.306502171296427,0.463365943428394,0.000256242744371845,0.000256242744371845,0.770124357469193
447.8,970.230409008722,NaN,394.000366379499,13.0007066094688,NaN,0.403099006837803,0.0895443343132436,4.84587969004285e-07,0.30644472030598,0.463329420224218,0.00025673342928764,0.00025673342928764,0.770030873959485
447.9,970.343400926218,NaN,394.000366958456,13.0007077260626,NaN,0.403099005288255,0.0895443368827955,4.8535372149523e-07,0.306387276291393,0.463292888694588,0.000257224878756406,0.000257224878756406,0.769937389864737
448,970.456379123631,NaN,394.000367538522,13.0007088447931,NaN,0.403099003735743,0.0895443394572644,4.86120939285435e-07,0.306329839252713,0.463256348841213,0.000257717083990605,0.000257717083990605,0.769843905177916
448.1,970.569343600873,NaN,394.000368119696,13.0007099656636,NaN,0.40309900218026,0.0895443420366579,4.86889624649879e-07,0.306272409189984,0.463219800665804,0.000258210053777775,0.000258210053777775,0.769750419909566
448.2,970.682294357857,NaN,394.000368701982,13.0007110886773,NaN,0.403099000621804,0.0895443446209836,4.87659779865926e-07,0.306214986103254,0.463183244170072,0.000258703805693993,0.000258703805693993,0.76965693407902
448.3,970.795231394493,NaN,394.000369285382,13.0007122138376,NaN,0.403098999060368,0.0895443472102491,4.88431407213324e-07,0.306157569992567,0.463146679355729,0.000259198304587391,0.000259198304587391,0.769563447652883
448.4,970.908154710695,NaN,394.000369869895,13.0007133411479,NaN,0.403098997495949,0.0895443498044622,4.89204508974209e-07,0.30610016085797,0.463110106224488,0.000259693576821726,0.000259693576821726,0.769469960659279
448.5,971.021064306375,NaN,394.000370455526,13.0007144706115,NaN,0.403098995928542,0.0895443524036305,4.899790874331e-07,0.306042758699506,0.463073524778065,0.000260189613609464,0.000260189613609464,0.76937647309118
448.6,971.133960181447,NaN,394.000371042274,13.0007156022315,NaN,0.403098994358142,0.0895443550077616,4.90755144876904e-07,0.305985363517222,0.463036935018174,0.000260686423738138,0.000260686423738138,0.769282984959134
448.7,971.246842335823,NaN,394.000371630143,13.0007167360117,NaN,0.403098992784744,0.0895443576168633,4.91532683594912e-07,0.305927975311162,0.463000336946535,0.000261184007207893,0.000261184007207893,0.769189496264904
448.8,971.359710769418,NaN,394.000372219133,13.0007178719551,NaN,0.403098991208344,0.0895443602309433,4.923117058788e-07,0.30587059408137,0.462963730564863,0.000261682346442795,0.000261682346442795,0.769096006992676
448.9,971.472565482146,NaN,394.000372809246,13.000719010065,NaN,0.403098989628938,0.0895443628500092,4.93092214022632e-07,0.305813219827893,0.46292711587488,0.000262181459018632,0.000262181459018632,0.769002517161791
449,971.585406473921,NaN,394.000373400485,13.000720150345,NaN,0.40309898804652,0.0895443654740687,4.93874210322855e-07,0.305755852550772,0.462890492878305,0.000262681353723808,0.000262681353723808,0.768909026782801
449.1,971.698233744659,NaN,394.00037399285,13.0007212927983,NaN,0.403098986461086,0.0895443681031295,4.94657697078304e-07,0.305698492250054,0.462853861576861,0.000263182012981953,0.000263182012981953,0.768815535839896
449.2,971.811047294275,NaN,394.000374586344,13.0007224374283,NaN,0.403098984872632,0.0895443707371995,4.95442676590197e-07,0.305641138925781,0.46281722197227,0.000263683454369145,0.000263683454369145,0.76872204435242
449.3,971.923847122683,NaN,394.000375180969,13.0007235842384,NaN,0.403098983281152,0.0895443733762863,4.96229151162138e-07,0.305583792577998,0.462780574066256,0.000264185651521484,0.000264185651521484,0.768628552295776
449.4,972.036633229801,NaN,394.000375776726,13.0007247332318,NaN,0.403098981686642,0.0895443760203976,4.9701712310012e-07,0.305526453206747,0.462743917860545,0.000264688639590691,0.000264688639590691,0.768535059706884
449.5,972.149405615545,NaN,394.000376373616,13.000725884412,NaN,0.403098980089098,0.0895443786695412,4.97806594712517e-07,0.305469120812074,0.462707253356864,0.000265192392213306,0.000265192392213306,0.768441566561152
449.6,972.26216427983,NaN,394.000376971642,13.0007270377825,NaN,0.403098978488514,0.0895443813237249,4.98597568310091e-07,0.305411795394021,0.46267058055694,0.000265696926964822,0.000265696926964822,0.768348072877925
449.7,972.374909222575,NaN,394.000377570805,13.0007281933463,NaN,0.403098976884886,0.0895443839829563,4.99390046205988e-07,0.30535447695263,0.462633899462502,0.000266202243845385,0.000266202243845385,0.768254578658977
449.8,972.487640443697,NaN,394.000378171108,13.0007293511071,NaN,0.403098975278209,0.0895443866472434,5.00184030715742e-07,0.305297165487945,0.462597210075279,0.000266708325279062,0.000266708325279062,0.768161083888503
449.9,972.600357943113,NaN,394.000378772551,13.0007305110681,NaN,0.403098973668479,0.0895443893165938,5.0097952415727e-07,0.305239861000008,0.462560512397004,0.000267215197629754,0.000267215197629754,0.768067588594642
450,972.713061720742,NaN,394.000379375137,13.0007316732328,NaN,0.403098972055691,0.0895443919910153,5.01776528850877e-07,0.305182563488863,0.462523806429408,0.000267722834533411,0.000267722834533411,0.767974092752804
450.1,972.825751776501,NaN,394.000379978867,13.0007328376046,NaN,0.40309897043984,0.0895443946705158,5.02575047119251e-07,0.305125272954551,0.462487092174226,0.000268231271142347,0.000268231271142347,0.767880596399919
450.2,972.93842811031,NaN,394.000380583744,13.0007340041867,NaN,0.403098968820921,0.089544397355103,5.03375081287468e-07,0.305067989397115,0.462450369633191,0.000268740472304248,0.000268740472304248,0.76778709950261
450.3,973.051090722088,NaN,394.000381189768,13.0007351729827,NaN,0.40309896719893,0.0895444000447848,5.04176633682987e-07,0.305010712816596,0.46241363880804,0.000269250473171131,0.000269250473171131,0.767693602097806
450.4,973.163739611755,NaN,394.000381796942,13.000736343996,NaN,0.403098965573863,0.0895444027395689,5.04979706635655e-07,0.304953443213036,0.46237689970051,0.000269761238590977,0.000269761238590977,0.767600104152137
450.5,973.276374779229,NaN,394.000382405267,13.0007375172298,NaN,0.403098963945713,0.0895444054394632,5.05784302477702e-07,0.304896180586478,0.462340152312338,0.000270272786140171,0.000270272786140171,0.767506605684957
450.6,973.388996224432,NaN,394.000383014746,13.0007386926877,NaN,0.403098962314478,0.0895444081444756,5.06590423543747e-07,0.304838924936962,0.462303396645266,0.000270785133394197,0.000270785133394197,0.767413106715623
450.7,973.501603947284,NaN,394.000383625379,13.000739870373,NaN,0.403098960680151,0.0895444108546138,5.07398072170792e-07,0.30478167626453,0.462266632701033,0.00027129826277727,0.00027129826277727,0.76731960722834
450.8,973.614197947706,NaN,394.000384237169,13.0007410502892,NaN,0.403098959042728,0.0895444135698858,5.08207250698224e-07,0.304724434569223,0.46222986048138,0.000271812165501424,0.000271812165501424,0.767226107216104
450.9,973.72677822562,NaN,394.000384850118,13.0007422324396,NaN,0.403098957402205,0.0895444162902993,5.09017961467818e-07,0.304667199851082,0.462193079988052,0.000272326867930559,0.000272326867930559,0.767132606707064
451,973.839344780946,NaN,394.000385464227,13.0007434168277,NaN,0.403098955758576,0.0895444190158623,5.09830206823733e-07,0.304609972110147,0.462156291222791,0.000272842352488591,0.000272842352488591,0.767039105685426
451.1,973.951897613606,NaN,394.000386079497,13.0007446034569,NaN,0.403098954111837,0.0895444217465826,5.10643989112514e-07,0.304552751346459,0.462119494187344,0.000273358619175973,0.000273358619175973,0.766945604152979
451.2,974.064436723525,NaN,394.000386695932,13.0007457923306,NaN,0.403098952461984,0.089544424482468,5.11459310683091e-07,0.304495537560059,0.462082688883456,0.000273875694356152,0.000273875694356152,0.766852102137871
451.3,974.176962110622,NaN,394.000387313532,13.0007469834524,NaN,0.403098950809011,0.0895444272235266,5.1227617388678e-07,0.304438330750986,0.462045875312876,0.000274393534089445,0.000274393534089445,0.766758599597952
451.4,974.289473774823,NaN,394.0003879323,13.0007481768254,NaN,0.403098949152913,0.0895444299697662,5.13094581077283e-07,0.304381130919282,0.462009053477352,0.000274912182315533,0.000274912182315533,0.766665096578949
451.5,974.40197171605,NaN,394.000388552236,13.0007493724533,NaN,0.403098947493687,0.0895444327211947,5.13914534610686e-07,0.304323938064984,0.461972223378634,0.000275431612670974,0.000275431612670974,0.766571593056289
451.6,974.514455934227,NaN,394.000389173344,13.0007505703394,NaN,0.403098945831326,0.0895444354778199,5.14736036845463e-07,0.304266752188134,0.461935385018473,0.000275951842731244,0.000275951842731244,0.766478089049338
451.7,974.626926429278,NaN,394.000389795624,13.0007517704873,NaN,0.403098944165827,0.0895444382396499,5.15559090142471e-07,0.304209573288771,0.461898538398622,0.000276472854920562,0.000276472854920562,0.766384584542314
451.8,974.739383201127,NaN,394.000390419079,13.0007529729004,NaN,0.403098942497184,0.0895444410066926,5.16383696864955e-07,0.304152401366934,0.461861683520834,0.000276994675602828,0.000276994675602828,0.76629107956337
451.9,974.8518262497,NaN,394.00039104371,13.000754177582,NaN,0.403098940825394,0.0895444437789558,5.17209859378544e-07,0.304095236422662,0.461824820386863,0.000277517287202108,0.000277517287202108,0.766197574096727
452,974.964255574922,NaN,394.000391669519,13.0007553845357,NaN,0.40309893915045,0.0895444465564476,5.18037580051252e-07,0.304038078455994,0.461787948998466,0.000278040680930282,0.000278040680930282,0.766104068135391
452.1,975.076671176717,NaN,394.000392296508,13.0007565937648,NaN,0.403098937472348,0.0895444493391759,5.18866861253481e-07,0.303980927466969,0.4617510693574,0.000278564883151712,0.000278564883151712,0.76601056170752
452.2,975.189073055013,NaN,394.000392924679,13.000757805273,NaN,0.403098935791084,0.0895444521271487,5.19697705358014e-07,0.303923783455626,0.461714181465421,0.000279089876290003,0.000279089876290003,0.765917054797337
452.3,975.301461209734,NaN,394.000393554033,13.0007590190636,NaN,0.403098934106652,0.0895444549203739,5.20530114740026e-07,0.303866646422002,0.461677285324291,0.000279615677921242,0.000279615677921242,0.765823547424215
452.4,975.413835640808,NaN,394.000394184572,13.00076023514,NaN,0.403098932419048,0.0895444577188595,5.21364091777073e-07,0.303809516366137,0.461640380935769,0.000280142270469339,0.000280142270469339,0.765730039572375
452.5,975.526196348162,NaN,394.000394816298,13.0007614535059,NaN,0.403098930728267,0.0895444605226134,5.22199638849096e-07,0.303752393288068,0.461603468301618,0.000280669653934763,0.000280669653934763,0.76563653124362
452.6,975.638543331723,NaN,394.000395449214,13.0007626741646,NaN,0.403098929034304,0.0895444633316438,5.23036758338426e-07,0.303695277187832,0.461566547423599,0.000281197854680945,0.000281197854680945,0.765543022466112
452.7,975.750876591417,NaN,394.000396083319,13.0007638971197,NaN,0.403098927337154,0.0895444661459586,5.23875452629774e-07,0.303638168065469,0.461529618303476,0.000281726846344143,0.000281726846344143,0.76544951321529
452.8,975.863196127175,NaN,394.000396718618,13.0007651223745,NaN,0.403098925636813,0.0895444689655658,5.24715724110242e-07,0.303581065921015,0.461492680943016,0.000282256637712321,0.000282256637712321,0.765356003501743
452.9,975.975501938924,NaN,394.00039735511,13.0007663499326,NaN,0.403098923933275,0.0895444717904734,5.25557575169313e-07,0.303523970754508,0.461455735343983,0.000282787246361415,0.000282787246361415,0.765262493344853
453,976.087794026591,NaN,394.000397992799,13.0007675797975,NaN,0.403098922226537,0.0895444746206894,5.26401008198859e-07,0.303466882565984,0.461418781508147,0.000283318637139399,0.000283318637139399,0.76516898271127
453.1,976.200072390108,NaN,394.000398631685,13.0007688119726,NaN,0.403098920516592,0.0895444774562219,5.27246025593135e-07,0.303409801355481,0.461381819437274,0.000283850845198612,0.000283850845198612,0.765075471637954
453.2,976.312337029402,NaN,394.000399271771,13.0007700464615,NaN,0.403098918803436,0.089544480297079,5.28092629748782e-07,0.303352727123036,0.461344849133135,0.000284383861750617,0.000284383861750617,0.764981960117922
453.3,976.424587944404,NaN,394.000399913059,13.0007712832677,NaN,0.403098917087064,0.0895444831432686,5.28940823064829e-07,0.303295659868685,0.461307870597501,0.000284917678007603,0.000284917678007603,0.764888448144194
453.4,976.536825135044,NaN,394.00040055555,13.0007725223946,NaN,0.403098915367472,0.0895444859947988,5.29790607942688e-07,0.303238599592465,0.461270883832144,0.000285452293969411,0.000285452293969411,0.764794935718579
453.5,976.649048601252,NaN,394.000401199246,13.0007737638458,NaN,0.403098913644655,0.0895444888516777,5.30641986786156e-07,0.303181546294411,0.461233888838838,0.000285987736000418,0.000285987736000418,0.76470142286925
453.6,976.76125834296,NaN,394.000401844149,13.0007750076248,NaN,0.403098911918607,0.0895444917139135,5.31494962001418e-07,0.303124499974561,0.461196885619356,0.000286523968948282,0.000286523968948282,0.764607909562865
453.7,976.873454360097,NaN,394.000402490261,13.0007762537351,NaN,0.403098910189323,0.089544494581514,5.32349535997043e-07,0.303067460632949,0.461159874175474,0.000287061010389093,0.000287061010389093,0.764514395818812
453.8,976.985636652596,NaN,394.000403137584,13.0007775021801,NaN,0.4030989084568,0.0895444974544875,5.33205711183986e-07,0.303010428269613,0.461122854508969,0.000287598877898787,0.000287598877898787,0.76442088165648
453.9,977.097805220389,NaN,394.000403786119,13.0007787529635,NaN,0.403098906721032,0.0895445003328421,5.34063489975589e-07,0.302953402884586,0.461085826621619,0.000288137545113461,0.000288137545113461,0.764327367051318
454,977.209960063408,NaN,394.000404435868,13.0007800060887,NaN,0.403098904982013,0.0895445032165857,5.34922874787576e-07,0.302896384477905,0.461048790515202,0.000288677029608891,0.000288677029608891,0.764233852022716
454.1,977.322101181585,NaN,394.000405086833,13.0007812615593,NaN,0.40309890323974,0.0895445061057267,5.35783868038059e-07,0.302839373049604,0.4610117461915,0.000289217313809622,0.000289217313809622,0.764140336554914
454.2,977.434228574854,NaN,394.000405739016,13.0007825193788,NaN,0.403098901494208,0.089544509000273,5.36646472147536e-07,0.30278236859972,0.460974693652293,0.000289758424079075,0.000289758424079075,0.764046820676092
454.3,977.546342243147,NaN,394.000406392419,13.0007837795507,NaN,0.403098899745411,0.0895445119002329,5.37510689538889e-07,0.302725371128286,0.460937632899364,0.000290300342841476,0.000290300342841476,0.763953304370491
454.4,977.658442186398,NaN,394.000407047043,13.0007850420786,NaN,0.403098897993344,0.0895445148056144,5.38376522637388e-07,0.302668380635337,0.460900563934497,0.00029084307888463,0.00029084307888463,0.763859787648719
454.5,977.770528404542,NaN,394.000407702891,13.000786306966,NaN,0.403098896238003,0.0895445177164257,5.39243973870684e-07,0.302611397120908,0.460863486759476,0.000291386623421055,0.000291386623421055,0.763766270503805
454.6,977.882600897512,NaN,394.000408359964,13.0007875742165,NaN,0.403098894479382,0.0895445206326749,5.40113045668819e-07,0.302554420585033,0.460826401376087,0.000291930994026201,0.000291930994026201,0.763672752955146
454.7,977.994659665244,NaN,394.000409018265,13.0007888438335,NaN,0.403098892717478,0.0895445235543703,5.40983740464217e-07,0.302497451027746,0.460789307786118,0.000292476173124295,0.000292476173124295,0.763579234986988
454.8,978.106704707672,NaN,394.000409677794,13.0007901158207,NaN,0.403098890952284,0.0895445264815199,5.41856060691687e-07,0.302440488449081,0.460752205991357,0.000293022178291271,0.000293022178291271,0.763485716618729
454.9,978.218736024731,NaN,394.000410338554,13.0007913901816,NaN,0.403098889183796,0.0895445294141321,5.42730008788429e-07,0.302383532849072,0.460715095993593,0.000293568991951195,0.000293568991951195,0.763392197834616
455,978.330753616358,NaN,394.000411000546,13.0007926669198,NaN,0.403098887412009,0.0895445323522148,5.43605587194021e-07,0.302326584227752,0.460677977794617,0.000294116640467805,0.000294116640467805,0.763298678662837
455.1,978.442757482489,NaN,394.000411663773,13.0007939460388,NaN,0.403098885636918,0.0895445352957764,5.44482798350431e-07,0.302269642585156,0.46064085139622,0.000294665088689722,0.000294665088689722,0.763205159070065
455.2,978.55474762306,NaN,394.000412328236,13.0007952275422,NaN,0.403098883858518,0.0895445382448251,5.45361644702013e-07,0.302212707921315,0.460603716800196,0.000295214380556291,0.000295214380556291,0.763111639102067
455.3,978.666724038007,NaN,394.000412993938,13.0007965114335,NaN,0.403098882076804,0.089544541199369,5.46242128695505e-07,0.302155780236263,0.460566574008339,0.000295764472127842,0.000295764472127842,0.76301811871673
455.4,978.77868672727,NaN,394.000413660879,13.0007977977163,NaN,0.403098880291772,0.0895445441594164,5.47124252780031e-07,0.302098859530033,0.460529423022443,0.000296315407344044,0.000296315407344044,0.76292459795982
455.5,978.890635690783,NaN,394.000414329063,13.0007990863942,NaN,0.403098878503416,0.0895445471249755,5.48008019407099e-07,0.302041945802658,0.460492263844305,0.000296867142265556,0.000296867142265556,0.762831076789229
455.6,979.002570928486,NaN,394.00041499849,13.0008003774708,NaN,0.40309887671173,0.0895445500960545,5.48893431030605e-07,0.30198503905417,0.460455096475723,0.000297419729619685,0.000297419729619685,0.762737555259513
455.7,979.114492440316,NaN,394.000415669162,13.0008016709497,NaN,0.403098874916712,0.0895445530726617,5.49780490106831e-07,0.301928139284601,0.460417920918495,0.000297973116678797,0.000297973116678797,0.762644033319776
455.8,979.226400226213,NaN,394.000416341082,13.0008029668345,NaN,0.403098873118354,0.0895445560548053,5.5066919909444e-07,0.301871246493984,0.460380737174422,0.000298527347382723,0.000298527347382723,0.762550511015789
455.9,979.338294286115,NaN,394.000417014252,13.0008042651286,NaN,0.403098871316653,0.0895445590424936,5.51559560454487e-07,0.301814360682351,0.460343545245303,0.000299082395367565,0.000299082395367565,0.762456988323021
456,979.450174619962,NaN,394.000417688672,13.0008055658358,NaN,0.403098869511603,0.0895445620357349,5.52451576650408e-07,0.301757481849732,0.460306345132942,0.000299638278209089,0.000299638278209089,0.762363465260883
456.1,979.562041227692,NaN,394.000418364346,13.0008068689595,NaN,0.4030988677032,0.0895445650345373,5.53345250148025e-07,0.301700609996161,0.460269136839141,0.00030019497833186,0.00030019497833186,0.762269941813634
456.2,979.673894109247,NaN,394.000419041274,13.0008081745035,NaN,0.403098865891437,0.0895445680389093,5.54240583415547e-07,0.301643745121668,0.460231920365705,0.000300752513311314,0.000300752513311314,0.762176418000684
456.3,979.785733264566,NaN,394.000419719459,13.0008094824714,NaN,0.403098864076312,0.0895445710488591,5.55137578923569e-07,0.301586887226285,0.460194695714439,0.000301310883147617,0.000301310883147617,0.762082893823871
456.4,979.89755869359,NaN,394.000420398903,13.0008107928666,NaN,0.403098862257817,0.089544574064395,5.56036239145069e-07,0.301530036310042,0.46015746288715,0.000301870070264666,0.000301870070264666,0.761989369267457
456.5,980.009370396261,NaN,394.000421079607,13.000812105693,NaN,0.403098860435949,0.0895445770855253,5.56936566555412e-07,0.301473192372971,0.460120221885646,0.000302430109814834,0.000302430109814834,0.761895844368432
456.6,980.121168372519,NaN,394.000421761574,13.0008134209539,NaN,0.403098858610702,0.0895445801122583,5.57838563632349e-07,0.301416355415103,0.460082972711736,0.000302990957857782,0.000302990957857782,0.761802319084697
456.7,980.232952622307,NaN,394.000422444805,13.0008147386531,NaN,0.403098856782072,0.0895445831446024,5.58742232856018e-07,0.301359525436467,0.46004571536723,0.000303552658333512,0.000303552658333512,0.76170879346203
456.8,980.344723145566,NaN,394.000423129302,13.0008160587942,NaN,0.403098854950053,0.0895445861825658,5.59647576708937e-07,0.301302702437094,0.460008449853939,0.000304115184878124,0.000304115184878124,0.761615267475912
456.9,980.456479942239,NaN,394.000423815067,13.0008173813808,NaN,0.40309885311464,0.0895445892261569,5.60554597676017e-07,0.301245886417015,0.459971176173677,0.000304678546279585,0.000304678546279585,0.761521741136971
457,980.568223012269,NaN,394.000424502102,13.0008187064166,NaN,0.403098851275828,0.0895445922753841,5.61463298244549e-07,0.301189077376259,0.459933894328255,0.000305242742537725,0.000305242742537725,0.761428214447051
457.1,980.679952355599,NaN,394.000425190408,13.0008200339051,NaN,0.403098849433613,0.0895445953302557,5.62373680904211e-07,0.301132275314856,0.459896604319489,0.000305807773653052,0.000305807773653052,0.761334687407998
457.2,980.791667972172,NaN,394.000425879989,13.00082136385,NaN,0.403098847587988,0.0895445983907801,5.63285748147069e-07,0.301075480232836,0.459859306149196,0.000306373648413025,0.000306373648413025,0.761241160030445
457.3,980.903369861933,NaN,394.000426570844,13.000822696255,NaN,0.40309884573895,0.0895446014569656,5.6419950246757e-07,0.301018692130228,0.459821999819191,0.00030694034924188,0.00030694034924188,0.761147632298661
457.4,981.015058024825,NaN,394.000427262978,13.0008240311236,NaN,0.403098843886493,0.0895446045288206,5.65114946362552e-07,0.300961911007062,0.459784685331293,0.000307507902503347,0.000307507902503347,0.761054104240858
457.5,981.126732460794,NaN,394.00042795639,13.0008253684595,NaN,0.403098842030611,0.0895446076063535,5.66032082331233e-07,0.300905136863366,0.459747362687322,0.000308076290622004,0.000308076290622004,0.76096057584131
457.6,981.238393169783,NaN,394.000428651084,13.0008267082664,NaN,0.403098840171301,0.0895446106895728,5.6695091287522e-07,0.30084836969917,0.459710031889097,0.000308645513597339,0.000308645513597339,0.760867047101864
457.7,981.350040151739,NaN,394.000429347061,13.000828050548,NaN,0.403098838308557,0.0895446137784867,5.67871440498505e-07,0.300791609514502,0.459672692938441,0.000309215580217489,0.000309215580217489,0.76077351803316
457.8,981.461673406607,NaN,394.000430044323,13.0008293953078,NaN,0.403098836442373,0.0895446168731038,5.68793667707466e-07,0.300734856309391,0.459635345837175,0.000309786499270422,0.000309786499270422,0.760679988645837
457.9,981.573292934333,NaN,394.000430742872,13.0008307425496,NaN,0.403098834572745,0.0895446199734323,5.69717597010865e-07,0.300678110083866,0.459597990587125,0.000310358244392236,0.000310358244392236,0.760586458915383
458,981.684898734864,NaN,394.000431442709,13.000832092277,NaN,0.403098832699668,0.0895446230794809,5.70643230919851e-07,0.300621370837953,0.459560627190114,0.00031093084194666,0.00031093084194666,0.760492928870014
458.1,981.796490808145,NaN,394.000432143837,13.0008334444935,NaN,0.403098830823136,0.0895446261912578,5.71570571947958e-07,0.300564638571683,0.45952325564797,0.000311504274358278,0.000311504274358278,0.760399398494011
458.2,981.908069154125,NaN,394.000432846258,13.0008347992032,NaN,0.403098828943144,0.0895446293087716,5.72499622611105e-07,0.300507913285081,0.459485875962518,0.000312078567990472,0.000312078567990472,0.76030586781559
458.3,982.01963377275,NaN,394.000433549974,13.0008361564093,NaN,0.403098827059688,0.0895446324320307,5.73430385427597e-07,0.300451194978177,0.459448488135589,0.000312653705267482,0.000312653705267482,0.760212336819033
458.4,982.13118466404,NaN,394.000434254986,13.0008375161165,NaN,0.403098825172762,0.0895446355610453,5.74362863460497e-07,0.300394483650961,0.459411092168987,0.000313229853160677,0.000313229853160677,0.760118805673109
458.5,982.242721828166,NaN,394.000434961298,13.0008388783309,NaN,0.403098823282355,0.0895446386958297,5.75297060948447e-07,0.300337779303349,0.459373688064473,0.000313807442280258,0.000313807442280258,0.760025274810102
458.6,982.354245265094,NaN,394.000435668912,13.0008402430565,NaN,0.403098821388464,0.0895446418363928,5.76232980557636e-07,0.300281081935358,0.459336275823872,0.000314385927772803,0.000314385927772803,0.759931743687003
458.7,982.465754974774,NaN,394.00043637783,13.000841610297,NaN,0.403098819491083,0.0895446449827433,5.77170624832724e-07,0.300224391547015,0.459298855449017,0.00031496525690999,0.00031496525690999,0.759838212252942
458.8,982.577250957156,NaN,394.000437088054,13.000842980056,NaN,0.403098817590207,0.0895446481348895,5.78109996321437e-07,0.300167708138347,0.459261426941741,0.000315545447267926,0.000315545447267926,0.759744680527356
458.9,982.68873321219,NaN,394.000437799586,13.0008443523373,NaN,0.40309881568583,0.0895446512928401,5.79051097574571e-07,0.30011103170938,0.459223990303879,0.000316126498846611,0.000316126498846611,0.759651148512105
459,982.800201739827,NaN,394.000438512428,13.0008457271447,NaN,0.403098813777948,0.0895446544566037,5.79993931145989e-07,0.300054362260138,0.459186545537268,0.000316708402857902,0.000316708402857902,0.759557616200264
459.1,982.91165654002,NaN,394.000439226581,13.0008471044817,NaN,0.403098811866556,0.0895446576261888,5.80938499592625e-07,0.299997699790648,0.459149092643743,0.000317291168090294,0.000317291168090294,0.759464083602482
459.2,983.02309761272,NaN,394.000439942048,13.0008484843522,NaN,0.403098809951648,0.089544660801604,5.81884805474478e-07,0.299941044300936,0.459111631625144,0.000317874785755293,0.000317874785755293,0.759370550711836
459.3,983.134524957879,NaN,394.00044065883,13.0008498667599,NaN,0.403098808033218,0.089544663982858,5.8283285135462e-07,0.299884395791026,0.459074162483309,0.000318459273429008,0.000318459273429008,0.759277017547764
459.4,983.245938575451,NaN,394.00044137693,13.0008512517085,NaN,0.403098806111263,0.0895446671699592,5.83782639799189e-07,0.299827754260944,0.459036685220079,0.000319044622323471,0.000319044622323471,0.759183484103346
459.5,983.357338465388,NaN,394.000442096349,13.0008526392019,NaN,0.403098804185776,0.0895446703629165,5.84734173377392e-07,0.299771119710713,0.458999199837295,0.000319630832438507,0.000319630832438507,0.759089950380446
459.6,983.468724627645,NaN,394.00044281709,13.0008540292437,NaN,0.403098802256752,0.0895446735617383,5.85687454661503e-07,0.299714492140359,0.458961706336799,0.000320217903774646,0.000320217903774646,0.758996416380933
459.7,983.580097062176,NaN,394.000443539154,13.0008554218377,NaN,0.403098800324187,0.0895446767664333,5.86642486226868e-07,0.299657871549905,0.458924204720436,0.000320805845119324,0.000320805845119324,0.75890288211546
459.8,983.691455768935,NaN,394.000444262543,13.0008568169876,NaN,0.403098798388074,0.0895446799770103,5.87599270651899e-07,0.299601257939376,0.45888669499005,0.000321394656472718,0.000321394656472718,0.758809347585898
459.9,983.802800747877,NaN,394.000444987259,13.0008582146973,NaN,0.40309879644841,0.0895446831934777,5.88557810518077e-07,0.299544651308795,0.458849177147486,0.000321984320258894,0.000321984320258894,0.758715812776541
460,983.914131998959,NaN,394.000445713305,13.0008596149705,NaN,0.403098794505188,0.0895446864158444,5.89518108409954e-07,0.299488051658187,0.458811651194592,0.000322574862841574,0.000322574862841574,0.758622277715621
460.1,984.025449522135,NaN,394.000446440682,13.0008610178109,NaN,0.403098792558403,0.089544689644119,5.90480166915146e-07,0.299431458987573,0.458774117133216,0.000323166275433328,0.000323166275433328,0.758528742396223
460.2,984.136753317363,NaN,394.000447169392,13.0008624232224,NaN,0.40309879060805,0.0895446928783102,5.91443988624341e-07,0.299374873296978,0.458736574965206,0.000323758549245652,0.000323758549245652,0.758435206811431
460.3,984.248043384599,NaN,394.000447899437,13.0008638312087,NaN,0.403098788654124,0.0895446961184267,5.92409576131295e-07,0.299318294586425,0.458699024692414,0.000324351710642626,0.000324351710642626,0.758341670989481
460.4,984.359319723801,NaN,394.000448630819,13.0008652417736,NaN,0.40309878669662,0.0895446993644771,5.93376932032833e-07,0.299261722855935,0.45866146631669,0.000324945724472381,0.000324945724472381,0.758248134897097
460.5,984.470582334926,NaN,394.00044936354,13.000866654921,NaN,0.403098784735532,0.0895447026164703,5.94346058928848e-07,0.299205158105531,0.458623899839886,0.000325540625886606,0.000325540625886606,0.758154598571304
460.6,984.581831217933,NaN,394.000450097601,13.0008680706545,NaN,0.403098782770855,0.089544705874415,5.95316959422299e-07,0.299148600335237,0.458586325263856,0.000326136397309908,0.000326136397309908,0.758061061996403
460.7,984.69306637278,NaN,394.000450833006,13.000869488978,NaN,0.403098780802583,0.0895447091383199,5.96289636119219e-07,0.299092049545072,0.458548742590455,0.000326733038741746,0.000326733038741746,0.757967525174269
460.8,984.804287799427,NaN,394.000451569756,13.0008709098953,NaN,0.403098778830713,0.0895447124081937,5.97264091628706e-07,0.29903550573506,0.458511151821539,0.000327330567758233,0.000327330567758233,0.757873988124357
460.9,984.915495497833,NaN,394.000452307852,13.0008723334102,NaN,0.403098776855237,0.0895447156840453,5.98240328562927e-07,0.298978968905221,0.458473552958964,0.000327928966783436,0.000327928966783436,0.757780450830968
461,985.026689467959,NaN,394.000453047298,13.0008737595265,NaN,0.403098774876151,0.0895447189658834,5.99218349537118e-07,0.298922439055577,0.458435946004587,0.000328528244605139,0.000328528244605139,0.75768691330477
461.1,985.137869709763,NaN,394.000453788094,13.0008751882482,NaN,0.40309877289345,0.0895447222537168,6.00198157169583e-07,0.29886591618615,0.458398330960269,0.000329128410011857,0.000329128410011857,0.757593375556431
461.2,985.249036223209,NaN,394.000454530243,13.0008766195788,NaN,0.403098770907128,0.0895447255475543,6.01179754081696e-07,0.298809400296959,0.458360707827869,0.000329729436639141,0.000329729436639141,0.757499837561467
461.3,985.360189008256,NaN,394.000455273747,13.0008780535224,NaN,0.40309876891718,0.0895447288474047,6.02163142897899e-07,0.298752891388025,0.458323076609248,0.000330331368427009,0.000330331368427009,0.7574062993657
461.4,985.471328064867,NaN,394.000456018607,13.0008794900827,NaN,0.403098766923601,0.0895447321532767,6.03148326245701e-07,0.29869638945937,0.458285437306269,0.000330934170223593,0.000330934170223593,0.757312760935863
461.5,985.582453393004,NaN,394.000456764827,13.0008809292635,NaN,0.403098764926385,0.0895447354651794,6.04135306755682e-07,0.298639894511013,0.458247789920794,0.000331537850816675,0.000331537850816675,0.757219222282624
461.6,985.69356499263,NaN,394.000457512407,13.0008823710688,NaN,0.403098762925527,0.0895447387831214,6.05124087061489e-07,0.298583406542973,0.458210134454689,0.000332142427782742,0.000332142427782742,0.757125683425445
461.7,985.804662863707,NaN,394.00045826135,13.0008838155022,NaN,0.403098760921021,0.0895447421071116,6.06114669799838e-07,0.298526925555271,0.458172470909818,0.000332747883545308,0.000332747883545308,0.757032144348635
461.8,985.9157470062,NaN,394.000459011657,13.0008852625678,NaN,0.403098758912863,0.0895447454371589,6.07107057610514e-07,0.298470451547926,0.458134799288049,0.000333354226892523,0.000333354226892523,0.756938605062868
461.9,986.026817420073,NaN,394.000459763332,13.0008867122693,NaN,0.403098756901047,0.0895447487732722,6.08101253136371e-07,0.298413984520958,0.458097119591249,0.000333961466612355,0.000333961466612355,0.756845065578819
462,986.137874105289,NaN,394.000460516375,13.0008881646106,NaN,0.403098754885568,0.0895447521154603,6.0909725902333e-07,0.298357524474384,0.458059431821286,0.000334569576340717,0.000334569576340717,0.756751525872012
462.1,986.248917061815,NaN,394.000461270789,13.0008896195956,NaN,0.40309875286642,0.0895447554637321,6.10095077920381e-07,0.298301071408225,0.458021735980032,0.000335178591230033,0.000335178591230033,0.756657985979487
462.2,986.359946289615,NaN,394.000462026575,13.0008910772282,NaN,0.403098750843597,0.0895447588180966,6.11094712479584e-07,0.298244625322499,0.457984032069356,0.000335788493703814,0.000335788493703814,0.756564445885559
462.3,986.470961788655,NaN,394.000462783737,13.0008925375121,NaN,0.403098748817096,0.0895447621785625,6.12096165356066e-07,0.298188186217223,0.457946320091131,0.000336399283762244,0.000336399283762244,0.756470905592117
462.4,986.581963558901,NaN,394.000463542275,13.0008940004513,NaN,0.403098746786909,0.0895447655451389,6.13099439208024e-07,0.298131754092417,0.45790860004723,0.00033701097019329,0.00033701097019329,0.75637736510984
462.5,986.692951600321,NaN,394.000464302192,13.0008954660497,NaN,0.403098744753032,0.0895447689178347,6.14104536696723e-07,0.298075328948098,0.457870871939526,0.000337623552996766,0.000337623552996766,0.756283824440621
462.6,986.803925912881,NaN,394.000465063489,13.0008969343112,NaN,0.40309874271546,0.0895447722966589,6.15111460486495e-07,0.298018910784283,0.457833135769897,0.000338237023385266,0.000338237023385266,0.756190283577565
462.7,986.914886496549,NaN,394.00046582617,13.0008984052396,NaN,0.403098740674186,0.0895447756816202,6.16120213244743e-07,0.297962499600991,0.457795391540217,0.000338851398934162,0.000338851398934162,0.756096742540142
462.8,987.025833351294,NaN,394.000466590235,13.0008998788387,NaN,0.403098738629206,0.0895447790727279,6.17130797641939e-07,0.297906095398237,0.457757639252365,0.000339466670855674,0.000339466670855674,0.756003201321458
462.9,987.136766477083,NaN,394.000467355687,13.0009013551127,NaN,0.403098736580515,0.0895447824699907,6.1814321635162e-07,0.29784969817604,0.457719878908218,0.000340082830361836,0.000340082830361836,0.75590965991462
463,987.247685873885,NaN,394.000468122528,13.0009028340653,NaN,0.403098734528106,0.0895447858734177,6.19157472050395e-07,0.297793307934416,0.457682110509657,0.000340699895028581,0.000340699895028581,0.755816118339102
463.1,987.358591541671,NaN,394.00046889076,13.0009043157003,NaN,0.403098732471974,0.0895447892830178,6.20173567417941e-07,0.297736924673382,0.457644334058562,0.00034131786485572,0.00034131786485572,0.7557225765968
463.2,987.469483480409,NaN,394.000469660385,13.0009058000219,NaN,0.403098730412114,0.0895447926988002,6.21191505137002e-07,0.297680548392953,0.457606549556815,0.000341936731055854,0.000341936731055854,0.755629034680825
463.3,987.580361690071,NaN,394.000470431405,13.0009072870339,NaN,0.403098728348521,0.0895447961207737,6.22211287893392e-07,0.297624179093147,0.4575687570063,0.000342556493628415,0.000342556493628415,0.755535492593075
463.4,987.691226170627,NaN,394.000471203822,13.00090877674,NaN,0.403098726281188,0.0895447995489475,6.23232918375992e-07,0.297567816773978,0.457530956408899,0.000343177178937494,0.000343177178937494,0.755441950361814
463.5,987.802076922048,NaN,394.000471977638,13.0009102691445,NaN,0.403098724210112,0.0895448029833305,6.24256399276756e-07,0.297511461435462,0.457493147766498,0.000343798743043064,0.000343798743043064,0.755348407945003
463.6,987.912913944306,NaN,394.000472752855,13.0009117642511,NaN,0.403098722135285,0.0895448064239318,6.252817332907e-07,0.297455113077615,0.457455331080984,0.000344421229885532,0.000344421229885532,0.755254865388485
463.7,988.023737237372,NaN,394.000473529475,13.0009132620638,NaN,0.403098720056703,0.0895448098707604,6.26308923115914e-07,0.297398771700452,0.457417506354243,0.000345044613100427,0.000345044613100427,0.755161322667796
463.8,988.13454680122,NaN,394.0004743075,13.0009147625865,NaN,0.40309871797436,0.0895448133238255,6.27337971453554e-07,0.297342437303988,0.457379673588163,0.000345668910263871,0.000345668910263871,0.755067779802415
463.9,988.245342635823,NaN,394.000475086932,13.0009162658231,NaN,0.403098715888251,0.089544816783136,6.28368881007846e-07,0.297286109888238,0.457341832784635,0.000346294112587899,0.000346294112587899,0.754974236785461
464,988.356124741154,NaN,394.000475867774,13.0009177717776,NaN,0.40309871379837,0.0895448202487011,6.29401654486083e-07,0.297229789453215,0.457303983945548,0.000346920228860476,0.000346920228860476,0.754880693627624
464.1,988.466893117186,NaN,394.000476650027,13.0009192804541,NaN,0.403098711704712,0.0895448237205298,6.30436294598627e-07,0.297173475998935,0.457266127072795,0.000347547259081411,0.000347547259081411,0.754787150330811
464.2,988.577647763895,NaN,394.000477433693,13.0009207918563,NaN,0.403098709607271,0.0895448271986313,6.3147280405891e-07,0.297117169525411,0.457228262168267,0.000348175185675348,0.000348175185675348,0.754693606879354
464.3,988.688388681254,NaN,394.000478218775,13.0009223059882,NaN,0.403098707506042,0.0895448306830147,6.32511185583431e-07,0.297060870032658,0.457190389233859,0.000348804026217643,0.000348804026217643,0.754600063292734
464.4,988.79911586924,NaN,394.000479005274,13.000923822854,NaN,0.403098705401019,0.0895448341736891,6.33551441891758e-07,0.297004577520687,0.457152508271464,0.000349433798284421,0.000349433798284421,0.754506519590436
464.5,988.909829327828,NaN,394.000479793193,13.0009253424575,NaN,0.403098703292197,0.0895448376706637,6.34593575706529e-07,0.296948291989515,0.45711461928298,0.000350064466723621,0.000350064466723621,0.754412975739219
464.6,989.020529056994,NaN,394.000480582533,13.0009268648027,NaN,0.40309870117957,0.0895448411739475,6.35637589753448e-07,0.296892013439152,0.457076722270303,0.000350696066687694,0.000350696066687694,0.754319431776143
464.7,989.131215056714,NaN,394.000481373297,13.0009283898935,NaN,0.403098699063133,0.0895448446835498,6.36683486761289e-07,0.296835741869612,0.457038817235331,0.000351328571812155,0.000351328571812155,0.754225887676756
464.8,989.241887326966,NaN,394.000482165486,13.000929917734,NaN,0.40309869694288,0.0895448481994797,6.37731269461896e-07,0.296779477280908,0.457000904179963,0.000351961990885167,0.000351961990885167,0.754132343451757
464.9,989.352545867726,NaN,394.000482959103,13.0009314483281,NaN,0.403098694818806,0.0895448517217464,6.38780940590179e-07,0.296723219673052,0.4569629831061,0.000352596341482662,0.000352596341482662,0.754038799120635
465,989.463190678974,NaN,394.00048375415,13.0009329816798,NaN,0.403098692690904,0.089544855250359,6.39832502884118e-07,0.296666969046057,0.456925054015642,0.000353231597240741,0.000353231597240741,0.753945254658939
465.1,989.573821760688,NaN,394.00048455063,13.0009345177932,NaN,0.403098690559171,0.0895448587853269,6.40885959084762e-07,0.296610725399934,0.456887116910491,0.000353867793311073,0.000353867793311073,0.753851710103736
465.2,989.684439112845,NaN,394.000485348543,13.0009360566722,NaN,0.403098688423599,0.0895448623266591,6.41941311936226e-07,0.296554488734695,0.456849171792552,0.000354504885754415,0.000354504885754415,0.753758165413001
465.3,989.795042735426,NaN,394.000486147892,13.0009375983209,NaN,0.403098686284184,0.0895448658743649,6.42998564185698e-07,0.296498259050352,0.456811218663728,0.000355142927297978,0.000355142927297978,0.753664620641378
465.4,989.90563262841,NaN,394.000486948679,13.0009391427432,NaN,0.40309868414092,0.0895448694284536,6.44057718583431e-07,0.296442036346915,0.456773257525925,0.000355781874002125,0.000355781874002125,0.753571075746843
465.5,990.016208791777,NaN,394.000487750906,13.0009406899431,NaN,0.403098681993801,0.0895448729889343,6.45118777882748e-07,0.296385820624397,0.45673528838105,0.000356421752230557,0.000356421752230557,0.753477530757678
465.6,990.126771225508,NaN,394.000488554576,13.0009422399247,NaN,0.403098679842821,0.0895448765558163,6.4618174484004e-07,0.296329611882808,0.456697311231011,0.000357062561983868,0.000357062561983868,0.753383985675803
465.7,990.237319929584,NaN,394.00048935969,13.000943792692,NaN,0.403098677687976,0.089544880129109,6.47246622214767e-07,0.296273410122158,0.456659326077715,0.000357704285685532,0.000357704285685532,0.753290440485559
465.8,990.347854903987,NaN,394.000490166251,13.0009453482492,NaN,0.40309867552926,0.0895448837088214,6.48313412769457e-07,0.296217215342459,0.456621332923074,0.000358346949699647,0.000358346949699647,0.753196895215232
465.9,990.458376148698,NaN,394.00049097426,13.0009469066,NaN,0.403098673366666,0.089544887294963,6.49382119269709e-07,0.296161027543719,0.456583331768997,0.000358990527662311,0.000358990527662311,0.753103349840379
466,990.568883663699,NaN,394.00049178372,13.0009484677486,NaN,0.40309867120019,0.0895448908875431,6.50452744484187e-07,0.29610484672595,0.456545322617397,0.000359635054725393,0.000359635054725393,0.753009804398072
466.1,990.679377448974,NaN,394.000492594632,13.0009500316991,NaN,0.403098669029825,0.0895448944865708,6.51525291184626e-07,0.29604867288916,0.456507305470186,0.000360280504524792,0.000360280504524792,0.752916258863871
466.2,990.789857504506,NaN,394.000493407,13.0009515984555,NaN,0.403098666855567,0.0895448980920556,6.52599762145829e-07,0.29599250603336,0.456469280329279,0.000360926877061108,0.000360926877061108,0.752822713239701
466.3,990.900323830279,NaN,394.000494220824,13.0009531680218,NaN,0.403098664677409,0.0895449017040067,6.53676160145667e-07,0.295936346158559,0.456431247196592,0.000361574198697641,0.000361574198697641,0.752729167553848
466.4,991.010776426276,NaN,394.000495036108,13.0009547404021,NaN,0.403098662495346,0.0895449053224335,6.5475448796508e-07,0.295880193264764,0.456393206074039,0.000362222443070691,0.000362222443070691,0.752635621781874
466.5,991.121215292483,NaN,394.000495852853,13.0009563156004,NaN,0.403098660309373,0.0895449089473454,6.55834748388079e-07,0.295824047351987,0.456355156963538,0.00036287162775599,0.00036287162775599,0.752542075943281
466.6,991.231640428884,NaN,394.000496671061,13.000957893621,NaN,0.403098658119483,0.0895449125787516,6.56916944201738e-07,0.295767908420234,0.456317099867009,0.000363521743966176,0.000363521743966176,0.752448530031209
466.7,991.342051835466,NaN,394.000497490734,13.0009594744676,NaN,0.403098655925671,0.0895449162166615,6.58001078196204e-07,0.295711776469515,0.456279034786369,0.000364172800488611,0.000364172800488611,0.752354984056373
466.8,991.452449512214,NaN,394.000498311875,13.0009610581445,NaN,0.403098653727931,0.0895449198610846,6.59087153164692e-07,0.295655651499837,0.45624096172354,0.000364824797323496,0.000364824797323496,0.752261438020701
466.9,991.562833459113,NaN,394.000499134485,13.0009626446558,NaN,0.403098651526258,0.0895449235120302,6.60175171903485e-07,0.295599533511209,0.456202880680443,0.000365477734470832,0.000365477734470832,0.752167891926123
467,991.673203676152,NaN,394.000499958567,13.0009642340055,NaN,0.403098649320646,0.0895449271695076,6.61265137211935e-07,0.295543422503638,0.456164791659001,0.000366131611930619,0.000366131611930619,0.75207434577457
467.1,991.783560163317,NaN,394.000500784123,13.0009658261977,NaN,0.403098647111089,0.0895449308335264,6.62357051892463e-07,0.295487318477132,0.456126694661138,0.000366786420914686,0.000366786420914686,0.751980799559184
467.2,991.893902920597,NaN,394.000501611155,13.0009674212365,NaN,0.403098644897582,0.0895449345040959,6.63450918750555e-07,0.295431221431697,0.456088589688777,0.000367442178999577,0.000367442178999577,0.751887253299473
467.3,992.004231947979,NaN,394.000502439665,13.0009690191259,NaN,0.403098642680119,0.0895449381812255,6.64546740594771e-07,0.295375131367341,0.456050476743845,0.000368098886184682,0.000368098886184682,0.751793706997371
467.4,992.114547245453,NaN,394.000503269656,13.0009706198702,NaN,0.403098640458694,0.0895449418649246,6.65644520236736e-07,0.295319048284071,0.456012355828269,0.000368756524894271,0.000368756524894271,0.751700160637234
467.5,992.224848813006,NaN,394.000504101128,13.0009722234734,NaN,0.403098638233301,0.0895449455552028,6.66744260491146e-07,0.295262972181893,0.455974226943976,0.000369415121492039,0.000369415121492039,0.751606614247361
467.6,992.335136650629,NaN,394.000504934085,13.0009738299396,NaN,0.403098636003936,0.0895449492520694,6.67845964175763e-07,0.295206903060813,0.455936090092896,0.000370074658402668,0.000370074658402668,0.751513067812112
467.7,992.445410758313,NaN,394.000505768529,13.0009754392729,NaN,0.403098633770592,0.089544952955534,6.68949634111419e-07,0.295150840920838,0.455897945276959,0.000370735153201476,0.000370735153201476,0.751419521350999
467.8,992.555671136046,NaN,394.000506604461,13.0009770514774,NaN,0.403098631533263,0.089544956665606,6.70055273122014e-07,0.295094785761973,0.455859792498095,0.000371396579524768,0.000371396579524768,0.751325974839593
467.9,992.665917783821,NaN,394.000507441885,13.0009786665573,NaN,0.403098629291944,0.0895449603822949,6.71162884034518e-07,0.295038737584225,0.455821631758238,0.000372058963736443,0.000372058963736443,0.751232428306199
468,992.776150701628,NaN,394.000508280801,13.0009802845167,NaN,0.403098627046629,0.0895449641056102,6.72272469678969e-07,0.294982696387598,0.455783463059319,0.000372722297048537,0.000372722297048537,0.751138881743965
468.1,992.886369889459,NaN,394.000509121212,13.0009819053597,NaN,0.403098624797312,0.0895449678355614,6.73384032888472e-07,0.294926662172097,0.455745286403273,0.00037338657946084,0.00037338657946084,0.751045335154831
468.2,992.996575347307,NaN,394.000509963121,13.0009835290905,NaN,0.403098622543988,0.089544971572158,6.74497576499203e-07,0.294870634937728,0.455707101792036,0.000374051828549909,0.000374051828549909,0.750951788558315
468.3,993.106767075163,NaN,394.000510806529,13.0009851557131,NaN,0.40309862028665,0.0895449753154095,6.75613103350404e-07,0.294814614684496,0.455668909227544,0.000374718017951222,0.000374718017951222,0.750858241929991
468.4,993.216945073022,NaN,394.000511651439,13.0009867852318,NaN,0.403098618025294,0.0895449790653255,6.76730616284388e-07,0.294758601412405,0.455630708711735,0.000375385165240918,0.000375385165240918,0.75076469528938
468.5,993.327109340877,NaN,394.000512497853,13.0009884176506,NaN,0.403098615759913,0.0895449828219156,6.77850118146536e-07,0.294702595121458,0.455592500246546,0.000376053261630823,0.000376053261630823,0.750671148629635
468.6,993.437259878722,NaN,394.000513345772,13.0009900529738,NaN,0.403098613490501,0.0895449865851892,6.78971611785297e-07,0.294646595811661,0.455554283833918,0.000376722333485464,0.000376722333485464,0.750577601979064
468.7,993.547396686551,NaN,394.0005141952,13.0009916912055,NaN,0.403098611217053,0.089544990355156,6.80095100052188e-07,0.294590603483017,0.45551605947579,0.000377392345652346,0.000377392345652346,0.75048405530446
468.8,993.657519764359,NaN,394.000515046138,13.0009933323499,NaN,0.403098608939564,0.0895449941318255,6.81220585801796e-07,0.29453461813553,0.455477827174106,0.00037806332449558,0.00037806332449558,0.750390508634131
468.9,993.767629112141,NaN,394.000515898588,13.000994976411,NaN,0.403098606658026,0.0895449979152074,6.82348071891776e-07,0.294478639769203,0.455439586930806,0.000378735252439231,0.000378735252439231,0.750296961952449
469,993.877724729894,NaN,394.000516752553,13.0009966233932,NaN,0.403098604372434,0.0895450017053111,6.83477561182852e-07,0.294422668384039,0.455401338747836,0.000379408164635166,0.000379408164635166,0.75020341529651
469.1,993.987806617613,NaN,394.000517608034,13.0009982733006,NaN,0.403098602082784,0.0895450055021464,6.84609056538816e-07,0.294366703980041,0.45536308262714,0.000380082017143341,0.000380082017143341,0.750109868624324
469.2,994.097874775296,NaN,394.000518465034,13.0009999261373,NaN,0.403098599789068,0.0895450093057229,6.85742560826528e-07,0.294310746557212,0.455324818570663,0.00038075683632829,0.00038075683632829,0.750016321964203
469.3,994.207929202939,NaN,394.000519323556,13.0010015819076,NaN,0.403098597491281,0.0895450131160501,6.86878076915918e-07,0.294254796115554,0.455286546580353,0.000381432630977345,0.000381432630977345,0.749922775326884
469.4,994.31796990054,NaN,394.0005201836,13.0010032406156,NaN,0.403098595189417,0.0895450169331378,6.88015607679984e-07,0.29419885265507,0.455248266658157,0.000382109374726817,0.000382109374726817,0.749829228687954
469.5,994.427996868097,NaN,394.00052104517,13.0010049022654,NaN,0.403098592883471,0.0895450207569955,6.89155155994793e-07,0.294142916175761,0.455209978806026,0.000382787093940608,0.000382787093940608,0.749735682075728
469.6,994.53801010561,NaN,394.000521908268,13.0010065668615,NaN,0.403098590573436,0.089545024587633,6.9029672473948e-07,0.29408698667763,0.455171683025908,0.000383465779830536,0.000383465779830536,0.749642135483368
469.7,994.648009613075,NaN,394.000522772895,13.0010082344078,NaN,0.403098588259307,0.0895450284250599,6.91440316796248e-07,0.294031064160677,0.455133379319754,0.000384145441185208,0.000384145441185208,0.749548588921617
469.8,994.757995390493,NaN,394.000523639054,13.0010099049087,NaN,0.403098585941078,0.0895450322692859,6.9258593505037e-07,0.293975148624905,0.455095067689518,0.000384826051640085,0.000384826051640085,0.749455042366063
469.9,994.867967437864,NaN,394.000524506747,13.0010115783683,NaN,0.403098583618742,0.0895450361203206,6.93733582390187e-07,0.293919240070314,0.455056748137152,0.000385507655135213,0.000385507655135213,0.749361495862601
470,994.977925755188,NaN,394.000525375977,13.0010132547909,NaN,0.403098581292295,0.0895450399781738,6.94883261707109e-07,0.293863338496906,0.45501842066461,0.000386190216518726,0.000386190216518726,0.749267949378034
470.1,995.087870342465,NaN,394.000526246745,13.0010149341807,NaN,0.403098578961731,0.0895450438428553,6.96034975895613e-07,0.29380744390468,0.454980085273848,0.000386873744578374,0.000386873744578374,0.749174402923106
470.2,995.197801199698,NaN,394.000527119054,13.0010166165418,NaN,0.403098576627042,0.0895450477143746,6.97188727853247e-07,0.293751556293638,0.454941741966821,0.000387558265678704,0.000387558265678704,0.749080856526138
470.3,995.307718326886,NaN,394.000527992905,13.0010183018786,NaN,0.403098574288225,0.0895450515927416,6.98344520480625e-07,0.293695675663779,0.454903390745489,0.000388243744667203,0.000388243744667203,0.748987310153935
470.4,995.417621724034,NaN,394.000528868302,13.0010199901953,NaN,0.403098571945272,0.089545055477966,6.99502356681433e-07,0.293639802015104,0.454865031611808,0.000388930199120021,0.000388930199120021,0.748893763826032
470.5,995.527511391142,NaN,394.000529745246,13.0010216814961,NaN,0.403098569598177,0.0895450593700576,7.00662239362421e-07,0.293583935347612,0.454826664567739,0.000389617637825122,0.000389617637825122,0.748800217553176
470.6,995.637387328214,NaN,394.000530623739,13.0010233757851,NaN,0.403098567246936,0.089545063269026,7.01824171433412e-07,0.293528075661303,0.454788289615241,0.000390306051994325,0.000390306051994325,0.748706671328538
470.7,995.747249535254,NaN,394.000531503784,13.0010250730669,NaN,0.403098564891542,0.0895450671748812,7.02988155807295e-07,0.293472222956176,0.454749906756277,0.00039099544162828,0.00039099544162828,0.748613125154081
470.8,995.857098012265,NaN,394.000532385383,13.0010267733454,NaN,0.403098562531989,0.0895450710876328,7.04154195400029e-07,0.29341637723223,0.454711515992809,0.000391685815514302,0.000391685815514302,0.748519579040552
470.9,995.966932759251,NaN,394.000533268538,13.0010284766251,NaN,0.403098560168271,0.0895450750072907,7.0532229313064e-07,0.293360538489464,0.4546731173268,0.000392377164864642,0.000392377164864642,0.748426032981129
471,996.076753776218,NaN,394.000534153252,13.0010301829102,NaN,0.403098557800382,0.0895450789338646,7.06492451921224e-07,0.293304706727876,0.454634710760216,0.000393069507255234,0.000393069507255234,0.748332486995348
471.1,996.18656106317,NaN,394.000535039525,13.0010318922048,NaN,0.403098555428317,0.0895450828673645,7.07664674696946e-07,0.293248881947466,0.454596296295022,0.000393762816321958,0.000393762816321958,0.74823894105881
471.2,996.296354620114,NaN,394.000535927362,13.0010336045134,NaN,0.403098553052069,0.0895450868078001,7.08838964386036e-07,0.293193064148231,0.454557873933185,0.000394457109641404,0.000394457109641404,0.748145395191058
471.3,996.406134447054,NaN,394.000536816763,13.00103531984,NaN,0.403098550671633,0.0895450907551812,7.10015323919798e-07,0.293137253330169,0.454519443676673,0.00039515240478885,0.00039515240478885,0.748051849411631
471.4,996.515900543999,NaN,394.000537707732,13.0010370381893,NaN,0.403098548287003,0.0895450947095177,7.11193756232602e-07,0.293081449493278,0.454481005527455,0.000395848666612647,0.000395848666612647,0.747958303687345
471.5,996.625652910953,NaN,394.00053860027,13.0010387595652,NaN,0.403098545898172,0.0895450986708195,7.12374264261884e-07,0.293025652637555,0.4544425594875,0.000396545921476696,0.000396545921476696,0.747864758046531
471.6,996.735391547927,NaN,394.000539494379,13.0010404839722,NaN,0.403098543505135,0.0895451026390964,7.13556850948154e-07,0.292969862762998,0.454404105558779,0.000397244169380775,0.000397244169380775,0.747771212491157
471.7,996.845116454926,NaN,394.000540390063,13.0010422114144,NaN,0.403098541107885,0.0895451066143583,7.14741519234986e-07,0.292914079869603,0.454365643743265,0.00039794340153758,0.00039794340153758,0.747677667014406
471.8,996.954827631959,NaN,394.000541287322,13.0010439418964,NaN,0.403098538706418,0.0895451105966151,7.15928272069024e-07,0.292858303957368,0.45432717404293,0.000398643626734417,0.000398643626734417,0.747584121627032
471.9,997.064525079036,NaN,394.00054218616,13.0010456754222,NaN,0.403098536300726,0.0895451145858766,7.17117112399982e-07,0.292802535026289,0.454288696459749,0.000399344844971505,0.000399344844971505,0.747490576331009
472,997.174208796164,NaN,394.000543086578,13.0010474119962,NaN,0.403098533890804,0.0895451185821529,7.18308043180641e-07,0.292746773076362,0.454250210995696,0.00040004703867291,0.00040004703867291,0.747397031110731
472.1,997.283878783355,NaN,394.000543988579,13.0010491516227,NaN,0.403098531476646,0.0895451225854538,7.19501067366852e-07,0.292691018107583,0.454211717652748,0.000400750242990279,0.000400750242990279,0.747303486003322
472.2,997.393535040618,NaN,394.000544892165,13.0010508943061,NaN,0.403098529058246,0.0895451265957892,7.20696187917532e-07,0.292635270119949,0.454173216432882,0.000401454440348343,0.000401454440348343,0.74720994099318
472.3,997.503177567963,NaN,394.000545797338,13.0010526400507,NaN,0.403098526635597,0.0895451306131691,7.21893407794669e-07,0.292579529113455,0.454134707338076,0.000402159621958471,0.000402159621958471,0.74711639607349
472.4,997.612806365403,NaN,394.000546704101,13.0010543888607,NaN,0.403098524208695,0.0895451346376034,7.23092729963319e-07,0.292523795088097,0.454096190370309,0.000402865805396816,0.000402865805396816,0.747022851263803
472.5,997.722421432947,NaN,394.000547612455,13.0010561407406,NaN,0.403098521777532,0.0895451386691021,7.24294157391606e-07,0.292468068043869,0.454057665531563,0.00040357299066338,0.00040357299066338,0.746929306566095
472.6,997.832022770608,NaN,394.000548522403,13.0010578956946,NaN,0.403098519342104,0.0895451427076752,7.25497693050725e-07,0.292412347980767,0.454019132823817,0.000404281160182004,0.000404281160182004,0.746835761964765
472.7,997.941610378398,NaN,394.000549433948,13.0010596537272,NaN,0.403098516902403,0.0895451467533326,7.26703339914935e-07,0.292356634898785,0.453980592249054,0.000404990340317262,0.000404990340317262,0.746742217488156
472.8,998.051184256331,NaN,394.00055034709,13.0010614148425,NaN,0.403098514458424,0.0895451508060844,7.27911100961567e-07,0.292300928797918,0.453942043809257,0.000405700522280514,0.000405700522280514,0.746648673129456
472.9,998.160744404419,NaN,394.000551261834,13.001063179045,NaN,0.40309851201016,0.0895451548659404,7.29120979171021e-07,0.292245229678161,0.453903487506412,0.000406411706071985,0.000406411706071985,0.746555128890645
473,998.270290822676,NaN,394.000552178181,13.001064946339,NaN,0.403098509557607,0.0895451589329109,7.30332977526764e-07,0.292189537539507,0.453864923342503,0.00040712387411574,0.00040712387411574,0.746461584756125
473.1,998.379823511116,NaN,394.000553096132,13.0010667167289,NaN,0.403098507100757,0.0895451630070056,7.31547099015332e-07,0.29213385238195,0.453826351319517,0.000407837070351388,0.000407837070351388,0.746368040771818
473.2,998.489342469754,NaN,394.000554015692,13.0010684902191,NaN,0.403098504639605,0.0895451670882348,7.32763346626328e-07,0.292078174205484,0.453787771439441,0.000408551250839773,0.000408551250839773,0.746274496895765
473.3,998.598847698605,NaN,394.000554936861,13.0010702668138,NaN,0.403098502174145,0.0895451711766084,7.33981723352428e-07,0.292022503010103,0.453749183704264,0.000409266441944117,0.000409266441944117,0.746180953156311
473.4,998.708339197684,NaN,394.000555859642,13.0010720465175,NaN,0.403098499704369,0.0895451752721366,7.35202232189371e-07,0.291966838795799,0.453710588115976,0.000409982652452613,0.000409982652452613,0.746087409564228
473.5,998.817816967006,NaN,394.000556784037,13.0010738293346,NaN,0.403098497230274,0.0895451793748292,7.3642487613597e-07,0.291911181562565,0.453671984676567,0.000410699847213393,0.000410699847213393,0.745993866086346
473.6,998.92728100659,NaN,394.000557710049,13.0010756152694,NaN,0.403098494751852,0.0895451834846965,7.37649658194103e-07,0.291855531310395,0.453633373388028,0.000411418070166065,0.000411418070166065,0.745900322768589
473.7,999.036731316451,NaN,394.000558637679,13.0010774043263,NaN,0.403098492269097,0.0895451876017485,7.38876581368717e-07,0.29179988803928,0.453594754252353,0.000412137294947411,0.000412137294947411,0.74580677958658
473.8,999.146167896606,NaN,394.000559566931,13.0010791965096,NaN,0.403098489782004,0.0895451917259953,7.40105648667829e-07,0.291744251749213,0.453556127271534,0.000412857530344714,0.000412857530344714,0.745713236551092
473.9,999.255590747074,NaN,394.000560497806,13.0010809918238,NaN,0.403098487290565,0.0895451958574471,7.41336863102524e-07,0.291688622440186,0.453517492447568,0.000413578776358202,0.000413578776358202,0.745619693664112
474,999.364999867872,NaN,394.000561430307,13.0010827902733,NaN,0.403098484794776,0.0895451999961138,7.42570227686954e-07,0.291633000112191,0.453478849782448,0.000414301041775843,0.000414301041775843,0.745526150936415
474.1,999.47439525902,NaN,394.000562364435,13.0010845918625,NaN,0.403098482294629,0.0895452041420057,7.43805745438344e-07,0.291577384765219,0.453440199278173,0.000415024309021471,0.000415024309021471,0.745432608352414
474.2,999.583776920535,NaN,394.000563300194,13.0010863965958,NaN,0.40309847979012,0.0895452082951328,7.45043419376981e-07,0.291521776399262,0.45340154093674,0.000415748595671712,0.000415748595671712,0.745339065931674
474.3,999.693144852438,NaN,394.000564237586,13.0010882044776,NaN,0.403098477281241,0.0895452124555054,7.46283252526225e-07,0.291466175014311,0.453362874760147,0.000416473901725875,0.000416473901725875,0.745245523676184
474.4,999.802499054749,NaN,394.000565176612,13.0010900155122,NaN,0.403098474767986,0.0895452166231336,7.47525247912506e-07,0.291410580610357,0.453324200750395,0.000417200218396222,0.000417200218396222,0.745151981579148
474.5,999.911839527487,NaN,394.000566117275,13.0010918297042,NaN,0.403098472250351,0.0895452207980275,7.48769408565318e-07,0.29135499318739,0.453285518909484,0.000417927563258689,0.000417927563258689,0.745058439660133
474.6,1000.02116627067,NaN,394.000567059578,13.0010936470579,NaN,0.403098469728327,0.0895452249801974,7.50015737517228e-07,0.291299412745401,0.453246829239416,0.000418655909949142,0.000418655909949142,0.744964897894766
474.7,1000.13047928433,NaN,394.000568003522,13.0010954675778,NaN,0.40309846720191,0.0895452291696534,7.51264237803868e-07,0.291243839284381,0.453208131742194,0.000419385293620145,0.000419385293620145,0.744871356320195
474.8,1000.23977856848,NaN,394.00056894911,13.0010972912683,NaN,0.403098464671092,0.0895452333664056,7.52514912463941e-07,0.291188272804318,0.453169426419823,0.000420115679119134,0.000420115679119134,0.74477781490326
474.9,1000.34906412314,NaN,394.000569896344,13.0010991181337,NaN,0.403098462135869,0.0895452375704644,7.53767764539217e-07,0.291132713305204,0.453130713274306,0.000420847110386176,0.000420847110386176,0.744684273689896
475,1000.45833594834,NaN,394.000570845227,13.0011009481788,NaN,0.403098459596233,0.0895452417818399,7.55022797074536e-07,0.291077160787027,0.45309199230765,0.000421579543481436,0.000421579543481436,0.744590732638158
475.1,1000.5675940441,NaN,394.000571795761,13.0011027814076,NaN,0.403098457052179,0.0895452460005424,7.56280013117806e-07,0.291021615249776,0.453053263521862,0.00042231300476858,0.00042231300476858,0.744497191776407
475.2,1000.67683841045,NaN,394.000572747948,13.0011046178248,NaN,0.4030984545037,0.0895452502265821,7.57539415720004e-07,0.290966076693442,0.45301452691895,0.000423047503036279,0.000423047503036279,0.744403651115428
475.3,1000.78606904739,NaN,394.000573701791,13.0011064574349,NaN,0.40309845195079,0.0895452544599692,7.58801007935173e-07,0.290910545118013,0.452975782500923,0.000423783020707896,0.000423783020707896,0.744310110639643
475.4,1000.89528595498,NaN,394.000574657291,13.0011083002423,NaN,0.403098449393443,0.089545258700714,7.60064792820429e-07,0.290855020523477,0.45293703026979,0.000424519557783665,0.000424519557783665,0.744216570351051
475.5,1001.00448913321,NaN,394.000575614451,13.0011101462514,NaN,0.403098446831653,0.0895452629488268,7.61330773435954e-07,0.290799502909823,0.452898270227563,0.000425257123051552,0.000425257123051552,0.744123030260438
475.6,1001.11367858213,NaN,394.000576573274,13.0011119954666,NaN,0.403098444265414,0.0895452672043178,7.62598952844999e-07,0.290743992277039,0.452859502376255,0.000425995725299289,0.000425995725299289,0.744029490378593
475.7,1001.22285430176,NaN,394.000577533762,13.0011138478926,NaN,0.403098441694719,0.0895452714671974,7.63869334113882e-07,0.290688488625113,0.452820726717877,0.000426735364527584,0.000426735364527584,0.743935950707518
475.8,1001.33201629212,NaN,394.000578495916,13.0011157035337,NaN,0.403098439119562,0.0895452757374758,7.65141920311992e-07,0.290632991954033,0.452781943254445,0.000427476014371828,0.000427476014371828,0.74384241122285
475.9,1001.44116455324,NaN,394.00057945974,13.0011175623944,NaN,0.403098436539937,0.0895452800151634,7.66416714511787e-07,0.290577502263786,0.452743151987973,0.000428217709984124,0.000428217709984124,0.743748871961743
476,1001.55029908515,NaN,394.000580425236,13.0011194244793,NaN,0.403098433955838,0.0895452843002705,7.6769371978879e-07,0.29052201955436,0.452704352920477,0.00042896043378854,0.00042896043378854,0.743655332908626
476.1,1001.65941988787,NaN,394.000581392406,13.0011212897927,NaN,0.403098431367259,0.0895452885928073,7.68972939221598e-07,0.290466543825741,0.452665546053975,0.000429704203360769,0.000429704203360769,0.743561794083077
476.2,1001.76852696144,NaN,394.000582361252,13.0011231583393,NaN,0.403098428774193,0.0895452928927843,7.70254375891871e-07,0.290411075077917,0.452626731390485,0.00043044898354966,0.00043044898354966,0.743468255451951
476.3,1001.87762030587,NaN,394.000583331777,13.0011250301235,NaN,0.403098426176634,0.0895452972002117,7.7153803288434e-07,0.290355613310874,0.452587908932025,0.0004311948270823,0.0004311948270823,0.743374717069981
476.4,1001.98669992121,NaN,394.000584303983,13.0011269051497,NaN,0.403098423574575,0.0895453015151001,7.72823913286807e-07,0.290300158524598,0.452549078680617,0.000431941690019091,0.000431941690019091,0.743281178895234
476.5,1002.09576580748,NaN,394.000585277872,13.0011287834226,NaN,0.403098420968011,0.0895453058374596,7.74112020190138e-07,0.290244710719076,0.452510240638281,0.000432689598723935,0.000432689598723935,0.743187640956081
476.6,1002.2048179647,NaN,394.000586253447,13.0011306649465,NaN,0.403098418356936,0.0895453101673008,7.75402356688271e-07,0.290189269894294,0.452471394807039,0.000433438544408623,0.000433438544408623,0.743094103245741
476.7,1002.31385639292,NaN,394.00058723071,13.0011325497262,NaN,0.403098415741342,0.089545314504634,7.76694925878212e-07,0.290133836050237,0.452432541188915,0.000434188527073879,0.000434188527073879,0.743000565766226
476.8,1002.42288109216,NaN,394.000588209663,13.0011344377659,NaN,0.403098413121224,0.0895453188494695,7.77989730860033e-07,0.29007840918689,0.452393679785933,0.000434939555506947,0.000434939555506947,0.74290702852833
476.9,1002.53189206244,NaN,394.000589190309,13.0011363290704,NaN,0.403098410496576,0.0895453232018179,7.79286774736879e-07,0.29002298930424,0.452354810600118,0.000435691629708067,0.000435691629708067,0.742813491534066
477,1002.64088930381,NaN,394.000590172651,13.001138223644,NaN,0.403098407867391,0.0895453275616895,7.8058606061496e-07,0.28996757640227,0.452315933633497,0.000436444740889272,0.000436444740889272,0.742719954776656
477.1,1002.7498728163,NaN,394.000591156689,13.0011401214914,NaN,0.403098405233663,0.0895453319290948,7.81887591603556e-07,0.289912170480966,0.452277048888096,0.000437198897838288,0.000437198897838288,0.742626418266901
477.2,1002.85884259993,NaN,394.000592142428,13.0011420226171,NaN,0.403098402595385,0.0895453363040442,7.83191370815017e-07,0.289856771540313,0.452238156365945,0.000437954100555841,0.000437954100555841,0.742532882006813
477.3,1002.96779865474,NaN,394.000593129868,13.0011439270256,NaN,0.403098399952551,0.0895453406865482,7.84497401364757e-07,0.289801379580294,0.452199256069071,0.000438710357829171,0.000438710357829171,0.742439346007195
477.4,1003.07674098077,NaN,394.000594119013,13.0011458347214,NaN,0.403098397305156,0.0895453450766172,7.85805686371264e-07,0.289745994600895,0.452160347999506,0.00043946764329462,0.00043946764329462,0.742345810243696
477.5,1003.18566957804,NaN,394.000595109865,13.0011477457092,NaN,0.403098394653192,0.0895453494742618,7.87116228956093e-07,0.289690616602097,0.452121432159281,0.000440226000892022,0.000440226000892022,0.742252274762271
477.6,1003.2945844466,NaN,394.000596102426,13.0011496599935,NaN,0.403098391996654,0.0895453538794923,7.88429032243865e-07,0.289635245583886,0.452082508550428,0.000440985386681298,0.000440985386681298,0.742158739520996
477.7,1003.40348558647,NaN,394.000597096699,13.0011515775788,NaN,0.403098389335534,0.0895453582923193,7.89744099362271e-07,0.289579881546245,0.452043577174981,0.00044174583581505,0.00044174583581505,0.742065204557041
477.8,1003.51237299769,NaN,394.000598092686,13.0011534984697,NaN,0.403098386669827,0.0895453627127533,7.91061433442073e-07,0.289524524489157,0.452004638034973,0.000442507339504576,0.000442507339504576,0.741971669863635
477.9,1003.6212466803,NaN,394.000599090389,13.0011554226708,NaN,0.403098383999527,0.0895453671408048,7.92381037617099e-07,0.289469174412605,0.451965691132441,0.000443269880174188,0.000443269880174188,0.74187813542522
478,1003.73010663434,NaN,394.000600089811,13.0011573501866,NaN,0.403098381324626,0.0895453715764843,7.93702915024245e-07,0.289413831316572,0.45192673646942,0.000444033492975753,0.000444033492975753,0.741784601278967
478.1,1003.83895285983,NaN,394.000601090953,13.0011592810218,NaN,0.403098378645119,0.0895453760198024,7.95027068803479e-07,0.28935849520104,0.451887774047947,0.000444798151545124,0.000444798151545124,0.741691067400532
478.2,1003.94778535682,NaN,394.00060209382,13.0011612151809,NaN,0.403098375961,0.0895453804707697,7.96353502097834e-07,0.289303166065991,0.451848803870062,0.000445563855883041,0.000445563855883041,0.741597533791936
478.3,1004.05660412534,NaN,394.000603098412,13.0011631526684,NaN,0.403098373272261,0.0895453849293966,7.97682218053413e-07,0.289247843911408,0.451809825937803,0.00044633064114063,0.00044633064114063,0.741504000490352
478.4,1004.16540916544,NaN,394.000604104732,13.0011650934891,NaN,0.403098370578897,0.0895453893956937,7.99013219819388e-07,0.289192528737273,0.451770840253211,0.000447098463378306,0.000447098463378306,0.741410467453862
478.5,1004.27420047714,NaN,394.000605112783,13.0011670376474,NaN,0.403098367880901,0.0895453938696717,8.00346510547999e-07,0.289137220543567,0.451731846818327,0.000447867348959967,0.000447867348959967,0.741316934710854
478.6,1004.3829780605,NaN,394.000606122567,13.001168985148,NaN,0.403098365178266,0.0895453983513411,8.01682093394556e-07,0.289081919330271,0.451692845635193,0.000448637306673333,0.000448637306673333,0.741223402272137
478.7,1004.49174191554,NaN,394.000607134086,13.0011709359955,NaN,0.403098362470987,0.0895454028407125,8.03019971517434e-07,0.289026625097367,0.451653836705854,0.000449408310155249,0.000449408310155249,0.741129870113375
478.8,1004.60049204231,NaN,394.000608147343,13.0011728901946,NaN,0.403098359759057,0.0895454073377965,8.04360148078081e-07,0.288971337844835,0.451614820032352,0.000450180376980902,0.000450180376980902,0.741036338254168
478.9,1004.70922844084,NaN,394.00060916234,13.0011748477497,NaN,0.40309835704247,0.0895454118426038,8.05702626241011e-07,0.288916057572657,0.451575795616734,0.000450953515938508,0.000450953515938508,0.740942806705329
479,1004.81795111119,NaN,394.00061017908,13.0011768086655,NaN,0.403098354321219,0.0895454163551449,8.07047409173808e-07,0.288860784280812,0.451536763461045,0.000451727709452134,0.000451727709452134,0.74084927545131
479.1,1004.92666005338,NaN,394.000611197565,13.0011787729468,NaN,0.403098351595297,0.0895454208754305,8.08394500047122e-07,0.288805517969282,0.451497723567334,0.000452502983885679,0.000452502983885679,0.740755744520502
479.2,1005.03535526746,NaN,394.000612217797,13.001180740598,NaN,0.403098348864699,0.0895454254034713,8.09743902034676e-07,0.288750258638046,0.451458675937648,0.000453279304087026,0.000453279304087026,0.740662213879781
479.3,1005.14403675348,NaN,394.000613239778,13.0011827116238,NaN,0.403098346129417,0.0895454299392779,8.11095618313256e-07,0.288695006287083,0.451419620574037,0.000454056696420828,0.000454056696420828,0.740568683557541
479.4,1005.25270451147,NaN,394.000614263512,13.0011846860289,NaN,0.403098343389447,0.0895454344828609,8.12449652062721e-07,0.288639760916374,0.451380557478551,0.000454835169674299,0.000454835169674299,0.7404751535646
479.5,1005.36135854148,NaN,394.000615289001,13.0011866638179,NaN,0.40309834064478,0.0895454390342312,8.13806006465998e-07,0.288584522525898,0.451341486653242,0.000455614697483789,0.000455614697483789,0.740381623876624
479.6,1005.46999884354,NaN,394.000616316246,13.0011886449954,NaN,0.40309833789541,0.0895454435933993,8.15164684709081e-07,0.288529291115634,0.451302408100161,0.000456395306212945,0.000456395306212945,0.740288094522009
479.7,1005.57862541772,NaN,394.000617345251,13.0011906295661,NaN,0.403098335141332,0.0895454481603759,8.16525689981033e-07,0.288474066685561,0.451263321821363,0.000457176978286595,0.000457176978286595,0.740194565485211
479.8,1005.68723826404,NaN,394.000618376017,13.0011926175347,NaN,0.403098332382539,0.0895454527351718,8.17889025473987e-07,0.288418849235658,0.451224227818901,0.00045795973127991,0.00045795973127991,0.740101036785839
479.9,1005.79583738255,NaN,394.000619408548,13.0011946089058,NaN,0.403098329619023,0.0895454573177977,8.19254694383142e-07,0.288363638765902,0.451185126094831,0.000458743547617212,0.000458743547617212,0.74000750840835
480,1005.9044227733,NaN,394.000620442845,13.001196603684,NaN,0.40309832685078,0.0895454619082644,8.20622699906768e-07,0.288308435276272,0.451146016651209,0.000459528444874434,0.000459528444874434,0.739913980372355
480.1,1006.01299443633,NaN,394.000621478912,13.0011986018741,NaN,0.403098324077801,0.0895454665065824,8.21993045246203e-07,0.288253238766747,0.451106899490092,0.000460314405475642,0.000460314405475642,0.739820452662315
480.2,1006.12155237169,NaN,394.00062251675,13.0012006034807,NaN,0.403098321300082,0.0895454711127627,8.23365733605855e-07,0.288198049237304,0.451067774613539,0.000461101464572447,0.000461101464572447,0.739726925315415
480.3,1006.23009657943,NaN,394.000623556362,13.0012026085084,NaN,0.403098318517614,0.089545475726816,8.24740768193195e-07,0.28814286668792,0.451028642023608,0.000461889587013751,0.000461889587013751,0.739633398298543
480.4,1006.33862705959,NaN,394.00062459775,13.0012046169621,NaN,0.403098315730393,0.0895454803487531,8.26118152218769e-07,0.288087691118574,0.450989501722361,0.000462678781586752,0.000462678781586752,0.739539871622522
480.5,1006.44714381221,NaN,394.000625640916,13.0012066288463,NaN,0.40309831293841,0.0895454849785846,8.2749788889619e-07,0.288032522529241,0.450950353711858,0.000463469074655606,0.000463469074655606,0.739446345315755
480.6,1006.55564683736,NaN,394.000626685864,13.0012086441658,NaN,0.403098310141661,0.0895454896163215,8.28879981442137e-07,0.287977360919899,0.450911197994162,0.000464260431068188,0.000464260431068188,0.739352819345129
480.7,1006.66413613507,NaN,394.000627732596,13.0012106629252,NaN,0.403098307340137,0.0895454942619746,8.3026443307636e-07,0.287922206290524,0.450872034571336,0.000465052877189173,0.000465052877189173,0.739259293739049
480.8,1006.77261170539,NaN,394.000628781114,13.0012126851292,NaN,0.403098304533834,0.0895454989155546,8.31651247021677e-07,0.287867058641093,0.450832863445444,0.000465846395441852,0.000465846395441852,0.739165768481979
480.9,1006.88107354837,NaN,394.00062983142,13.0012147107825,NaN,0.403098301722743,0.0895455035770723,8.33040426503974e-07,0.287811917971582,0.450793684618552,0.000466641020978352,0.000466641020978352,0.739072243611113
481,1006.98952166407,NaN,394.000630883517,13.0012167398899,NaN,0.403098298906859,0.0895455082465387,8.34431974752207e-07,0.287756784281968,0.450754498092725,0.000467436709858839,0.000467436709858839,0.738978719084551
481.1,1007.09795605253,NaN,394.000631937407,13.0012187724561,NaN,0.403098296086176,0.0895455129239645,8.35825894998398e-07,0.287701657572224,0.450715303870031,0.000468233488447212,0.000468233488447212,0.738885194930702
481.2,1007.2063767138,NaN,394.000632993094,13.0012208084858,NaN,0.403098293260686,0.0895455176093607,8.37222190477643e-07,0.287646537842329,0.450676101952537,0.000469031356743211,0.000469031356743211,0.738791671151609
481.3,1007.31478364793,NaN,394.000634050578,13.0012228479837,NaN,0.403098290430383,0.089545522302738,8.38620864428099e-07,0.287591425092255,0.450636892342314,0.000469830305959651,0.000469830305959651,0.738698147740529
481.4,1007.42317685498,NaN,394.000635109863,13.0012248909544,NaN,0.40309828759526,0.0895455270041074,8.40021920090996e-07,0.287536319321979,0.450597675041432,0.00047063036245965,0.00047063036245965,0.73860462472587
481.5,1007.53155633499,NaN,394.000636170952,13.0012269374029,NaN,0.403098284755311,0.0895455317134796,8.41425360710635e-07,0.287481220531475,0.45055845005196,0.000471431491091603,0.000471431491091603,0.738511102074527
481.6,1007.63992208802,NaN,394.000637233846,13.0012289873338,NaN,0.40309828191053,0.0895455364308658,8.4283118953438e-07,0.287426128720719,0.450519217375972,0.00047223370943118,0.00047223370943118,0.738417579806123
481.7,1007.74827411412,NaN,394.000638298548,13.0012310407517,NaN,0.403098279060909,0.0895455411562767,8.44239409812667e-07,0.287371043889683,0.450479977015541,0.000473037035055102,0.000473037035055102,0.73832405794028
481.8,1007.85661241334,NaN,394.000639365061,13.0012330976616,NaN,0.403098276206443,0.0895455458897232,8.45650024799001e-07,0.287315966038344,0.450440728972741,0.000473841441598681,0.000473841441598681,0.738230536452683
481.9,1007.96493698574,NaN,394.000640433386,13.0012351580681,NaN,0.403098273347124,0.0895455506312163,8.47063037749952e-07,0.287260895166673,0.450401473249646,0.000474646937850147,0.000474646937850147,0.73813701535417
482,1008.07324783137,NaN,394.000641503528,13.001237221976,NaN,0.403098270482946,0.089545555380767,8.48478451925163e-07,0.287205831274646,0.450362209848334,0.000475453541385434,0.000475453541385434,0.738043494664365
482.1,1008.18154495029,NaN,394.000642575487,13.00123928939,NaN,0.403098267613902,0.0895455601383861,8.49896270587343e-07,0.287150774362235,0.45032293877088,0.000476261243416573,0.000476261243416573,0.737949974376532
482.2,1008.28982834255,NaN,394.000643649266,13.0012413603149,NaN,0.403098264739986,0.0895455649040847,8.51316497002272e-07,0.287095724429414,0.450283660019363,0.000477070026367368,0.000477070026367368,0.737856454475145
482.3,1008.3980980082,NaN,394.000644724869,13.0012434347555,NaN,0.403098261861192,0.0895455696778737,8.52739134438794e-07,0.287040681476156,0.450244373595862,0.000477879916602513,0.000477879916602513,0.73776293498862
482.4,1008.5063539473,NaN,394.000645802296,13.0012455127165,NaN,0.403098258977511,0.089545574459764,8.54164186168826e-07,0.286985645502433,0.450205079502457,0.000478690905333246,0.000478690905333246,0.737669415910224
482.5,1008.61459615991,NaN,394.000646881552,13.0012475942028,NaN,0.403098256088939,0.0895455792497667,8.55591655467352e-07,0.286930616508218,0.45016577774123,0.000479502992559833,0.000479502992559833,0.737575897242008
482.6,1008.72282464608,NaN,394.000647962638,13.001249679219,NaN,0.403098253195468,0.0895455840478928,8.57021545612425e-07,0.286875594493484,0.45012646831426,0.000480316178282274,0.000480316178282274,0.737482378986027
482.7,1008.83103940587,NaN,394.000649045556,13.0012517677701,NaN,0.403098250297092,0.0895455888541533,8.58453859885166e-07,0.286820579458202,0.450087151223633,0.000481130480076234,0.000481130480076234,0.737388861161912
482.8,1008.93924043935,NaN,394.00065013031,13.0012538598606,NaN,0.403098247393804,0.0895455936685591,8.59888601569765e-07,0.286765571402345,0.450047826471431,0.000481945871578615,0.000481945871578615,0.737295343745355
482.9,1009.04742774655,NaN,394.000651216902,13.0012559554956,NaN,0.403098244485597,0.0895455984911214,8.61325773953479e-07,0.286710570325884,0.45000849405974,0.000482762361576583,0.000482762361576583,0.737201826747201
483,1009.15560132755,NaN,394.000652305334,13.0012580546797,NaN,0.403098241572464,0.0895456033218512,8.62765380326637e-07,0.28665557622879,0.449969153990646,0.000483579976434304,0.000483579976434304,0.73710831019587
483.1,1009.26376118241,NaN,394.000653395608,13.0012601574177,NaN,0.4030982386544,0.0895456081607595,8.64207423982633e-07,0.286600589111035,0.449929806266234,0.000484398680999912,0.000484398680999912,0.737014794058269
483.2,1009.37190731117,NaN,394.000654487728,13.0012622637145,NaN,0.403098235731397,0.0895456130078574,8.65651908217933e-07,0.28654560897259,0.449890450888594,0.000485218510425005,0.000485218510425005,0.736921278371608
483.3,1009.48003971391,NaN,394.000655581696,13.001264373575,NaN,0.403098232803448,0.0895456178631559,8.67098836332069e-07,0.286490635813425,0.449851087859813,0.000486039420770557,0.000486039420770557,0.736827763094008
483.4,1009.58815839068,NaN,394.000656677514,13.0012664870037,NaN,0.403098229870548,0.0895456227266662,8.68548211627642e-07,0.286435669633511,0.449811717181982,0.000486861464763559,0.000486861464763559,0.736734248280257
483.5,1009.69626334155,NaN,394.000657775184,13.0012686040057,NaN,0.403098226932689,0.0895456275983993,8.70000037410322e-07,0.286380710432818,0.449772338857191,0.000487684616040382,0.000487684616040382,0.73664073390605
483.6,1009.80435456656,NaN,394.00065887471,13.0012707245858,NaN,0.403098223989864,0.0895456324783663,8.71454316988848e-07,0.286325758211317,0.449732952887533,0.000488508865813059,0.000488508865813059,0.736547219964662
483.7,1009.9124320658,NaN,394.000659976093,13.0012728487488,NaN,0.403098221042068,0.0895456373665784,8.72911053675029e-07,0.286270812968976,0.449693559275098,0.000489334240445218,0.000489334240445218,0.73645370648452
483.8,1010.02049583931,NaN,394.000661079337,13.0012749764993,NaN,0.403098218089292,0.0895456422630467,8.74370250783737e-07,0.286215874705766,0.449654158021982,0.00049016072236174,0.00049016072236174,0.736360193450111
483.9,1010.12854588716,NaN,394.000662184443,13.0012771078425,NaN,0.403098215131531,0.0895456471677822,8.75831911632919e-07,0.286160943421657,0.44961474913028,0.000490988320349778,0.000490988320349778,0.736266680872287
484,1010.23658220941,NaN,394.000663291415,13.0012792427831,NaN,0.403098212168778,0.0895456520807963,8.77296039543587e-07,0.286106019116617,0.449575332602086,0.000491817034409603,0.000491817034409603,0.736173168753112
484.1,1010.34460480613,NaN,394.000664400254,13.0012813813259,NaN,0.403098209201026,0.0895456570020999,8.78762637839823e-07,0.286051101790614,0.449535908439497,0.000492646864541215,0.000492646864541215,0.736079657094652
484.2,1010.45261367738,NaN,394.000665510964,13.0012835234757,NaN,0.403098206228268,0.0895456619317043,8.80231709848779e-07,0.285996191443619,0.44949647664461,0.00049347781074434,0.00049347781074434,0.735986145898974
484.3,1010.56060882322,NaN,394.000666623547,13.0012856692375,NaN,0.403098203250498,0.0895456668696206,8.8170325890067e-07,0.285941288075599,0.449457037219525,0.000494309873019801,0.000494309873019801,0.735892635168144
484.4,1010.66859024372,NaN,394.000667738004,13.0012878186161,NaN,0.403098200267708,0.08954567181586,8.83177288328786e-07,0.285886391686523,0.44941759016634,0.000495143068942708,0.000495143068942708,0.735799124921806
484.5,1010.77655793894,NaN,394.00066885434,13.0012899716164,NaN,0.403098197279893,0.0895456767704338,8.84653801469482e-07,0.285831502276358,0.449378135487157,0.000495977372149435,0.000495977372149435,0.735705615135665
484.6,1010.88451190895,NaN,394.000669972556,13.0012921282431,NaN,0.403098194287044,0.0895456817333531,8.86132801662184e-07,0.285776619845073,0.449338673184075,0.000496812800215917,0.000496812800215917,0.735612105829365
484.7,1010.99245215382,NaN,394.000671092655,13.0012942885013,NaN,0.403098191289157,0.0895456867046292,8.87614292249384e-07,0.285721744392635,0.449299203259199,0.000497649353141876,0.000497649353141876,0.735518597004976
484.8,1011.10037867361,NaN,394.000672214639,13.0012964523958,NaN,0.403098188286223,0.0895456916842732,8.89098276576643e-07,0.285666875919011,0.449259725714631,0.000498487022140175,0.000498487022140175,0.735425088655783
484.9,1011.20829146839,NaN,394.000673338511,13.0012986199315,NaN,0.403098185278236,0.0895456966722964,8.90584757992593e-07,0.285612014424169,0.449220240552476,0.000499325833573885,0.000499325833573885,0.735331580810219
485,1011.31619053822,NaN,394.000674464274,13.0013007911132,NaN,0.403098182265189,0.0895457016687101,8.92073739848932e-07,0.285557159908075,0.449180747774838,0.000500165752291415,0.000500165752291415,0.735238073435205
485.1,1011.42407588317,NaN,394.00067559193,13.0013029659458,NaN,0.403098179247076,0.0895457066735255,8.93565225500428e-07,0.285502312370696,0.449141247383825,0.000501006804656666,0.000501006804656666,0.735144566559178
485.2,1011.53194750332,NaN,394.000676721481,13.0013051444343,NaN,0.403098176223889,0.0895457116867539,8.95059218304917e-07,0.285447471811998,0.449101739381542,0.00050184899066936,0.00050184899066936,0.73505106018421
485.3,1011.63980539873,NaN,394.00067785293,13.0013073265835,NaN,0.403098173195622,0.0895457167084065,8.96555721623304e-07,0.285392638231949,0.449062223770099,0.000502692292754397,0.000502692292754397,0.734957554294802
485.4,1011.74764956946,NaN,394.00067898628,13.0013095123984,NaN,0.403098170162269,0.0895457217384947,8.98054738819562e-07,0.285337811630513,0.449022700551605,0.000503536737274844,0.000503536737274844,0.734864048919392
485.5,1011.8554800156,NaN,394.000680121534,13.0013117018838,NaN,0.403098167123821,0.0895457267770297,8.99556273260732e-07,0.285282992007656,0.448983169728169,0.000504382306655045,0.000504382306655045,0.73477054404248
485.6,1011.9632967372,NaN,394.000681258693,13.0013138950448,NaN,0.403098164080273,0.0895457318240229,9.01060328316926e-07,0.285228179363344,0.448943631301903,0.000505229018470933,0.000505229018470933,0.734677039683718
485.7,1012.07109973435,NaN,394.00068239776,13.0013160918861,NaN,0.403098161031617,0.0895457368794855,9.02566907361324e-07,0.285173373697542,0.448904085274919,0.000506076846358327,0.000506076846358327,0.73458353581882
485.8,1012.1788890071,NaN,394.000683538738,13.0013182924127,NaN,0.403098157977847,0.0895457419434289,9.04076013770172e-07,0.285118575010216,0.448864531649329,0.000506925816681971,0.000506925816681971,0.734490032476228
485.9,1012.28666455553,NaN,394.000684681629,13.0013204966296,NaN,0.403098154918956,0.0895457470158645,9.05587650922785e-07,0.28506378330133,0.448824970427248,0.000507775920653055,0.000507775920653055,0.734396529649232
486,1012.39442637972,NaN,394.000685826437,13.0013227045416,NaN,0.403098151854937,0.0895457520968036,9.07101822201551e-07,0.285008998570849,0.448785401610791,0.00050862715827186,0.00050862715827186,0.734303027339912
486.1,1012.50217447973,NaN,394.000686973163,13.0013249161537,NaN,0.403098148785783,0.0895457571862575,9.08618530991922e-07,0.284954220818737,0.448745825202074,0.000509479547114319,0.000509479547114319,0.734209525567925
486.2,1012.60990885564,NaN,394.00068812181,13.001327131471,NaN,0.403098145711487,0.0895457622842377,9.10137780682421e-07,0.284899450044958,0.448706241203212,0.000510333060816248,0.000510333060816248,0.734116024308987
486.3,1012.71762950753,NaN,394.00068927238,13.0013293504982,NaN,0.403098142632043,0.0895457673907554,9.11659574664638e-07,0.284844686249477,0.448666649616325,0.000511187716954432,0.000511187716954432,0.734022523582756
486.4,1012.82533643545,NaN,394.000690424877,13.0013315732403,NaN,0.403098139547444,0.0895457725058222,9.13183916333231e-07,0.284789929432257,0.44862705044353,0.000512043506740054,0.000512043506740054,0.733929023382527
486.5,1012.9330296395,NaN,394.000691579303,13.0013337997023,NaN,0.403098136457682,0.0895457776294493,9.14710809085929e-07,0.284735179593261,0.448587443686948,0.000512900456537296,0.000512900456537296,0.733835523736746
486.6,1013.04070911973,NaN,394.00069273566,13.0013360298892,NaN,0.403098133362751,0.0895457827616482,9.1624025632353e-07,0.284680436732453,0.448547829348699,0.000513758531194293,0.000513758531194293,0.733742024612346
486.7,1013.14837487624,NaN,394.00069389395,13.0013382638059,NaN,0.403098130262644,0.0895457879024304,9.17772261449898e-07,0.284625700849796,0.448508207430904,0.000514617748286691,0.000514617748286691,0.733648526028987
486.8,1013.25602690909,NaN,394.000695054178,13.0013405014574,NaN,0.403098127157354,0.0895457930518072,9.19306827871966e-07,0.284570971945252,0.448468577935688,0.000515478125391282,0.000515478125391282,0.733555028006331
486.9,1013.36366521836,NaN,394.000696216344,13.0013427428488,NaN,0.403098124046875,0.0895457982097902,9.20843958999737e-07,0.284516250018785,0.448428940865172,0.000516339636143309,0.000516339636143309,0.7334615305201
487,1013.47128980412,NaN,394.000697380452,13.0013449879848,NaN,0.403098120931198,0.0895458033763906,9.22383658246281e-07,0.284461535070356,0.448389296221481,0.000517202289331022,0.000517202289331022,0.733368033581169
487.1,1013.57890066646,NaN,394.000698546504,13.0013472368705,NaN,0.403098117810318,0.0895458085516202,9.23925929027738e-07,0.284406827099928,0.448349644006741,0.000518066102530358,0.000518066102530358,0.7332745372092
487.2,1013.68649780544,NaN,394.000699714504,13.001349489511,NaN,0.403098114684227,0.0895458137354901,9.25470774763319e-07,0.284352126107463,0.448309984223078,0.000518931066953059,0.000518931066953059,0.733181041397494
487.3,1013.79408122116,NaN,394.000700884452,13.0013517459112,NaN,0.403098111552919,0.0895458189280121,9.27018198875295e-07,0.284297432092922,0.44827031687262,0.000519797165024057,0.000519797165024057,0.733087546130566
487.4,1013.90165091367,NaN,394.000702056353,13.001354006076,NaN,0.403098108416386,0.0895458241291976,9.28568204789015e-07,0.284242745056267,0.448230641957495,0.000520664414318422,0.000520664414318422,0.73299405142808
487.5,1014.00920688307,NaN,394.000703230208,13.0013562700106,NaN,0.403098105274622,0.089545829339058,9.30120795932892e-07,0.284188064997458,0.448190959479831,0.000521532832412375,0.000521532832412375,0.732900557309702
487.6,1014.11674912944,NaN,394.00070440602,13.0013585377198,NaN,0.40309810212762,0.0895458345576049,9.31675975738408e-07,0.284133391916458,0.44815126944176,0.000522402384154049,0.000522402384154049,0.732807063742372
487.7,1014.22427765284,NaN,394.000705583792,13.0013608092087,NaN,0.403098098975373,0.0895458397848498,9.33233747640116e-07,0.284078725813226,0.448111571845412,0.00052327310469502,0.00052327310469502,0.732713570763334
487.8,1014.33179245336,NaN,394.000706763527,13.0013630844824,NaN,0.403098095817873,0.0895458450208043,9.34794115075634e-07,0.284024066687724,0.44807186669292,0.000524144976460226,0.000524144976460226,0.732620078357104
487.9,1014.43929353109,NaN,394.000707945226,13.0013653635458,NaN,0.403098092655114,0.0895458502654798,9.36357081485649e-07,0.283969414539911,0.448032153986416,0.000525017999448797,0.000525017999448797,0.732526586525776
488,1014.5467808861,NaN,394.000709128893,13.0013676464039,NaN,0.403098089487088,0.0895458555188881,9.3792265031392e-07,0.283914769369748,0.447992433728035,0.000525892173661022,0.000525892173661022,0.732433095271444
488.1,1014.65425451847,NaN,394.00071031453,13.0013699330618,NaN,0.40309808631379,0.0895458607810405,9.39490825007272e-07,0.283860131177195,0.447952705919911,0.000526767516672835,0.000526767516672835,0.732339604613779
488.2,1014.76171442829,NaN,394.00071150214,13.0013722235246,NaN,0.403098083135212,0.0895458660519487,9.41061609015599e-07,0.28380549996221,0.447912970564181,0.000527644019695977,0.000527644019695977,0.732246114546087
488.3,1014.86916061564,NaN,394.000712691725,13.0013745177972,NaN,0.403098079951346,0.0895458713316243,9.42635005791863e-07,0.283750875724755,0.44787322766298,0.000528521673943358,0.000528521673943358,0.732152625061679
488.4,1014.97659308059,NaN,394.000713883289,13.0013768158847,NaN,0.403098076762187,0.0895458766200789,9.44211018792096e-07,0.283696258464787,0.447833477218448,0.000529400496990035,0.000529400496990035,0.732059136180225
488.5,1015.08401182324,NaN,394.000715076833,13.001379117792,NaN,0.403098073567726,0.089545881917324,9.45789651475397e-07,0.283641648182266,0.447793719232722,0.000530280471260367,0.000530280471260367,0.731965647886249
488.6,1015.19141684366,NaN,394.00071627236,13.0013814235244,NaN,0.403098070367957,0.0895458872233714,9.47370907303935e-07,0.28358704487715,0.447753953707943,0.000531161623118253,0.000531161623118253,0.731872160208212
488.7,1015.29880814194,NaN,394.000717469873,13.0013837330868,NaN,0.403098067162873,0.0895458925382326,9.48954789742948e-07,0.283532448549399,0.447714180646251,0.000532043926199498,0.000532043926199498,0.731778673121849
488.8,1015.40618571817,NaN,394.000718669375,13.0013860464843,NaN,0.403098063952467,0.0895458978619193,9.50541302260739e-07,0.28347785919897,0.447674400049787,0.000532927398080922,0.000532927398080922,0.731685186646838
488.9,1015.51354957242,NaN,394.000719870868,13.0013883637219,NaN,0.403098060736732,0.0895459031944431,9.52130448328684e-07,0.28342327682582,0.447634611920695,0.000533812038761639,0.000533812038761639,0.731591700785277
489,1015.62089970479,NaN,394.000721074354,13.0013906848048,NaN,0.403098057515661,0.0895459085358156,9.53722231421225e-07,0.28336870142991,0.447594816261117,0.000534697848241944,0.000534697848241944,0.731498215539268
489.1,1015.72823611536,NaN,394.000722279837,13.001393009738,NaN,0.403098054289246,0.0895459138860486,9.55316655015875e-07,0.283314133011195,0.447555013073198,0.000535584817733871,0.000535584817733871,0.731404730902126
489.2,1015.83555880422,NaN,394.000723487319,13.0013953385265,NaN,0.403098051057481,0.0895459192451537,9.56913722593213e-07,0.283259571569633,0.447515202359083,0.000536472964813054,0.000536472964813054,0.731311246893528
489.3,1015.94286777144,NaN,394.000724696803,13.0013976711755,NaN,0.403098047820359,0.0895459246131427,9.58513437636887e-07,0.283205017105181,0.447475384120918,0.000537362271904454,0.000537362271904454,0.731217763498004
489.4,1016.05016301713,NaN,394.000725908291,13.00140000769,NaN,0.403098044577873,0.0895459299900271,9.60115803633614e-07,0.283150469617797,0.447435558360852,0.000538252765371078,0.000538252765371078,0.73112428074402
489.5,1016.15744454136,NaN,394.000727121785,13.0014023480751,NaN,0.403098041330015,0.0895459353758188,9.61720824073182e-07,0.283095929107436,0.447395725081031,0.000539144418849324,0.000539144418849324,0.731030798607316
489.6,1016.26471234423,NaN,394.00072833729,13.0014046923359,NaN,0.403098038076778,0.0895459407705294,9.63328502448442e-07,0.283041395574056,0.447355884283606,0.000540037249915124,0.000540037249915124,0.730937317107577
489.7,1016.37196642582,NaN,394.000729554806,13.0014070404775,NaN,0.403098034818156,0.0895459461741707,9.64938842255321e-07,0.282986869017612,0.447316035970725,0.000540931249780212,0.000540931249780212,0.730843836238117
489.8,1016.47920678622,NaN,394.000730774338,13.001409392505,NaN,0.403098031554142,0.0895459515867544,9.66551846992807e-07,0.282932349438061,0.447276180144541,0.000541826436021423,0.000541826436021423,0.730750356018623
489.9,1016.58643342552,NaN,394.000731995886,13.0014117484236,NaN,0.403098028284727,0.0895459570082923,9.68167520162961e-07,0.282877836835358,0.447236316807204,0.000542722791061921,0.000542722791061921,0.730656876433625
490,1016.69364634381,NaN,394.000733219455,13.0014141082382,NaN,0.403098025009906,0.0895459624387961,9.69785865270913e-07,0.28282333120946,0.447196445960868,0.000543620323689974,0.000543620323689974,0.730563397494018
490.1,1016.80084554118,NaN,394.000734445047,13.0014164719541,NaN,0.403098021729671,0.0895459678782776,9.7140688582486e-07,0.28276883256032,0.447156567607687,0.000544519042693549,0.000544519042693549,0.730469919210701
490.2,1016.90803101772,NaN,394.000735672664,13.0014188395764,NaN,0.403098018444015,0.0895459733267486,9.73030585336068e-07,0.282714340887895,0.447116681749816,0.00054541893049641,0.00054541893049641,0.730376441568207
490.3,1017.01520277352,NaN,394.00073690231,13.0014212111102,NaN,0.40309801515293,0.0895459787842209,9.74656967318871e-07,0.28265985619214,0.447076788389409,0.000546319995887431,0.000546319995887431,0.730282964577436
490.4,1017.12236080868,NaN,394.000738133986,13.0014235865605,NaN,0.403098011856411,0.0895459842507062,9.76286035290671e-07,0.282605378473008,0.447036887528624,0.000547222256441637,0.000547222256441637,0.730189488258074
490.5,1017.22950512328,NaN,394.000739367695,13.0014259659327,NaN,0.403098008554449,0.0895459897262165,9.77917792771942e-07,0.282550907730454,0.446996979169618,0.000548125694583399,0.000548125694583399,0.730096012594656
490.6,1017.33663571742,NaN,394.000740603441,13.0014283492316,NaN,0.403098005247037,0.0895459952107634,9.79552243286223e-07,0.282496443964433,0.44695706331455,0.000549030310312715,0.000549030310312715,0.730002537589296
490.7,1017.44375259119,NaN,394.000741841225,13.0014307364627,NaN,0.403098001934169,0.0895460007043589,9.81189390360125e-07,0.282441987174899,0.446917139965579,0.000549936112417248,0.000549936112417248,0.729909063252895
490.8,1017.55085574469,NaN,394.000743081051,13.0014331276309,NaN,0.403097998615837,0.0895460062070148,9.82829237523322e-07,0.282387537361804,0.446877209124865,0.00055084310968588,0.00055084310968588,0.729815589596355
490.9,1017.657945178,NaN,394.000744322921,13.0014355227414,NaN,0.403097995292034,0.089546011718743,9.84471788308562e-07,0.282333094525104,0.44683727079457,0.000551751284541761,0.000551751284541761,0.729722116604216
491,1017.76502089122,NaN,394.000745566838,13.0014379217995,NaN,0.403097991962753,0.0895460172395553,9.8611704625166e-07,0.282278658664751,0.446797324976856,0.000552660654561132,0.000552660654561132,0.729628644296168
491.1,1017.87208288444,NaN,394.000746812804,13.0014403248101,NaN,0.403097988627987,0.0895460227694635,9.877650148915e-07,0.282224229780698,0.446757371673885,0.000553571202168057,0.000553571202168057,0.729535172656751
491.2,1017.97913115777,NaN,394.000748060822,13.0014427317786,NaN,0.403097985287728,0.0895460283084796,9.89415697770033e-07,0.282169807872898,0.446717410887823,0.000554482944938163,0.000554482944938163,0.729441701705659
491.3,1018.08616571129,NaN,394.000749310895,13.0014451427101,NaN,0.40309798194197,0.0895460338566155,9.91069098432278e-07,0.282115392941303,0.446677442620834,0.000555395874084406,0.000555395874084406,0.729348231436221
491.4,1018.19318654511,NaN,394.000750563026,13.0014475576096,NaN,0.403097978590705,0.0895460394138831,9.92725220426326e-07,0.282060984985866,0.446637466875083,0.000556310007181797,0.000556310007181797,0.729254761868131
491.5,1018.30019365931,NaN,394.000751817216,13.0014499764826,NaN,0.403097975233926,0.0895460449802943,9.94384067303335e-07,0.28200658400654,0.446597483652739,0.00055722532665471,0.00055722532665471,0.729161292985934
491.6,1018.407187054,NaN,394.00075307347,13.001452399334,NaN,0.403097971871625,0.089546050555861,9.9604564261753e-07,0.281952190003276,0.446557492955968,0.000558141841291111,0.000558141841291111,0.729067824800535
491.7,1018.51416672927,NaN,394.000754331789,13.0014548261692,NaN,0.403097968503797,0.0895460561405951,9.97709949926207e-07,0.281897802976025,0.44651749478694,0.000559059542302723,0.000559059542302723,0.728974357305267
491.8,1018.62113268522,NaN,394.000755592176,13.0014572569932,NaN,0.403097965130433,0.0895460617345087,9.99376992789728e-07,0.28184342292474,0.446477489147823,0.000559978447266412,0.000559978447266412,0.72888089051983
491.9,1018.72808492195,NaN,394.000756854635,13.0014596918113,NaN,0.403097961751526,0.0895460673376136,1.00104677477153e-06,0.281789049849371,0.446437476040789,0.000560898547393279,0.000560898547393279,0.728787424437553
492,1018.83502343956,NaN,394.000758119167,13.0014621306287,NaN,0.403097958367069,0.0895460729499218,1.0027192994381e-06,0.28173468374987,0.446397455468009,0.000561819851471601,0.000561819851471601,0.72869395906935
492.1,1018.94194823814,NaN,394.000759385775,13.0014645734506,NaN,0.403097954977055,0.0895460785714453,1.00439457035903e-06,0.281680324626187,0.446357427431656,0.000562742341925445,0.000562742341925445,0.728600494399768
492.2,1019.0488593178,NaN,394.000760654462,13.0014670202822,NaN,0.403097951581476,0.0895460842021962,1.00607259110694e-06,0.281625972478273,0.446317391933902,0.000563666045118399,0.000563666045118399,0.728507030457293
492.3,1019.15575667863,NaN,394.000761925231,13.0014694711287,NaN,0.403097948180326,0.0895460898421863,1.00775336525753e-06,0.281571627306078,0.446277348976922,0.000564590943475467,0.000564590943475467,0.728413567226476
492.4,1019.26264032073,NaN,394.000763198085,13.0014719259954,NaN,0.403097944773597,0.0895460954914277,1.0094368963896e-06,0.281517289109553,0.446237298562891,0.000565517045783677,0.000565517045783677,0.728320104718228
492.5,1019.36951024422,NaN,394.000764473025,13.0014743848874,NaN,0.403097941361281,0.0895461011499324,1.01112318808498e-06,0.281462957888647,0.446197240693986,0.000566444343255376,0.000566444343255376,0.728226642925889
492.6,1019.47636644918,NaN,394.000765750056,13.0014768478099,NaN,0.403097937943372,0.0895461068177126,1.01281224392857e-06,0.28140863364331,0.446157175372383,0.000567372862254464,0.000567372862254464,0.728133181877948
492.7,1019.58320893572,NaN,394.000767029179,13.0014793147683,NaN,0.403097934519863,0.08954611249478,1.01450406750838e-06,0.281354316373491,0.446117102600261,0.000568302567628758,0.000568302567628758,0.728039721541381
492.8,1019.69003770394,NaN,394.000768310397,13.0014817857678,NaN,0.403097931090746,0.089546118181147,1.01619866241543e-06,0.28130000607914,0.446077022379798,0.000569233485743105,0.000569233485743105,0.72794626194468
492.9,1019.79685275394,NaN,394.000769593713,13.0014842608136,NaN,0.403097927656013,0.0895461238768254,1.01789603224385e-06,0.281245702760205,0.446036934713173,0.000570165625384526,0.000570165625384526,0.727852803098763
493,1019.90365408583,NaN,394.00077087913,13.0014867399109,NaN,0.403097924215658,0.0895461295818274,1.01959618059084e-06,0.281191406416636,0.445996839602569,0.000571098951401469,0.000571098951401469,0.727759344970607
493.1,1020.01044169972,NaN,394.000772166651,13.001489223065,NaN,0.403097920769673,0.089546135296165,1.02129911105663e-06,0.281137117048381,0.445956737050166,0.000572033498945801,0.000572033498945801,0.727665887597493
493.2,1020.11721559569,NaN,394.000773456278,13.0014917102811,NaN,0.403097917318051,0.0895461410198504,1.02300482724456e-06,0.281082834655388,0.445916627058147,0.000572969250441588,0.000572969250441588,0.727572430963977
493.3,1020.22397577387,NaN,394.000774748013,13.0014942015644,NaN,0.403097913860784,0.0895461467528957,1.02471333276102e-06,0.281028559237605,0.445876509628695,0.000573906223464445,0.000573906223464445,0.727478975089765
493.4,1020.33072223435,NaN,394.00077604186,13.0014966969205,NaN,0.403097910397866,0.0895461524953129,1.02642463121547e-06,0.280974290794981,0.445836384763995,0.000574844400439396,0.000574844400439396,0.727385519959416
493.5,1020.43745497723,NaN,394.000777337822,13.0014991963542,NaN,0.403097906929289,0.0895461582471141,1.02813872622044e-06,0.280920029327462,0.445796252466232,0.00057578379015345,0.00057578379015345,0.727292065583848
493.6,1020.54417400264,NaN,394.0007786359,13.0015016998712,NaN,0.403097903455046,0.0895461640083116,1.02985562139153e-06,0.280865774834996,0.445756112737593,0.000576724401394893,0.000576724401394893,0.727198611973984
493.7,1020.65087931066,NaN,394.000779936099,13.0015042074764,NaN,0.403097899975129,0.0895461697789174,1.0315753203474e-06,0.280811527317531,0.445715965580265,0.00057766621658747,0.00057766621658747,0.727105159114383
493.8,1020.75757090141,NaN,394.00078123842,13.0015067191754,NaN,0.403097896489531,0.0895461755589438,1.03329782670979e-06,0.280757286775013,0.445675810996434,0.000578609262096045,0.000578609262096045,0.727011707033543
493.9,1020.86424877499,NaN,394.000782542866,13.0015092349734,NaN,0.403097892998245,0.0895461813484028,1.0350231441035e-06,0.280703053207389,0.445635648988292,0.000579553520343721,0.000579553520343721,0.726918255716024
494,1020.97091293152,NaN,394.000783849441,13.0015117548755,NaN,0.403097889501263,0.0895461871473067,1.03675127615642e-06,0.280648826614605,0.445595479558027,0.00058049899133082,0.00058049899133082,0.726824805163963
494.1,1021.07756337109,NaN,394.000785158146,13.0015142788872,NaN,0.403097885998578,0.0895461929556676,1.03848222649946e-06,0.280594606996608,0.44555530270783,0.000581445692633275,0.000581445692633275,0.726731355397072
494.2,1021.18420009382,NaN,394.000786468984,13.0015168070137,NaN,0.403097882490183,0.0895461987734976,1.04021599876666e-06,0.280540394353345,0.445515118439893,0.000582393606675152,0.000582393606675152,0.726637906399913
494.3,1021.29082309983,NaN,394.000787781959,13.0015193392603,NaN,0.40309787897607,0.0895462046008092,1.04195259659508e-06,0.280486188684759,0.445474926756409,0.000583342742244094,0.000583342742244094,0.726544458183413
494.4,1021.3974323892,NaN,394.000789097073,13.0015218756324,NaN,0.403097875456232,0.0895462104376144,1.04369202362488e-06,0.280431989990798,0.445434727659571,0.000584293108129039,0.000584293108129039,0.726451010758498
494.5,1021.50402796206,NaN,394.000790414329,13.0015244161352,NaN,0.403097871930661,0.0895462162839254,1.04543428349926e-06,0.280377798271406,0.445394521151574,0.000585244686753083,0.000585244686753083,0.726357564109734
494.6,1021.61060981852,NaN,394.00079173373,13.0015269607741,NaN,0.403097868399351,0.0895462221397546,1.04717937986452e-06,0.28032361352653,0.445354307234613,0.000586197495692483,0.000586197495692483,0.726264118256835
494.7,1021.71717795869,NaN,394.000793055277,13.0015295095544,NaN,0.403097864862294,0.0895462280051141,1.04892731637e-06,0.280269435756112,0.445314085910885,0.000587151534947239,0.000587151534947239,0.726170673201944
494.8,1021.82373238267,NaN,394.000794378975,13.0015320624814,NaN,0.403097861319482,0.0895462338800162,1.05067809666813e-06,0.280215264960099,0.445273857182585,0.000588106795729057,0.000588106795729057,0.726077228938414
494.9,1021.93027309058,NaN,394.000795704826,13.0015346195605,NaN,0.403097857770908,0.0895462397644731,1.0524317244144e-06,0.280161101138435,0.445233621051914,0.000589063286826884,0.000589063286826884,0.725983785477176
495,1022.03680008254,NaN,394.000797032832,13.001537180797,NaN,0.403097854216564,0.0895462456584973,1.05418820326736e-06,0.280106944291064,0.445193377521069,0.000590020999451774,0.000590020999451774,0.725890342811585
495.1,1022.14331335864,NaN,394.000798362997,13.0015397461961,NaN,0.403097850656444,0.0895462515621008,1.05594753688864e-06,0.28005279441793,0.445153126592251,0.000590979951179986,0.000590979951179986,0.725796900961361
495.2,1022.24981291902,NaN,394.000799695322,13.0015423157634,NaN,0.40309784709054,0.0895462574752961,1.05770972894294e-06,0.279998651518976,0.44511286826766,0.000591940133223555,0.000591940133223555,0.72570345991986
495.3,1022.35629876377,NaN,394.000801029812,13.0015448895041,NaN,0.403097843518844,0.0895462633980954,1.05947478309802e-06,0.279944515594147,0.445072602549498,0.00059290154558215,0.00059290154558215,0.725610019689228
495.4,1022.46277089302,NaN,394.000802366468,13.0015474674235,NaN,0.403097839941349,0.0895462693305111,1.06124270302472e-06,0.279890386643386,0.445032329439968,0.000593864188256759,0.000593864188256759,0.725516580271611
495.5,1022.56922930687,NaN,394.000803705294,13.001550049527,NaN,0.403097836358047,0.0895462752725555,1.06301349239694e-06,0.279836264666635,0.444992048941274,0.000594828070034362,0.000594828070034362,0.725423141677943
495.6,1022.67567400545,NaN,394.000805046292,13.0015526358201,NaN,0.403097832768931,0.0895462812242408,1.06478715489164e-06,0.279782149663838,0.444951761055619,0.000595793182127321,0.000595793182127321,0.725329703901585
495.7,1022.78210498887,NaN,394.000806389465,13.001555226308,NaN,0.403097829173995,0.0895462871855796,1.06656369418887e-06,0.279728041634937,0.44491146578521,0.000596759533323602,0.000596759533323602,0.72523626695347
495.8,1022.88852225723,NaN,394.000807734816,13.0015578209961,NaN,0.403097825573229,0.0895462931565841,1.06834311397173e-06,0.279673940579874,0.444871163132251,0.000597727114834908,0.000597727114834908,0.725142830826961
495.9,1022.99492581067,NaN,394.000809082347,13.0015604198898,NaN,0.403097821966627,0.0895462991372667,1.07012541792641e-06,0.279619846498593,0.444830853098952,0.000598695953026133,0.000598695953026133,0.725049395550571
496,1023.10131564929,NaN,394.000810432062,13.0015630229944,NaN,0.403097818354181,0.0895463051276398,1.07191060974213e-06,0.279565759391034,0.444790535687519,0.000599666003956449,0.000599666003956449,0.72495596108251
496.1,1023.20769177322,NaN,394.000811783963,13.0015656303155,NaN,0.403097814735884,0.0895463111277157,1.07369869311122e-06,0.27951167925714,0.444750210900162,0.000600637320353988,0.000600637320353988,0.724862527477656
496.2,1023.31405418256,NaN,394.000813138054,13.0015682418584,NaN,0.403097811111728,0.0895463171375069,1.07548967172906e-06,0.279457606096852,0.44470987873909,0.000601609858278917,0.000601609858278917,0.724769094694222
496.3,1023.42040287744,NaN,394.000814494335,13.0015708576283,NaN,0.403097807481706,0.0895463231570258,1.0772835492941e-06,0.279403539910112,0.444669539206515,0.000602583652882767,0.000602583652882767,0.72467566276951
496.4,1023.52673785798,NaN,394.000815852812,13.0015734776308,NaN,0.40309780384581,0.0895463291862848,1.07908032950786e-06,0.279349480696859,0.444629192304648,0.000603558686590608,0.000603558686590608,0.724582231688098
496.5,1023.63305912429,NaN,394.000817213485,13.0015761018712,NaN,0.403097800204033,0.0895463352252963,1.08088001607492e-06,0.279295428457036,0.444588838035701,0.000604534959401438,0.000604534959401438,0.724488801452139
496.6,1023.7393666765,NaN,394.000818576359,13.001578730355,NaN,0.403097796556368,0.0895463412740728,1.08268261270295e-06,0.279241383190583,0.444548476401888,0.000605512488891525,0.000605512488891525,0.724395372081363
496.7,1023.84566051472,NaN,394.000819941436,13.0015813630875,NaN,0.403097792902806,0.0895463473326267,1.08448812310265e-06,0.27918734489744,0.444508107405424,0.000606491248696967,0.000606491248696967,0.724301943551561
496.8,1023.95194063907,NaN,394.000821308719,13.0015840000742,NaN,0.403097789243341,0.0895463534009705,1.08629655098784e-06,0.279133313577547,0.444467731048524,0.000607471265181328,0.000607471265181328,0.724208515891252
496.9,1024.05820704967,NaN,394.00082267821,13.0015866413205,NaN,0.403097785577964,0.0895463594791167,1.08810790007537e-06,0.279079289230845,0.444427347333404,0.000608452529557654,0.000608452529557654,0.724115089093806
497,1024.16445974665,NaN,394.000824049913,13.0015892868318,NaN,0.403097781906668,0.0895463655670777,1.08992217408518e-06,0.279025271857272,0.44438695626228,0.000609435050612898,0.000609435050612898,0.724021663170165
497.1,1024.27069873012,NaN,394.00082542383,13.0015919366136,NaN,0.403097778229447,0.0895463716648661,1.09173937674025e-06,0.278971261456769,0.444346557837371,0.000610418810771466,0.000610418810771466,0.723928238104912
497.2,1024.37692400022,NaN,394.000826799964,13.0015945906713,NaN,0.403097774546291,0.0895463777724942,1.09355951176666e-06,0.278917258029275,0.444306152060897,0.000611403827609289,0.000611403827609289,0.723834813917781
497.3,1024.48313555705,NaN,394.000828178318,13.0015972490102,NaN,0.403097770857194,0.0895463838899748,1.09538258289354e-06,0.278863261574728,0.444265738935075,0.000612390101126029,0.000612390101126029,0.723741390610929
497.4,1024.58933340074,NaN,394.000829558894,13.0015999116359,NaN,0.403097767162148,0.0895463900173202,1.09720859385311e-06,0.278809272093068,0.444225318462129,0.000613377622534739,0.000613377622534739,0.723647968177731
497.5,1024.69551753142,NaN,394.000830941696,13.0016025785539,NaN,0.403097763461146,0.089546396154543,1.09903754838063e-06,0.278755289584233,0.444184890644277,0.000614366391834398,0.000614366391834398,0.723554546620344
497.6,1024.80168794921,NaN,394.000832326727,13.0016052497695,NaN,0.403097759754179,0.0895464023016558,1.10086945021444e-06,0.278701314048161,0.444144455483745,0.000615356435389247,0.000615356435389247,0.723461125967295
497.7,1024.90784465423,NaN,394.000833713988,13.0016079252882,NaN,0.403097756041241,0.0895464084586711,1.10270430309596e-06,0.278647345484791,0.444104012982753,0.000616347718047419,0.000616347718047419,0.723367706185591
497.8,1025.01398764661,NaN,394.000835103484,13.0016106051155,NaN,0.403097752322324,0.0895464146256014,1.10454211076966e-06,0.27859338389406,0.444063563143528,0.000617340274960438,0.000617340274960438,0.723274287312548
497.9,1025.12011692647,NaN,394.000836495216,13.0016132892568,NaN,0.40309774859742,0.0895464208024594,1.1063828769831e-06,0.278539429275906,0.444023105968294,0.000618334070977465,0.000618334070977465,0.723180869315177
498,1025.22623249393,NaN,394.000837889188,13.0016159777177,NaN,0.403097744866521,0.0895464269892576,1.10822660548688e-06,0.278485481630266,0.443982641459276,0.00061932914124934,0.00061932914124934,0.723087452230792
498.1,1025.33233434914,NaN,394.000839285403,13.0016186705035,NaN,0.403097741129621,0.0895464331860087,1.1100733000347e-06,0.278431540957079,0.443942169618703,0.000620325476988437,0.000620325476988437,0.72299403605277
498.2,1025.4384224922,NaN,394.000840683863,13.0016213676197,NaN,0.403097737386711,0.0895464393927252,1.11192296438331e-06,0.27837760725628,0.443901690448801,0.000621323051830858,0.000621323051830858,0.722900620756911
498.3,1025.54449692324,NaN,394.000842084571,13.0016240690719,NaN,0.403097733637784,0.0895464456094198,1.11377560229253e-06,0.278323680527806,0.443861203951799,0.000622321918504057,0.000622321918504057,0.722807206398109
498.4,1025.65055764241,NaN,394.00084348753,13.0016267748656,NaN,0.403097729882832,0.089546451836105,1.11563121752525e-06,0.278269760771594,0.443820710129928,0.000623322024281269,0.000623322024281269,0.722713792925803
498.5,1025.75660464981,NaN,394.000844892743,13.0016294850062,NaN,0.403097726121847,0.0895464580727936,1.11748981384743e-06,0.278215847987581,0.443780208985417,0.000624323413101293,0.000624323413101293,0.722620380386099
498.6,1025.86263794558,NaN,394.000846300212,13.0016321994992,NaN,0.403097722354823,0.0895464643194981,1.11935139502809e-06,0.278161942175701,0.443739700520497,0.000625326058600573,0.000625326058600573,0.722526968754799
498.7,1025.96865752985,NaN,394.000847709942,13.0016349183501,NaN,0.403097718581751,0.0895464705762312,1.12121596483934e-06,0.278108043335892,0.443699184737402,0.000626329969567076,0.000626329969567076,0.722433558042862
498.8,1026.07466340275,NaN,394.000849121933,13.0016376415643,NaN,0.403097714802623,0.0895464768430056,1.12308352705635e-06,0.278054151468089,0.443658661638364,0.000627335154788421,0.000627335154788421,0.722340148261241
498.9,1026.1806555644,NaN,394.00085053619,13.0016403691476,NaN,0.403097711017433,0.089546483119834,1.12495408545733e-06,0.278000266572227,0.443618131225617,0.000628341605477686,0.000628341605477686,0.722246739403321
499,1026.28663401493,NaN,394.000851952716,13.0016431011054,NaN,0.403097707226172,0.0895464894067291,1.12682764382361e-06,0.277946388648241,0.443577593501396,0.000629349330421793,0.000629349330421793,0.722153331480059
499.1,1026.39259875449,NaN,394.000853371512,13.001645837443,NaN,0.403097703428833,0.0895464957037035,1.12870420593954e-06,0.277892517696066,0.443537048467937,0.000630358320833122,0.000630358320833122,0.722059924484837
499.2,1026.49854978319,NaN,394.000854792582,13.0016485781661,NaN,0.403097699625407,0.0895465020107699,1.13058377559256e-06,0.277838653715637,0.443496496127477,0.000631368594287609,0.000631368594287609,0.721966518437402
499.3,1026.60448710117,NaN,394.000856215928,13.0016513232803,NaN,0.403097695815889,0.0895465083279412,1.1324663565732e-06,0.277784796706889,0.443455936482253,0.000632380124421001,0.000632380124421001,0.721873113313563
499.4,1026.71041070856,NaN,394.000857641555,13.0016540727909,NaN,0.403097692000269,0.0895465146552299,1.13435195267501e-06,0.277730946669755,0.443415369534503,0.000633392937598252,0.000633392937598252,0.721779709141856
499.5,1026.81632060548,NaN,394.000859069464,13.0016568267037,NaN,0.403097688178539,0.0895465209926489,1.13624056769465e-06,0.277677103604171,0.443374795286467,0.000634407025030342,0.000634407025030342,0.721686305915668
499.6,1026.92221679209,NaN,394.000860499658,13.0016595850241,NaN,0.403097684350694,0.0895465273402109,1.13813220543183e-06,0.277623267510068,0.443334213740385,0.000635422395505588,0.000635422395505588,0.721592903645959
499.7,1027.0280992685,NaN,394.00086193214,13.0016623477577,NaN,0.403097680516724,0.0895465336979287,1.14002686968934e-06,0.277569438387382,0.443293624898499,0.000636439040236025,0.000636439040236025,0.721499502326117
499.8,1027.13396803485,NaN,394.000863366914,13.0016651149099,NaN,0.403097676676621,0.089546540065815,1.14192456427302e-06,0.277515616236045,0.443253028763049,0.000637456950433331,0.000637456950433331,0.721406101949527
499.9,1027.23982309128,NaN,394.000864803981,13.0016678864865,NaN,0.40309767283038,0.0895465464438827,1.1438252929918e-06,0.277461801055991,0.44321242533628,0.000638476161250436,0.000638476161250436,0.721312702553521
500,1027.34566443791,NaN,394.000866243346,13.0016706624929,NaN,0.40309766897799,0.0895465528321444,1.14572905965766e-06,0.277407992847152,0.443171814620434,0.000639496637534409,0.000639496637534409,0.72121930410512
